"","ID","logFC","AveExpr","t","P.Value","adj.P.Val","B"
"3917","Rvnt14",6.28692307955555,5.59405284192308,12.4593094810883,5.32357290663087e-10,2.80458098396588e-06,12.7051683429036
"2801","Rv3461c",-5.22077377830555,3.43274510023077,-11.924707366916,1.04648544177831e-09,2.80458098396588e-06,12.1255574804106
"4873",NA,-3.29159995005555,2.92701666307692,-9.78124117771553,2.04583940991817e-08,3.65523307905379e-05,9.48825842119849
"5062",NA,-2.36319642822222,3.04523546730769,-9.47424347754023,3.25477041070828e-08,3.69616060313031e-05,9.06504402450868
"279","Rv1228a",-3.83596165805556,3.25291655923077,-9.43660784487728,3.44791101038275e-08,3.69616060313031e-05,9.01231146923454
"155","Rv0108c",-3.23624641038889,1.92439383838462,-8.7563146042022,1.00550008507483e-07,8.68113304582938e-05,8.02613982534143
"2603","Rv3281",-2.21591923977778,3.66338844676923,-8.68213851209943,1.13373006195533e-07,8.68113304582938e-05,7.91474619890846
"5191",NA,-1.59056061641666,3.13709013392308,-8.5096529701264,1.50264234211104e-07,9.58509602222941e-05,7.65270434241226
"4786",NA,1.87820886547222,2.14991053907692,8.46795188376957,1.60943776492658e-07,9.58509602222941e-05,7.58871465024633
"4645",NA,-1.58794684519445,4.44941092784615,-8.11789941013349,2.88880670222974e-07,0.000154840039239514,7.04165501037868
"1636","Rv2428",-3.08617089877778,2.628814999,-7.92943042522359,3.98388293358158e-07,0.000187430061893148,6.73969138766205
"3818","Rvnt12",5.25795295233333,5.84876339869231,7.8992354725478,4.19619541551823e-07,0.000187430061893148,6.69082480348097
"4714",NA,-2.59559812602778,4.68292687546154,-7.63745538252046,6.61485660085334e-07,0.000272735626004415,6.26146765816706
"2209","Rv0288",-2.08396096263889,3.54583741484615,-7.53567250593268,7.91470371113076e-07,0.000303020084940435,6.09175344227432
"5244",NA,-1.84823395383333,4.59393758607692,-7.36188965034538,1.07857568304568e-06,0.000385411044074991,5.79837001463771
"4145",NA,-1.71863123141667,3.662031371,-7.11407840458802,1.68878716206881e-06,0.000565743699293052,5.37208870511676
"4287",NA,-1.55121718961111,2.52371376469231,-7.02033884669887,2.00527586865261e-06,0.000632251685645765,5.20840559682
"4897",NA,-1.53072475058333,4.48583822161538,-6.97642177948693,2.17421392099512e-06,0.000647432589807436,5.13126014378751
"4860",NA,-1.33688664583333,4.06139447684615,-6.93145496116743,2.36258891090319e-06,0.000650687668177706,5.05196680379416
"4146",NA,-4.03016491786111,5.57784978784615,-6.91672148746055,2.42793906036457e-06,0.000650687668177706,5.02591931844511
"3870","Rvnt02",2.72030978544444,3.52977559292308,6.72836080711828,3.45033990035128e-06,0.00088065818408966,4.69001048567863
"2742","Rv3407",-1.29702586808333,1.84742846715385,-6.67221633765203,3.83496053794466e-06,0.000934335840153791,4.58884663802015
"4932",NA,-1.89563552058333,2.88278340653846,-6.64618185937012,4.02817073862135e-06,0.000938738919956975,4.54177483524084
"1255","Rv2094c",-2.96803997283333,3.49940722523077,-6.57278299643953,4.62921471248981e-06,0.00103385795245606,4.4085154443578
"140","Rv1103c",-1.58334298711111,2.81307514046154,-6.49215986978657,5.39782615794161e-06,0.00115729392826268,4.26120673942168
"2232","Rv2957",-0.996521621027778,1.18158525246154,-6.46308386283162,5.70652942969456e-06,0.00117642299012165,4.20784225305
"222","Rv1177",-2.42308618822222,2.33620570476923,-6.40476811594176,6.38211707128492e-06,0.00126696842600323,4.10043236783744
"4041",NA,0.908962065166666,2.20455816623077,6.31245221411363,7.62602445995114e-06,0.00145983896804779,3.92936521065429
"3005","Rv3648c",-1.48237420925,1.65031519130769,-6.29260372889957,7.9248447027552e-06,0.00146472991747475,3.89242001000554
"4990",NA,-2.15535069444444,2.68962633261538,-6.21206340892942,9.26748603158658e-06,0.00162513316919118,3.7419106251281
"3345","Rv0412c",-0.870239625222223,2.28793098230769,-6.20482905783127,9.3990910904714e-06,0.00162513316919118,3.72834491602128
"5001",NA,-1.77233959905556,4.65828504569231,-6.17386490304244,9.98462322186142e-06,0.00167242438966179,3.6701952152594
"5193",NA,-2.02861270327778,3.33534105730769,-6.06707484784611,1.23105263176289e-05,0.00199952791098458,3.4685789174615
"3573","Rv0061c",-1.36261012919444,2.27602228069231,-5.95711170791096,1.52972091075955e-05,0.00241156002402093,3.25925963799875
"4943",NA,-1.01988435516667,2.70465293115385,-5.93912058390172,1.58530385935656e-05,0.00242777962461461,3.22484924384976
"4565",NA,-0.868805293222222,2.59639756638462,-5.89582857450319,1.7277724410934e-05,0.0025724611900724,3.14186074823096
"2391","Rv3096",-0.981287415361112,1.73606061823077,-5.83147731812257,1.96443478405102e-05,0.0028457757952739,3.01801847043792
"2969","Rv3616c",-1.81821614102778,2.12852183253846,-5.81491578560093,2.03059649980437e-05,0.00286420979972406,2.98605324489515
"1500","Rvnt24",3.87026404427778,5.26204807461539,5.76067052514519,2.26386796824816e-05,0.00311136725892568,2.88109081852367
"4140",NA,-1.79012921025,3.06868587076923,-5.7411871693383,2.35425779890815e-05,0.00315470545053691,2.84329306468455
"2645","Rv3317",-1.78968377988889,3.02010441738462,-5.60306096694119,3.11169855404439e-05,0.00406797664626291,2.57386203875778
"4379",NA,-2.15549391569444,2.09683123369231,-5.5825574100986,3.24391330266411e-05,0.00413985126244754,2.53365156126982
"839","Rvnt21",2.97471117833333,5.73469670715385,5.559010172741,3.40292006275451e-05,0.00424177942706143,2.48740417567405
"92","Rv1060",-0.993239651444444,1.52522599,-5.51628283743743,3.71226248203518e-05,0.00448205022784133,2.40330294125419
"5237",NA,-0.7362345625,1.57792336753846,-5.50545956971432,3.79512447181034e-05,0.00448205022784133,2.38196193232129
"4254",NA,-1.75919211852778,2.33705907284615,-5.49886596863254,3.84653564329667e-05,0.00448205022784133,2.36895350902469
"5002",NA,-1.31311697444444,3.05059658369231,-5.39021693370999,4.80500352120705e-05,0.00541948059220534,2.15381036267842
"3280","Rv3891c",-1.33102893663889,1.76363255623077,-5.3853526262433,4.85326620197493e-05,0.00541948059220534,2.14414379425821
"4760",NA,-1.20477732155556,5.45294252676923,-5.3372514384835,5.35821944396843e-05,0.00586123596319812,2.04839902686476
"1897","Rv2654c",1.54003706105556,3.35597135830769,5.27920273106234,6.04024304539568e-05,0.00647514054466417,1.93248182082297
"4922",NA,-1.164037501,3.48986066092308,-5.24969112405082,6.42056836315584e-05,0.00674789145617948,1.8733969323895
"1712","Rv0244c",-0.867594951916667,1.20223108523077,-5.20003139214421,7.11697852218108e-05,0.00727763865446887,1.77374484603866
"4099",NA,-1.18240840738889,3.70098221261538,-5.18830553553826,7.292449335052e-05,0.00727763865446887,1.75017324875552
"1684","Rv2468A",-2.05273867327778,3.82670985669231,-5.18570587571895,7.33194939069625e-05,0.00727763865446887,1.74494523192815
"4744",NA,-0.966323807444444,2.02991840684615,-5.06509271420074,9.42811034119189e-05,0.00918812207796155,1.50156019641047
"2974","Rv3620c",-0.763496574,2.37875564076923,-5.05348901564984,9.65978149152087e-05,0.00924579085616998,1.47806164525583
"244","Rv1197",-0.76683803875,2.16985595576923,-5.04300902573888,9.8740288830529e-05,0.00928505172160764,1.45682643411639
"4367",NA,-1.11399533463889,3.90533740038462,-4.9829669695329,0.000111988850812086,0.0103493144888411,1.33494444758554
"3996",NA,-1.11176917838889,2.53007588223077,-4.96042118915789,0.000117422051014624,0.0106674948040404,1.28908239253825
"4022",NA,-1.485307069,4.72960238869231,-4.9403944757344,0.000122474253033943,0.0109410332710323,1.24830181181179
"3232","Rv3847",-0.977868316611111,2.63004941984615,-4.90157386650623,0.000132910542916731,0.011678696885798,1.16913854945443
"5259",NA,-0.849705002444445,2.27696488361538,-4.87668688542701,0.000140075331972038,0.0121097383769374,1.11831225764379
"4706",NA,-2.11736698236111,2.26501155392308,-4.86041953577149,0.00014497086855973,0.0123340294520659,1.08505798290608
"916","Rv1792",-0.748642809555556,2.29679895615385,-4.84815635804308,0.00014877672450486,0.0124133600225568,1.05997281537233
"920","Rv1795",-0.802846330583334,2.11878980584615,-4.84259825413944,0.000150535149527275,0.0124133600225568,1.04859874316917
"1542","Rv2347c",-0.760102521555555,2.29651852538462,-4.82083162205256,0.000157628416449861,0.0127338725813107,1.00402834705009
"2595","Rv3273",-0.969563851694446,2.05589931753846,-4.81622343497252,0.000159173407266384,0.0127338725813107,0.994586874652268
"4663",NA,-1.02425510472222,2.28886898361538,-4.79086110183693,0.000167957803910658,0.0132390268964871,0.94258923226322
"719","Rv0157A",-1.64652807319444,2.19711995107692,-4.73544042890953,0.000188916766986761,0.0146752734934644,0.828770258483201
"804","RVnc0010",-1.04473766883333,4.76516574392308,-4.72026083072975,0.000195110205205319,0.0149398671414358,0.797549908622369
"4264",NA,-0.862272528000001,4.248147828,-4.70516805070937,0.000201473677547359,0.0152098438261104,0.766489200571422
"2485","Rv0313",-0.751280557583333,1.74226646215385,-4.65509969628978,0.000224140249220503,0.0166859963308596,0.663317755485639
"4936",NA,-0.903077786666667,1.10018108553846,-4.6436192282683,0.000229694179657,0.0167867303945261,0.639633224694147
"3388","Rv0451c",-1.49309400552778,1.63883798038462,-4.63212680427609,0.000235394393853167,0.0167867303945261,0.615913934398621
"4330",NA,-1.01125548955556,2.03600994769231,-4.62801290410056,0.000237469728777435,0.0167867303945261,0.607420798692465
"4132",NA,0.848412976138889,1.91881865938462,4.62692666971828,0.000238020804101489,0.0167867303945261,0.605178058353862
"332","Rv0011c",-2.56932827916667,2.12230936176923,-4.60593014250562,0.00024893262297766,0.0171070112820374,0.561809419258246
"4490",NA,-0.626311993944445,3.20384069030769,-4.59745474535646,0.000253480350289989,0.0171070112820374,0.54429417354105
"3599","Rv0634B",-1.37042126108333,2.589970618,-4.58869047634336,0.000258272090305907,0.0171070112820374,0.526176473558874
"5330",NA,-0.592592778194446,2.353628858,-4.5885187458136,0.000258366897164999,0.0171070112820374,0.525821413048278
"3261","Rv3874",-1.09890765725,1.356226109,-4.58824131391019,0.000258520133180043,0.0171070112820374,0.525247805781279
"5336",NA,-2.00667407808333,2.14370630353846,-4.56612058534625,0.000271040844321432,0.0177168161654009,0.47949427919457
"1750","Rv2525c",-1.05899121763889,1.21992961769231,-4.55483951651847,0.000277662020837456,0.0177699929541435,0.456147841960271
"5121",NA,-1.56903419105555,3.13198676553846,-4.5467446379731,0.000282514349074428,0.0177699929541435,0.439389913958593
"71","Rv1038c",-0.716660212694445,2.48054495123077,-4.54282205512717,0.00028489661363059,0.0177699929541435,0.431267824332023
"1173","Rv0197",-0.662167104611111,0.837923579384615,-4.54246322094813,0.0002851155585926,0.0177699929541435,0.430524771315786
"4712",NA,-0.962815638805556,2.66582883623077,-4.53694627096755,0.000288503387992035,0.0177744616050265,0.419099500567158
"4275",NA,-0.790206946166667,1.84728968115385,-4.50573438294483,0.000308455894712443,0.0187877681324852,0.354423660316909
"2089","Rv2830c",-0.886984155361111,1.60473822553846,-4.4890934074108,0.000319661624772598,0.0192515315593385,0.319915338092319
"3048","Rvnt40",3.13438380422222,4.32773623030769,4.48077149315094,0.000325419779339888,0.0193805557473533,0.302651712068111
"1613","Rv0236A",-1.40178608508333,3.62784155107692,-4.45333805607973,0.000345158990383268,0.0203302438291683,0.245711768955016
"1923","Rv2678c",0.815337697666666,1.59338416192308,4.41371945885216,0.000375833864500194,0.0218791085341016,0.1634030765709
"4062",NA,-0.63851161525,2.46337027938462,-4.40502594120176,0.000382927126887157,0.0218791085341016,0.145330323673989
"3616","Rv0649",-0.799155002722222,2.54263655976923,-4.40408764761689,0.000383700783993572,0.0218791085341016,0.143379481856655
"3354","Rv0420c",-1.05419947805556,1.54951191361538,-4.35698401343909,0.000424648972916692,0.0239591420508786,0.045385422876282
"1213","Rv2058c",0.830584649444444,1.74451707892308,4.3284028638972,0.000451628662314357,0.0251369691320451,-0.0141281575959127
"1889","Rvnt34",4.25184316563889,4.77234255030769,4.32505142132909,0.000454904105561263,0.0251369691320451,-0.0211092533556441
"1814","Rv2581c",-0.726084286694444,2.08475866430769,-4.31460011091989,0.000465273832523137,0.0253016604739002,-0.042882715740503
"4388",NA,-0.838228392666666,3.45540696684615,-4.31256034559467,0.000467325445320172,0.0253016604739002,-0.0471327746370944
"4079",NA,-1.31979922202778,2.59667635453846,-4.30229447990837,0.000477790937507402,0.0256095942503968,-0.0685255123264374
"3784","Rv0801",-0.585305528305556,1.55156551515385,-4.28716862508964,0.000493645212465745,0.0261974092952118,-0.100054035354519
"5288",NA,-1.19209000852778,4.10989104492308,-4.26503656118208,0.00051780856505527,0.0272103324381985,-0.146203246989631
"2874","Rv3528c",-1.31445132147222,1.27841005323077,-4.25517366056649,0.000528959103072894,0.0274154202661145,-0.166775282147307
"4893",NA,-0.652539966777777,3.56690148046154,-4.2525717664676,0.000531940990238043,0.0274154202661145,-0.172202924407436
"4589",NA,-0.697983958722223,1.82026204776923,-4.24194013309592,0.000544303149903822,0.0277853798427094,-0.194383477445341
"4240",NA,-0.699676326138889,3.12697253553846,-4.21574860199999,0.000576012744452795,0.0290368421038729,-0.249043350169683
"2935","Rv3583c",-1.18101330883333,1.43365364507692,-4.21283530984081,0.000579653377819851,0.0290368421038729,-0.255124615747379
"2709","Rv3376",-1.25819401991667,1.69517906184615,-4.18848992784985,0.000611001111606961,0.0299406753352941,-0.305954154155756
"1235","Rv2076c",-1.17338318069444,2.22549658323077,-4.18692603363181,0.000613072452118843,0.0299406753352941,-0.309219949758841
"1069","Rv1930c",1.03806327494445,1.68969262884615,4.18588579082742,0.000614454158000439,0.0299406753352941,-0.311392272238881
"5118",NA,-1.47406581825,2.51955010730769,-4.17517351322047,0.000628867167604826,0.0303669190843411,-0.333764364781017
"270","Rv1221",-1.01528043838889,1.49686350915385,-4.16969824579964,0.00063636541246114,0.0304546304534974,-0.345200451246743
"4961",NA,-1.087627104,7.73472377853846,-4.14567201851865,0.000670351429404248,0.03156653352084,-0.395392945848588
"429","Rv1356c",-0.951446916,1.04204204123077,-4.1449657387607,0.000671377765182044,0.03156653352084,-0.396868634403077
"2208","Rv2938",-0.797392257222222,1.39653152553846,-4.13423380068937,0.000687169651782915,0.0320280811613602,-0.419293212483051
"4965",NA,-0.702540341333333,2.18225147953846,-4.12170033599433,0.00070608794056923,0.0326261324263024,-0.445485420466284
"4843",NA,-0.601867602583333,2.04547783023077,-4.10871787481122,0.000726238584028375,0.0332704171828384,-0.472619434801869
"3429","Rv0005",-0.487476901833333,1.78830523353846,-4.09559346938111,0.000747199611168218,0.0339405925073021,-0.50005345718014
"4802",NA,-0.925946460305555,2.29491938261538,-4.0865347544018,0.000762022349209062,0.0340902219964949,-0.518990746719837
"4479",NA,-0.960129328333335,5.03143138538462,-4.0837893071766,0.000766573017888562,0.0340902219964949,-0.524730391339169
"4409",NA,-1.04847728663889,2.77031348,-4.0736596940237,0.000783601599115454,0.0340902219964949,-0.545908444226953
"4321",NA,-1.351378014,2.29325100069231,-4.07120196595506,0.000787790398633813,0.0340902219964949,-0.551047068949097
"2442","Rv3138",-0.913199224444444,1.38843194830769,-4.07090669741341,0.000788295152851667,0.0340902219964949,-0.551664423198311
"4747",NA,-0.997547443305556,2.39556896630769,-4.07046608696065,0.000789048971870131,0.0340902219964949,-0.552585664006611
"5253",NA,-1.51305065116667,3.06674505184615,-4.06195143948845,0.000803759846559235,0.0340902219964949,-0.570388867623845
"3107","Rv3735",1.00043906066667,1.54441158238462,4.06030054542459,0.000806643964475568,0.0340902219964949,-0.57384082227395
"5338",NA,-0.680919298944444,3.684194919,-4.05176277640392,0.000821726805538283,0.0340902219964949,-0.591693518401964
"3795","Rv0811c",-0.607724569777778,1.32198737553846,-4.05075545030297,0.000823524996315305,0.0340902219964949,-0.593799922453448
"4373",NA,-0.830208030333333,2.45034474138462,-4.04884611533185,0.000826944264660651,0.0340902219964949,-0.5977925361099
"1701","RVnc0008",-1.33885903077778,5.44605296007692,-4.04870868702904,0.000827190924788214,0.0340902219964949,-0.598079914308088
"5174",NA,-2.33349734927778,2.20735127761538,-4.04538710281098,0.000833175201780006,0.0340902219964949,-0.60502578982901
"5270",NA,-0.649386142638889,2.08730740992308,-4.028376797851,0.000864512238733281,0.0351044363606848,-0.640598416022729
"3522","Rv0568",-0.636114462194445,1.28775125638462,-4.00660906558048,0.000906351935634847,0.0365266644737051,-0.68612357068158
"4030",NA,-0.942750621138889,1.95519045830769,-3.99808849618514,0.000923279322691793,0.0369311729076717,-0.703944358035735
"1457","Rv2273",1.04160625672222,1.77853649538462,3.99249067738304,0.000934573101190405,0.0370073834595908,-0.715652392616143
"3642","Rv0672",-0.864648543083333,1.43298800623077,-3.99031829589132,0.000938993311661259,0.0370073834595908,-0.720196038020369
"4826",NA,-0.937417630305556,1.02673853138462,-3.98046179471972,0.000959314437812873,0.0375323020925329,-0.740811591420719
"2236","Rv2960c",-0.689344992361111,1.09723156838462,-3.97049587994037,0.000980311158470693,0.0380758536913255,-0.761656195398035
"4733",NA,-1.0225452915,3.41242050946154,-3.96179232070056,0.000999026173654128,0.0385235992142887,-0.779860527699726
"3083","Rv3714c",0.828806947055555,1.33035865838462,3.95560675345085,0.0010125448994443,0.038766004721582,-0.792798215486581
"5169",NA,-1.09815858594444,1.23871459307692,-3.9499267463591,0.00102512069314561,0.0388136340416359,-0.804678428050234
"4582",NA,-0.787909102722222,1.51513602584615,-3.94851455729215,0.00102827164811797,0.0388136340416359,-0.807632129733689
"4960",NA,-0.536943021555556,0.960666542846154,-3.93342182766688,0.00106256168970188,0.0397639002868324,-0.839199334923545
"5060",NA,-0.762925998305555,2.12071377046154,-3.93095096385463,0.00106828388830296,0.0397639002868324,-0.8443671822128
"4170",NA,-0.690757916583333,3.56479714307692,-3.91989872622603,0.00109426092579728,0.0404294954540812,-0.867482685439265
"4322",NA,-0.791948602527778,1.33933985730769,-3.91696964552025,0.00110125118214475,0.0404294954540812,-0.87360866178311
"1376","Rv2204c",-1.98348547230556,2.28357064069231,-3.91247389240338,0.00111206768744906,0.0405488626171902,-0.883011108103765
"2593","Rv3272",-0.750643761972222,1.25085828915385,-3.90763472464783,0.00112382973560945,0.0406113944503028,-0.893131597066316
"965","Rv1837c",-0.576337639694444,1.38756566692308,-3.90267353090613,0.00113601812982517,0.0406113944503028,-0.903507079803499
"4763",NA,-0.749325478027778,3.04080664176923,-3.90124816590742,0.00113954438045299,0.0406113944503028,-0.906487943918458
"3403","Rv0464c",-0.699561449,1.31352462261538,-3.89941741601092,0.00114408965708875,0.0406113944503028,-0.910316560629995
"5228",NA,-0.936235720333334,5.105278536,-3.89468826662028,0.00115591535177526,0.0407612255626012,-0.920206398074945
"3890","Rv0896",-0.659764297861112,1.60566199323077,-3.88467745180835,0.00118135486725052,0.0413860267219791,-0.941140729732418
"70","Rv1037c",-0.528658425944444,1.71755089461538,-3.87227619890865,0.00121364984027,0.041949632178049,-0.967072193829615
"2973","Rv3619c",-0.528658425944444,1.71755089461538,-3.87227619890865,0.00121364984027,0.041949632178049,-0.967072193829615
"4852",NA,-1.24382940830556,2.18475493846154,-3.86857477198471,0.00122345962548982,0.041949632178049,-0.974811609538896
"2767","Rv3429",-1.00834406875,1.04000021546154,-3.8665914928197,0.00122874855446897,0.041949632178049,-0.978958421704113
"4095",NA,-0.734634109777777,2.77637442776923,-3.85659843645288,0.00125574872226587,0.0424395929574946,-0.999851863369882
"4009",NA,-0.757015455277778,2.28065579761538,-3.85543315809617,0.00125893568661225,0.0424395929574946,-1.00228811962015
"4268",NA,-0.589125219444444,2.12577803884615,-3.84444447383968,0.00128939095660404,0.043126216777408,-1.0252611103283
"4904",NA,-0.540066724055556,2.25400338107692,-3.84230863376226,0.00129539569051543,0.043126216777408,-1.02972605833845
"4416",NA,-0.801211207361111,1.48076126023077,-3.83750708247567,0.00130899743801437,0.0433100386898581,-1.03976333281109
"3406","Rv0046c",-0.587724813722222,1.836051208,-3.82346069736785,0.001349615620778,0.044270977572311,-1.0691236076443
"3409","Rv0469",-0.545569718277778,0.806160931846154,-3.8217799473695,0.00135455976154086,0.044270977572311,-1.07263649823594
"2040","Rv2785c",-1.63877794119444,2.24384639607692,-3.81069072979121,0.00138763826383205,0.0450772187523625,-1.0958121997997
"1004","Rv1872c",-0.928667605055555,1.64632417392308,-3.80424798473288,0.00140722714193114,0.045099672701525,-1.10927577944396
"1702","Rvnt28",2.42812950747222,2.52345530069231,3.80158310573247,0.00141541036960574,0.045099672701525,-1.11484435417501
"3982",NA,-0.617191396277777,3.31635055423077,-3.80069599348906,0.00141814504973299,0.045099672701525,-1.1166980392278
"4274",NA,-0.870860046888889,2.22593596461538,-3.79805683072085,0.0014263120728435,0.045099672701525,-1.12221264298635
"3315","Rv3921c",-0.771736167472222,1.55818079207692,-3.79674148062599,0.00143040006702598,0.045099672701525,-1.12496103722926
"3598","Rvnt07",-3.00048201438889,2.67118625630769,-3.78271041141968,0.00147474451316246,0.0461069930847608,-1.15427579238615
"2616","Rv0324",0.804166191833333,1.719968565,3.78121449269989,0.0014795527631677,0.0461069930847608,-1.15740085964545
"1040","Rv1903",-1.04265334566667,2.11713660138462,-3.77709369482314,0.0014928793528047,0.0462533718556832,-1.16600913396576
"3305","Rv3914",-0.80959504875,2.63853443284615,-3.77131906053263,0.00151175687301286,0.0465690622951089,-1.17807141407173
"1779","Rv0250c",0.8181536225,2.07764439084615,3.76599802110318,0.00152936304809699,0.0468422053588562,-1.18918532618049
"3230","Rv3846",-0.736532220777778,0.946204238923077,-3.76116106666878,0.00154554550500874,0.0468914188164775,-1.19928738799425
"4994",NA,-1.01026837408333,4.02221775207692,-3.7577761362184,0.00155697190422394,0.0468914188164775,-1.20635643497938
"4777",NA,1.14844990236111,2.16940809838462,3.75657294730964,0.00156105380268968,0.0468914188164775,-1.20886907154221
"5071",NA,-0.653450162166666,2.03239077069231,-3.75306547558732,0.00157301434509455,0.0468914188164775,-1.21619350678327
"4531",NA,-1.46763507158333,2.06698718169231,-3.75256984685491,0.00157471182592648,0.0468914188164775,-1.21722846500002
"645","Rv1545",-0.554605334527778,1.74647578046154,-3.74940219298704,0.0015856041091668,0.0469007059279967,-1.22384288004745
"4018",NA,-0.934073332055556,3.09050470753846,-3.74740107339949,0.00159252396994317,0.0469007059279967,-1.22802126830722
"2967","Rv3614c",-0.694172219,1.079584371,-3.7406472230322,0.00161610256627906,0.0473350259850041,-1.24212247037148
"2981","Rv3627c",-0.695099975972222,0.902034992461539,-3.73700799335774,0.00162895204952121,0.0474520814425743,-1.24972007274118
"4112",NA,-0.710703267055556,2.81202675876923,-3.71445008722575,0.00171091097745594,0.0495701775089937,-1.2968032810862
"2472","Rv3166c",-0.540813170694444,1.37419529007692,-3.70812810169429,0.00173461124262756,0.0499123398526648,-1.30999511498774
"4002",NA,-0.693289644666667,1.84223659,-3.70513663611885,0.00174593992115958,0.0499123398526648,-1.31623672535049
"2574","Rv3254",0.622363162083334,1.24212923076923,3.70389683337465,0.00175065669632481,0.0499123398526648,-1.31882343235289
"4667",NA,-0.859230362055556,1.61525284738462,-3.70072856952001,0.00176276814117561,0.049991731411118,-1.32543336512524
"2802","Rv3462c",-1.70408440930556,4.04089284484615,-3.6976030740227,0.00177479812090751,0.0500679890950751,-1.33195366009735
"3066","Rv3700c",0.712453362916667,1.43844355130769,3.69130026692292,0.00179930755892766,0.0504936571510589,-1.34510108569601
"939","Rv0177",-0.701306946472222,1.05517988853846,-3.68311358098161,0.00183164819396983,0.0511335120816577,-1.36217563613412
"2759","Rv3423c",-0.627208942444445,1.16069161446154,-3.67868194554457,0.00184939641473807,0.0513614755595651,-1.37141722488338
"5327",NA,0.848432092694444,1.79274994892308,3.66685817985108,0.00189759403936137,0.0523863035562215,-1.39606970442867
"5077",NA,-0.502659520027778,2.40361480192308,-3.66486416347407,0.00190584499878045,0.0523863035562215,-1.4002265684842
"697","Rv0156",-0.779244487138889,1.40924087961538,-3.65548329788929,0.00194514474234009,0.0529240485064003,-1.41977998598784
"336","Rv1278",-0.570421849638889,1.17834934538462,-3.65548057634244,0.00194515626040315,0.0529240485064003,-1.41978565813663
"1302","Rv2138",-0.866880414888889,1.31783723946154,-3.6419725586459,0.00200317115007229,0.0542272594160983,-1.44793397642591
"3252","Rv3866",-0.853212650027778,1.68746979246154,-3.63858535647395,0.00201798735194493,0.0543055188023531,-1.45499083524826
"4386",NA,-0.656652674305555,1.85078123015385,-3.63669006269774,0.00202632532844601,0.0543055188023531,-1.45893920599043
"4284",NA,-0.768647675638889,1.71579394323077,-3.63032601448935,0.00205457490137944,0.0547866523363378,-1.47219571062704
"4241",NA,-0.742136879916667,1.37740536553846,-3.62588116238051,0.00207453788801651,0.0547866523363378,-1.48145317508767
"266","Rv1217c",-0.674272285194444,2.512702448,-3.62579157208612,0.00207494224333518,0.0547866523363378,-1.4816397571426
"2444","Rv3140",-0.550893438972223,1.28535700030769,-3.60874173892894,0.00215334249463377,0.0565780184864559,-1.51713981604548
"5040",NA,-0.727347034166667,1.89907498876923,-3.59903918130668,0.00219926858778161,0.0575028274658997,-1.53733438353772
"4231",NA,-0.682618271222222,1.56974863992308,-3.59321125981006,0.00222732223019323,0.0579536269603675,-1.54946172316509
"4470",NA,-0.664266179722221,2.40973731453846,-3.58771114569075,0.00225412474761984,0.0583676746243593,-1.5609050325847
"961","Rv0179c",-0.622849319166667,1.24830910969231,-3.58328881551322,0.00227590789584522,0.0583889762807138,-1.57010459370461
"1248","Rv2088",0.644388453305555,1.39436244830769,3.58312186578765,0.00227673433631888,0.0583889762807138,-1.57045186729267
"4693",NA,-0.762517616472223,1.60727908384615,-3.57719400995514,0.0023062730838881,0.0585032808037257,-1.58278131300638
"3123","Rv3750c",-1.34471326811111,3.06762399853846,-3.5758905731524,0.0023128191621494,0.0585032808037257,-1.58549205349084
"4584",NA,-0.458396131944445,1.22732247723077,-3.57402281144956,0.00232223163005102,0.0585032808037257,-1.58937622331293
"4856",NA,-1.00644546105556,1.82774611492308,-3.57350447153847,0.00232485052447641,0.0585032808037257,-1.5904541156132
"3635","Rv0666",-0.800579708694445,2.05448603361538,-3.56994624519086,0.00234290787275064,0.0586385494161447,-1.59785300877921
"922","Rv1797",-0.554678218750001,1.64555329615385,-3.56814422212653,0.00235210599337148,0.0586385494161447,-1.60159977950675
"382","Rvnr03",-1.97288059744444,6.82358908738462,-3.56265391530745,0.00238035247176537,0.0588602988198404,-1.61301392311009
"245","Rv1198",-0.524682803,2.19704415646154,-3.56040900331303,0.00239199907249824,0.0588602988198404,-1.6176804358285
"2469","Rv3163c",0.839667264138889,1.52023821869231,3.56003498360796,0.0023939449893144,0.0588602988198404,-1.61845788021983
"4058",NA,-0.866503184833334,1.59633870623077,-3.55572166243787,0.0024165001009225,0.0591435641139022,-1.62742295079276
"97","Rv1065",-0.710887767555556,2.21693165815385,-3.55181255811893,0.00243712406301956,0.0593772044444765,-1.63554678275589
"4458",NA,0.684297210027777,2.28119286407692,3.5475713719576,0.00245969812923635,0.0595049001950081,-1.64435955606371
"5083",NA,-1.05871180813889,4.45743792753846,-3.54498841009651,0.00247354793357079,0.0595049001950081,-1.64972608979981
"2639","Rv3312b",0.661747240194444,2.020484297,3.54459386656557,0.00247567028796396,0.0595049001950081,-1.65054577879138
"1541","Rv2346c",-0.541917793972222,2.21467303738462,-3.54198182359534,0.00248976691739635,0.0595765655234127,-1.65597218716358
"2884","Rv3537",-0.539341309166667,0.771181484384615,-3.53367294516457,0.00253514107298983,0.0603926940054466,-1.67323031791111
"1439","Rv2256a",0.704229922083333,2.10330377146154,3.52510658192195,0.00258278213578037,0.0611425484291976,-1.69101805726047
"4085",NA,-1.01137911633333,4.28646959492308,-3.52392327754776,0.002589432554744,0.0611425484291976,-1.69347472334401
"505","Rv1423",0.73283090925,1.94909913438462,3.51809359049137,0.00262244590685869,0.061650482722643,-1.70557625928526
"3322","Rv0392c",-1.03715154008333,1.48002504246154,-3.51240226202483,0.00265507914897087,0.0621450840108467,-1.71738812566707
"4504",NA,-1.58071284494445,3.57136665561538,-3.50703586310128,0.0026862187450378,0.0626005759713158,-1.7285233714789
"4814",NA,-0.533754313138888,1.77121300446154,-3.50298251208574,0.00270997938052539,0.0628809068381649,-1.73693257981079
"2019","Rv2766c",0.633804562361111,1.28378859469231,3.49761546348564,0.00274176235631123,0.063157647594309,-1.74806525413337
"2207","Rv2937",-0.997192860694444,1.30984168307692,-3.49699300198941,0.00274547236743918,0.063157647594309,-1.74935625682057
"25","Rv0996",0.797629309527777,2.11177581584615,3.49387987063461,0.00276410228026992,0.0633144795822513,-1.75581251818245
"1460","Rv2274A",-0.688698204861112,1.70370868184615,-3.48923695966124,0.00279212029975851,0.0636841055604494,-1.7654399224027
"2227","Rv2952",-0.577330334583334,1.01994084461538,-3.48308474460879,0.00282968110977319,0.0640479275087213,-1.77819429540449
"4958",NA,-0.559414703444444,2.02225107861538,-3.4818944873885,0.00283700562305942,0.0640479275087213,-1.78066150334605
"3760","Rv0076c",-0.973110610388889,1.40971749846154,-3.48077380858472,0.00284391916923054,0.0640479275087213,-1.78298438040454
"4286",NA,-0.816678253972223,2.39390368938462,-3.47785905112243,0.00286197891433334,0.0641849664469736,-1.78902543356204
"2141","Rv2876",-1.32920495391667,2.776904133,-3.47229363884644,0.00289677874502463,0.0642906206315302,-1.80055820824624
"2479","Rv3172c",0.621548948055556,1.50269826938462,3.46686927957871,0.00293110055023494,0.0642906206315302,-1.81179618776731
"1597","Rv2395B",-0.698103328694444,2.92162996176923,-3.46631659031049,0.00293462017475996,0.0642906206315302,-1.81294108829457
"4578",NA,-0.575001918194444,1.99413393069231,-3.4662720023412,0.00293490430165833,0.0642906206315302,-1.8130334515196
"1663","Rv2451",-0.515559654027778,1.78914911392308,-3.46584967766207,0.00293759682532616,0.0642906206315302,-1.81390828155973
"2228","Rv2953",-0.863878512305556,1.53086395746154,-3.46568347806869,0.00293865709976211,0.0642906206315302,-1.81425255373744
"4177",NA,0.680477324555555,1.46545256223077,3.4588120089387,0.00298282769906996,0.0649199866876237,-1.82848430468142
"4377",NA,-1.87386886280556,2.28228244915385,-3.45581942186748,0.00300226964564599,0.0649199866876237,-1.83468108634812
"486","Rv0137c",-0.481212676833333,1.14627734369231,-3.45452601211059,0.00301071139085917,0.0649199866876237,-1.8373591221292
"4059",NA,-0.610221500555557,4.42137181015385,-3.45274495482223,0.00302237441925431,0.0649199866876237,-1.84104660414038
"3225","Rv3842c",-0.755734734694445,2.20449536807692,-3.45189067442654,0.00302798445371379,0.0649199866876237,-1.8428151983437
"587","Rv1494",0.472683527222222,1.58849401992308,3.44543651740321,0.00307070371477357,0.0654567144668271,-1.8561749849042
"2592","Rv3271c",-0.737244073805555,1.99181574984615,-3.44143175227228,0.0030975105936424,0.0654567144668271,-1.86446278403039
"2454","Rv3149",-0.693134290916667,1.20589970884615,-3.44137264212951,0.00309790799417659,0.0654567144668271,-1.86458510075843
"1758","Rv2531c",-0.615088814111111,1.66282150253846,-3.44078422743753,0.00310186669301755,0.0654567144668271,-1.86580269119325
"3333","Rv0401",0.974906603972221,2.39613880446154,3.43811952946758,0.00311985693913466,0.0655781693873011,-1.87131628605427
"4045",NA,-0.545147126333335,3.739633212,-3.42706921742078,0.00319557129037391,0.0669072738922038,-1.89417384685328
"1301","Rv2137c",-0.607560984694444,1.805584251,-3.42325666487791,0.00322211424754421,0.0672005150460582,-1.90205748634729
"26","Rvnt15",2.61019483547222,3.72134153876923,3.42046401313192,0.0032416951354272,0.0673468446739914,-1.90783129875907
"4842",NA,-0.792316460805556,2.19636261269231,-3.41830206031251,0.00325693473411293,0.0674022014472792,-1.91230063474481
"5034",NA,-1.128919292,3.93842411115385,-3.41401497266108,0.00328736457282383,0.0677702850397528,-1.92116188117206
"3957","Rv0956",0.569820335138889,1.217396367,3.4101162219085,0.00331528235412747,0.0678260651303315,-1.92921892325357
"206","Rv1164",0.652083143083333,1.39920569623077,3.41010284338679,0.00331537855674382,0.0678260651303315,-1.92924656838911
"3585","Rv0625c",0.867692943611111,1.48600730892308,3.40634078455008,0.00334254082990468,0.0678974736776139,-1.93701973157445
"1252","Rv2091c",-0.563626424611112,1.19246212115385,-3.40611142481045,0.00334420392740486,0.0678974736776139,-1.9374935900783
"2161","Rv2896c",0.666893323027778,1.23403820723077,3.40131794280426,0.00337914975015056,0.0683480855124793,-1.94739577515852
"1163","Rv2010",0.625383251027778,1.04421677607692,3.39839675409797,0.00340062304793792,0.0683574895340933,-1.95342914450402
"1638","Rv2430c",-0.986706894555556,2.56145499184615,-3.39778714506595,0.00340512121373189,0.0683574895340933,-1.9546881134735
"5309",NA,-0.755293248694445,4.89993584323077,-3.38874317221041,0.00347255045993275,0.0694510091986551,-1.97336144185059
"2045","Rv2789c",-0.467095187805556,1.36961638669231,-3.38643469500073,0.00348997241458485,0.0695399707887539,-1.97812649891798
"3368","Rv0433",-0.626193906666667,1.02825512153846,-3.37902951597858,0.00354644458671453,0.0704034925362588,-1.99340828327324
"4499",NA,-0.767577728250001,2.95344070553846,-3.37538301659758,0.00357458412070644,0.070700261575596,-2.00093135491901
"4818",NA,-0.746058775222223,3.503700218,-3.37297931573667,0.0035932537877572,0.0707662190734135,-2.00588966252973
"61","Rv1027c",-0.613606251972222,0.973474030461538,-3.37115824649906,0.00360746229623473,0.0707662190734135,-2.00964572808506
"2378","Rv3084",0.490702805222222,0.962717557692308,3.36828145043088,0.0036300211724342,0.0707662190734135,-2.01557858668592
"4053",NA,-0.552594983027779,1.65524491676923,-3.36819140526308,0.00363072952335611,0.0707662190734135,-2.01576427412285
"5102",NA,0.608111484416667,1.95618441269231,3.35885437668552,0.00370492696681455,0.071950755587413,-2.03501404941134
"2963","Rv3609c",-0.60856941325,1.44745512315385,-3.35588730301027,0.00372881739042297,0.0721532895764155,-2.04112919660911
"4084",NA,-0.612276450611111,1.30922145492308,-3.35410096718615,0.00374327405176631,0.0721724781203864,-2.04481038223838
"4198",NA,-0.498606217861111,1.49239076169231,-3.34987579971895,0.00377768877319125,0.0725749527752871,-2.05351600539652
"4444",NA,-0.583319987444444,1.90043956961538,-3.34761590922262,0.00379622411027439,0.0726705758252525,-2.05817153224723
"4219",NA,-0.683103142583334,2.660651776,-3.34261767900296,0.0038375386844273,0.0732000261513535,-2.06846623185121
"4914",NA,-1.05286105955556,2.22182608653846,-3.33797525144105,0.00387630995501571,0.073677380705263,-2.07802561951612
"378","Rv1315",-0.519794793638889,1.46765118169231,-3.33247750432137,0.0039227250312921,0.0742961348682885,-2.08934311151703
"4065",NA,-0.630379693555556,2.18402570107692,-3.32826788725367,0.00395863559434219,0.0747122774143455,-2.09800659482307
"1187","Rv2034",-0.613543333388889,0.693609602230769,-3.319609541103,0.00403351985038462,0.0758584785896898,-2.11581930364345
"915","Rv1791",-0.651697495944444,1.265773806,-3.30712920428204,0.0041439257615364,0.0776623849015214,-2.14147965615316
"1802","Rv2570",0.765313401972222,1.66041907546154,3.30376885408003,0.00417415877058606,0.0779050318691295,-2.14838561372019
"4431",NA,-0.587035361694444,1.99112652669231,-3.30192091755722,0.00419087724022809,0.0779050318691295,-2.15218279150713
"4296",NA,-0.856623929805555,3.27705956623077,-3.30086316588693,0.00420047653174971,0.0779050318691295,-2.15435609773756
"1952","Rv2705c",0.832513675972223,2.41375647507692,3.29919255765598,0.00421568180084637,0.0779174291466778,-2.1577883348558
"2516","Rv3204",0.571968504083333,1.55649130838462,3.28412275139886,0.00435531780003449,0.0800838587476135,-2.18873373119771
"4609",NA,-0.753751720805555,2.65758914284615,-3.2833311593672,0.00436277737953417,0.0800838587476135,-2.19035847354577
"2064","Rv2806",-0.584991313805555,1.61100332476923,-3.27950427222794,0.00439901807743364,0.080285891108667,-2.19821206375218
"3188","Rv3809c",0.499769774611111,0.804053076846154,3.27843257447578,0.00440922014560729,0.080285891108667,-2.20041109044256
"3528","Rv0057",-0.465478059222222,1.737489845,-3.27645821211156,0.00442807624641339,0.080285891108667,-2.20446192801519
"1948","Rv2701c",0.593819989611111,1.33095369315385,3.27587113076752,0.00443369846420997,0.080285891108667,-2.20566636020133
"5187",NA,-0.463511636916667,1.60438382153846,-3.27411938785618,0.00445051596898486,0.0803190760732621,-2.20925990789299
"890","Rv1767",0.617282962138889,1.52163896376923,3.26516676636531,0.00453745136342392,0.0816132191542021,-2.22761938365514
"1821","Rv2588c",-0.542650682166667,1.974480431,-3.25317935133544,0.0046564804409982,0.083159684243966,-2.25218637566424
"4496",NA,-1.07890529863889,3.02389501923077,-3.25292181732528,0.0046590710724008,0.083159684243966,-2.25271396140082
"2076","Rv0277c",0.730572865833333,2.22296852030769,3.25183942315401,0.00466997480549137,0.083159684243966,-2.25493126607205
"5198",NA,-0.961339397194445,2.35782270615385,-3.24615614399158,0.00472764009360834,0.0837689878487247,-2.26657105139918
"3479","Rv0530A",-0.758009337694445,1.88732548692308,-3.24539183832827,0.0047354483802544,0.0837689878487247,-2.2681360830466
"4599",NA,-1.213779344,2.32170534138462,-3.24161616126632,0.00477420799654898,0.083952315353828,-2.27586621983444
"4831",NA,-0.7517604645,3.79824589515385,-3.24133203270729,0.00477713734755924,0.083952315353828,-2.27644785424299
"2873","Rv3527",-0.612679496138889,1.47877609215385,-3.23838893205228,0.00480758480412861,0.0842112893795077,-2.28247198947431
"2126","Rv2862A",-0.551774889722222,2.03372640392308,-3.23537324389832,0.0048389812622761,0.0843066306027577,-2.28864350051663
"4087",NA,-0.59429406525,1.52731315238462,-3.23484653661219,0.00484448548985996,0.0843066306027577,-2.28972126525437
"3041","Rv3679",-0.52849881375,1.08616277061538,-3.21964278287243,0.00500605049507151,0.0868363451572275,-2.32081544120563
"2968","Rv3615c",-1.45651269888889,1.56422784861538,-3.21015846099498,0.00510950834253013,0.0883450474708435,-2.34019633816811
"836","Rv1717",-0.536914119638889,1.23107938661538,-3.20079390986782,0.00521372061352158,0.0898570498021725,-2.35932011995848
"765","Rv1654",0.488308762166666,1.51815618076923,3.19444126354419,0.0052856012042742,0.0908039181247105,-2.37228605913618
"3357","Rv0423c",0.747906195944444,1.26498618707692,3.19282582512292,0.00530403468979665,0.0908294758380513,-2.37558229373414
"5107",NA,-0.748594055777778,2.74954707276923,-3.19029099446784,0.0053330865392249,0.0910361269116097,-2.38075375108682
"2581","Rv3261",0.70848902575,1.11222015169231,3.18577518797185,0.00538523014154673,0.0915266516003172,-2.38996440709189
"1142","Rv1991A",0.563873024388889,1.15160075576923,3.18359522674416,0.00541058079369487,0.0915266516003172,-2.39440969799143
"5200",NA,-0.718105526444444,1.66250363115385,-3.18338342128864,0.00541305010397399,0.0915266516003172,-2.39484156629452
"1886","Rvnt32",2.40846272852778,4.29504590084615,3.18070560865758,0.00544436466327038,0.0917666496702178,-2.40030102103
"2441","Rv0309",-0.971234527277778,2.38641207923077,-3.17898041114928,0.00546463338573516,0.0918195452900954,-2.40381775082536
"447","Rv1371",-0.594959048333334,1.13281092023077,-3.17628175554644,0.00549648755800114,0.092066166596519,-2.4093179464846
"3779","Rv0797",1.31006740638889,2.14327764538462,3.17168177595154,0.00555120500424519,0.092524777789024,-2.41869078933272
"3881","Rv0085",0.709716300138888,2.20759209469231,3.17108093093619,0.0055583915015048,0.092524777789024,-2.41991482876918
"5087",NA,-0.446322064472222,1.95355304476923,-3.16597648655891,0.00561981332086521,0.0932575832812308,-2.43031140709275
"5149",NA,-0.457072893861111,2.62966040338462,-3.16200394529094,0.00566807526235547,0.0937681586611893,-2.43839984816325
"3862","Rv0871",-0.450543543055555,1.72151930592308,-3.15640808396871,0.00573674907770522,0.0946122309430768,-2.44978945391759
"4886",NA,-0.803510657527779,3.02756186069231,-3.1518796952439,0.00579291937038249,0.0952455454762274,-2.45900286691922
"1334","Rv2164c",-0.480243933222222,1.19656607784615,-3.14564274357361,0.00587116642711102,0.0962155274453641,-2.47168733633505
"3758","Rv0776c",0.552189534027778,1.21615913876923,3.1424852593319,0.00591117343043827,0.0962155274453641,-2.47810660519097
"895","Rv0173",-0.579397330888889,1.26102114592308,-3.14185595886693,0.00591917887615419,0.0962155274453641,-2.47938580794532
"1964","Rv2716",-0.748220828583333,2.28818758907692,-3.13856487789915,0.00596121871740591,0.0962155274453641,-2.48607470311208
"5081",NA,-0.806685256944443,4.25038628984615,-3.13791344054396,0.00596957471711959,0.0962155274453641,-2.48739850329388
"4350",NA,-0.745833528222222,2.65921264823077,-3.137805558514,0.00597095962937473,0.0962155274453641,-2.48761772630571
"4502",NA,1.10025521469445,2.38678705538462,3.13729102701983,0.0059775691491243,0.0962155274453641,-2.48866326121266
"3250","Rv3864",-0.6117006005,1.20472499438462,-3.12957950859111,0.00607749212533172,0.0973979687780037,-2.50432816284678
"902","Rv1778c",-0.496970164361112,1.63166677961538,-3.12882371245131,0.00608737304862523,0.0973979687780037,-2.50586295251989
"4222",NA,-0.544951970777778,2.24092612869231,-3.12563202248407,0.0061292735207963,0.0976242748717158,-2.51234328893245
"105","Rv1072",-0.62807530325,1.21475479046154,-3.12497422303059,0.00613794414771795,0.0976242748717158,-2.51367866788094
"4152",NA,-0.595463027583333,2.56665293276923,-3.12266115196002,0.00616852883671041,0.0977235849204303,-2.518373812999
"4533",NA,-0.761998039805555,2.24635400576923,-3.12174739539928,0.00618065210597498,0.0977235849204303,-2.52022834815496
"4245",NA,-0.504325969583334,1.90915419207692,-3.11675220906108,0.00624733928356296,0.0982102390562693,-2.53036405922735
"156","Rv1119c",0.52284961725,1.62879544069231,3.11669725977277,0.00624807677578131,0.0982102390562693,-2.53047553413383
"2143","Rv0282",-0.615657693861111,1.72070382846154,-3.11478506550243,0.00627379411383178,0.0983261299711647,-2.53435447230465
"3602","Rv0637",-0.668792279055555,1.58810688115385,-3.11106639616188,0.00632410400774556,0.0984843990342846,-2.54189618907624
"1321","Rv2153c",0.706594512305555,2.17897583646154,3.11086690304199,0.00632681408307533,0.0984843990342846,-2.54230071098016
"3748","Rv0767c",0.676710376916667,1.11675327615385,3.10996984551313,0.00633901449007988,0.0984843990342846,-2.54411963763621
"5153",NA,-0.666315393611111,2.029562155,-3.10749295271204,0.006372821093625,0.0986814167522571,-2.54914124589242
"3761","Rvnt01",1.49587675391667,3.32642884023077,3.1063473292581,0.00638851709198381,0.0986814167522571,-2.55146352130199
"1129","Rv0193c",0.622930718388889,1.06804853461538,3.10448604385323,0.00641409895357853,0.0987918689401751,-2.55523604257601
"2540","Rv3223c",-0.64603941075,1.22576515915385,-3.10295517013031,0.00643521467734252,0.0988033072895528,-2.55833844440016
"1611","Rv2407",0.468097005138889,1.06695657915385,3.10056199771654,0.00646836064640785,0.0988033072895528,-2.56318756511414
"4644",NA,-0.383144297527777,1.91069132130769,-3.1004337256734,0.00647014195123751,0.0988033072895528,-2.56344744708799
"3214","Rv3832c",0.635408244194444,1.85506009346154,3.09862714288198,0.00649528087474852,0.0988803014240723,-2.5671073326906
"4261",NA,-0.457375770555555,1.84510290276923,-3.09742373186808,0.00651207955274207,0.0988803014240723,-2.56954497433658
"5350",NA,-0.890356764555555,5.230184203,-3.09412107565676,0.00655840071808854,0.0993023385563688,-2.57623362479832
"1604","Rv2401",-0.522468303277777,2.70015154015385,-3.0887563746002,0.00663433067615097,0.0998834845272402,-2.58709449319014
"1815","Rv2582",0.581341346083334,2.401314673,3.08770605813254,0.00664929676601398,0.0998834845272402,-2.5892202964772
"3020","RVnc0036a",-0.912543934500001,2.33878506907692,-3.08746843184464,0.00665268730899716,0.0998834845272402,-2.5897012177519
"3226","Rv3843c",-0.678709781777778,2.29134682623077,-3.08488163706107,0.00668970622482885,0.100096255112405,-2.59493589704952
"3311","Rv3917c",-0.620789110638889,1.04167420215385,-3.0838720912457,0.00670420813159579,0.100096255112405,-2.59697852163477
"2477","Rv3170",0.687891352194445,1.46827884784615,3.08132779833207,0.00674089281411568,0.100364404121278,-2.60212564551978
"810","Rv1694",-0.511318443638889,1.224955243,-3.0776908064791,0.00679367342135374,0.100852890727156,-2.60948138523345
"4874",NA,-0.650886915361112,1.59548757492308,-3.07547629607502,0.0068260083689523,0.100852890727156,-2.61395907348965
"5283",NA,-0.774332148638889,2.40721763984615,-3.0751934502848,0.00683014912946967,0.100852890727156,-2.6145309202373
"4794",NA,-0.437362391305555,2.51092451392308,-3.0728975685671,0.00686385096135996,0.101072091079366,-2.61917213465903
"1037","Rv1901",-0.396050396611111,0.910986537384615,-3.06482670922417,0.00698361965229173,0.102394019174205,-2.63548043322344
"5076",NA,-0.51908651275,1.920092455,-3.06262029969025,0.00701671577404435,0.102394019174205,-2.63993681287764
"4829",NA,-0.593236750055556,3.52924417807692,-3.06250772252588,0.00701840853179009,0.102394019174205,-2.64016416689242
"1883","Rv2641",-0.585746062333333,1.55861763830769,-3.06097314041631,0.00704152296845385,0.102394019174205,-2.64326309377265
"5255",NA,0.881390185305556,4.02636217846154,3.05830182423492,0.00708193678020423,0.102394019174205,-2.64865654613605
"4086",NA,-0.531873852361112,2.44195906692308,-3.05823081797422,0.00708301410438361,0.102394019174205,-2.64879989232511
"552","Rv0143c",0.508451571138889,0.976236681615385,3.05794532932896,0.00708734722269219,0.102394019174205,-2.64937622278446
"4696",NA,0.487781635555556,1.06586761646154,3.05432389094556,0.00714253823008701,0.102590634043512,-2.65668575240779
"5031",NA,0.883956218027777,2.23300341915385,3.05427898339209,0.00714322525198729,0.102590634043512,-2.65677637944094
"2195","Rv2926c",0.715798526861111,1.43437084953846,3.05239032213151,0.0071721775791743,0.102590634043512,-2.66058752416414
"4453",NA,-0.688333928527778,2.60574798715385,-3.052042866874,0.00717751637431289,0.102590634043512,-2.66128858776395
"4033",NA,-0.679895897222223,2.34641532938462,-3.05035795317276,0.00720346084771078,0.102687633360984,-2.66468794794595
"1602","Rv0236c",-0.478839619666667,1.33850991892308,-3.04850498357559,0.00723209876273416,0.102822412117387,-2.66842577992742
"4623",NA,-0.655942883833332,4.25204313630769,-3.03972278745057,0.00736934721930284,0.104496563744612,-2.68613293678065
"4881",NA,-0.462496687944445,1.06251347676923,-3.03507678947574,0.00744297956156138,0.105152602368997,-2.69549481310592
"1717","Rv2498c",-0.570821777472223,1.98017591476923,-3.03415855736674,0.00745761691701214,0.105152602368997,-2.69734462299898
"5043",NA,-0.911297671444445,2.52578325407692,-3.03310370925768,0.007474466698244,0.105152602368997,-2.69946946030076
"3742","Rv0761c",-0.505107552861111,1.18599976446154,-3.02996222708874,0.00752486791544279,0.105584534101501,-2.70579630942393
"4021",NA,-0.438641045361112,2.27203418238462,-3.02600376368833,0.00758884872091273,0.106204253639927,-2.71376594990092
"2199","Rv2929",-0.461371018972222,1.43150639130769,-3.02355279789475,0.00762872935279575,0.10635269084038,-2.7186990696419
"5033",NA,-0.761817604638889,0.951347885923077,-3.02206815555716,0.00765298584916079,0.10635269084038,-2.72168670464952
"3219","Rv3837c",0.586317867555556,1.53040348984615,3.02119456534067,0.00766729392843736,0.10635269084038,-2.72344449140092
"3997",NA,-0.473847335944445,1.55011640984615,-3.02049180403271,0.00767882301403489,0.10635269084038,-2.72485844325233
"2624","Rv3300c",0.707904707611111,1.266282702,3.01345038385362,0.00779527722220397,0.107687334822199,-2.73902064968635
"4845",NA,-0.453293754722223,1.85290572523077,-3.01047439403268,0.00784501131035948,0.108095785664593,-2.74500337528679
"1269","Rv2108",-0.399965440944444,0.834167111076923,-2.99960865334568,0.00802923562609427,0.110102911316503,-2.76683286736059
"2","Rv0976c",0.775850951166666,2.10014905607692,2.99946140462026,0.00803176088148368,0.110102911316503,-2.76712853843315
"4708",NA,-0.574740909916667,1.91320477623077,-2.99439181401937,0.00811917552602982,0.111017298008979,-2.77730558660292
"16","Rv0988",-0.576593871555556,1.07566509238462,-2.99193614645604,0.00816185079682682,0.111316845473261,-2.78223348373322
"1403","Rvns01",-1.4251817685,5.97042888923077,-2.98634120284345,0.00825989836676697,0.112097079535669,-2.79345674030323
"2720","Rv3388",0.558473209777778,2.65863438207692,2.98505973844703,0.00828251599037691,0.112097079535669,-2.79602645447206
"4283",NA,-0.634150630861112,2.10437871492308,-2.98415854289005,0.00829845802075199,0.112097079535669,-2.79783342535093
"3448","Rv0501",-0.475573725222222,0.989610214769231,-2.98391830736851,0.00830271279396652,0.112097079535669,-2.79831509043535
"4911",NA,-0.715831867194444,2.08784431669231,-2.9820712606119,0.00833549652543941,0.112181202804107,-2.80201798693483
"1209","Rv2054",0.595878561305556,0.940958151923077,2.98121135146001,0.00835080222366395,0.112181202804107,-2.80374167539784
"2553","Rv3235",-0.459827301555557,2.007607492,-2.97780587848092,0.00841168595621728,0.112716591813312,-2.81056652067318
"4681",NA,-0.501935591888889,2.65173649069231,-2.97507085417013,0.0084608957494039,0.113093269867344,-2.81604607656361
"4699",NA,-0.714753429166666,2.27013801338462,-2.97042797784614,0.00854507434688008,0.113934324625068,-2.82534457542803
"1003","Rv1871c",-0.861259462944444,1.17778005023077,-2.96924976046039,0.00856656549133274,0.113937446733359,-2.82770356289228
"412","Rv1341",0.674123482277778,2.26472795284615,2.96644834207317,0.00861787572431953,0.114061504435551,-2.8333113565108
"1757","Rv2530A",0.584796339361111,1.30542601392308,2.96598653604054,0.00862636271438694,0.114061504435551,-2.83423563500992
"381","Rvnr02",-1.77340985375,7.95511702838462,-2.96525988918225,0.00863973335836453,0.114061504435551,-2.83568989084951
"484","Rv1404",-0.414282303083334,1.13403336953846,-2.96191598048929,0.00870152299320191,0.114594995684428,-2.8423807696274
"3291","Rv3901c",-0.727186663305556,1.993278187,-2.95857989960537,0.00876359596109131,0.115101193244482,-2.84905374174259
"4042",NA,-0.590547641694444,4.12996884723077,-2.95754665533161,0.00878290821585692,0.115101193244482,-2.85112002517031
"1856","Rv0257",-0.467124859194444,2.26614692646154,-2.95517184576869,0.00882745242894807,0.115140520167173,-2.85586835278684
"2596","Rv3274c",0.4295994025,0.760742117461538,2.95509635634247,0.00882887197550523,0.115140520167173,-2.85601927181502
"1096","Rv1955",-0.565810926,1.34090261553846,-2.9537856695617,0.00885355427358113,0.115182162394162,-2.85863942200946
"691","Rv1588c",-0.628194134555556,2.45240029238462,-2.95224236298806,0.00888270313103629,0.115281570901585,-2.86172414640989
"3417","Rv0047c",-0.5546574005,1.18679838053846,-2.95096054634102,0.00890698402204775,0.115317474295111,-2.86428584177731
"2762","Rv3424c",-0.550982938555556,2.15401188630769,-2.94747740175044,0.0089732898368887,0.115895984399334,-2.87124516821571
"4983",NA,-0.677923541333333,2.30529156253846,-2.94569795295909,0.0090073485698988,0.116056221958311,-2.8747995486776
"4317",NA,-0.501158515222222,2.70103817384615,-2.93742341495497,0.00916737991634181,0.117834907317967,-2.89131904139516
"2344","Rv3053c",-0.681316135444444,1.78926415753846,-2.93511758862521,0.00921246474183314,0.118131126833076,-2.89591992122189
"2310","Rv3024c",-0.571088536805556,1.98130755123077,-2.92959334635743,0.00932135516233537,0.119242156730591,-2.906938081662
"1203","Rv2049c",1.20904803597222,2.22284441392308,2.92715485184187,0.00936981770284144,0.119576721160072,-2.91179964958681
"5032",NA,-0.462953820888889,2.24533403561538,-2.92537435953698,0.0094053574853264,0.119745168934322,-2.91534858357325
"4150",NA,-0.534069615305556,1.56724495284615,-2.92067346859259,0.00949982001200863,0.120449465728659,-2.92471532980101
"452","Rv1375",0.570669791444444,1.41926527738462,2.91974980852222,0.00951848847915096,0.120449465728659,-2.92655521526542
"3024","Rv3665c",-0.701993146111111,1.437041,-2.91927533603982,0.00952809206510287,0.120449465728659,-2.92750027063716
"3716","Rv0738",0.501941430805555,1.63574562038462,2.91777610583517,0.00955849912446834,0.120549541899177,-2.93048612594864
"1300","Rv2136c",-0.496682179555556,1.32135727246154,-2.91536578688429,0.00960758208375428,0.12077510291684,-2.93528549414344
"1965","Rv0267",0.57098051175,1.43837942069231,2.91359768887215,0.00964374239323289,0.12077510291684,-2.93880529834205
"4449",NA,-0.579976235861111,5.46088772330769,-2.91358598968043,0.00964398209858346,0.12077510291684,-2.93882858603503
"5224",NA,0.550470619138889,2.70207517276923,2.91146064495337,0.0096876243955241,0.120777358625263,-2.94305867986682
"758","Rv1648",-0.515938727944444,2.00922330638462,-2.91138270836492,0.00968922839717593,0.120777358625263,-2.94321377937395
"2972","Rv3618",0.481213677861111,1.22715082807692,2.91005453652342,0.00971660292917591,0.120837567750308,-2.94585673771202
"4618",NA,-0.577050909972222,2.60365794692308,-2.90596312238946,0.00980140186673927,0.121609986124358,-2.95399594422668
"2732","Rv3398c",-0.55495180525,1.19650185461538,-2.90420508131102,0.00983805911144583,0.121782902626674,-2.95749217155092
"1161","Rv2009",0.597188652388889,1.07051260630769,2.89755104619612,0.00997801064390615,0.123230730533034,-2.97071901425419
"4536",NA,-0.682039057499998,5.19112743153846,-2.89528554760542,0.0100260986821111,0.123539974565782,-2.97522015172217
"2779","Rv3440c",0.58558316725,1.37937080392308,2.89039463987032,0.0101306810983658,0.124524530245829,-2.98493366431711
"4465",NA,-0.500070820138889,1.52207635976923,-2.88891002858592,0.0101626351001679,0.124524530245829,-2.98788111181928
"1046","Rv1909c",-0.880753515805557,2.54803543423077,-2.88801376429219,0.0101819730576888,0.124524530245829,-2.98966025910108
"2212","Rv2939",-0.608498164,1.18041930030769,-2.88684706204928,0.0102071994269481,0.124524530245829,-2.99197597845604
"295","Rv1243c",-0.556767642833333,1.21379541753846,-2.88598548126191,0.0102258673183347,0.124524530245829,-2.99368588651667
"928","Rv0176",-0.654504663166667,1.76510670253846,-2.88508584142463,0.0102453951191064,0.124524530245829,-2.99547115158459
"1829","Rv2595",0.602466845222222,1.09469548230769,2.88351690738798,0.0102795372127777,0.124656831358571,-2.99858414886127
"404","Rv1334",-0.742486409083333,1.60435880630769,-2.87841366522812,0.0103913541296036,0.125728347933804,-3.00870594511644
"3603","Rvnt08",2.25181617972222,2.92856053438462,2.87641904865703,0.0104353773488875,0.125976627455038,-3.01266049572674
"2903","Rv3555c",-0.467414049305555,0.813865885923077,-2.86649098244898,0.0106571986239158,0.1283020855679,-3.0323306797009
"4652",NA,-0.821602315972222,2.92377280538462,-2.86566389940041,0.0106758824931499,0.1283020855679,-3.03396834881812
"553","Rv0013",-0.483203100861111,2.14032952507692,-2.86459011090349,0.0107001867341846,0.1283064896985,-3.03609427609353
"3262","Rv3875",-0.514586435416667,1.29896781615385,-2.86292683065687,0.0107379392802452,0.128471773531505,-3.03938678344099
"5333",NA,1.01391141025,1.75806875338462,2.86181716378267,0.0107631977166591,0.128487170960563,-3.04158304771379
"3791","Rv0808",0.460309715833334,0.875571296615385,2.85865755383898,0.0108354324511223,0.129062039862257,-3.04783503953399
"5088",NA,-0.531181366722222,2.95367765330769,-2.85345801939855,0.0109553253209771,0.130124388313981,-3.05811849139273
"2599","Rv3277",-0.456106512277778,1.12850551153846,-2.85268857576409,0.0109731760294625,0.130124388313981,-3.05963974061422
"2468","Rv3162c",0.808874390666666,2.58567151776923,2.8515384979705,0.0109999096898853,0.130153456816303,-3.06191327799269
"2290","Rv3007c",-0.504147527222222,1.33938904784615,-2.84967169819937,0.0110434376958263,0.130380674118125,-3.06560301989274
"3975","Rv0971c",-0.646630931416667,1.72915482084615,-2.84807941356816,0.0110806963698521,0.130533038554741,-3.06874954288616
"2029","Rv2775",-0.53531894525,0.994851265615385,-2.84614193594742,0.0111261962482303,0.130561620693638,-3.0725774099575
"1336","Rv2166c",-0.612726766027778,2.24679957484615,-2.84582264378656,0.0111337118381224,0.130561620693638,-3.07320815048201
"1612","Rv2408",-0.411147901527777,1.91814737484615,-2.84486857649099,0.0111561981861355,0.130561620693638,-3.07509270584707
"2984","Rv3628",-0.742925772277778,1.30058789053846,-2.84211440057589,0.0112213576221486,0.130768282019252,-3.08053179907739
"830","Rv1711",-0.445047919638889,1.26368807353846,-2.84205988538501,0.0112226510688164,0.130768282019252,-3.08063944070069
"5347",NA,-0.498055692277777,2.69516742753846,-2.837951030551,0.0113205548295768,0.131487434078074,-3.08875047561545
"2097","Rv2838c",0.43372310475,1.466830592,2.8374131612955,0.0113334318179236,0.131487434078074,-3.0898119567064
"1639","Rv2431c",-0.882519509944445,1.39066833815385,-2.83410522581525,0.0114129378335747,0.132123859153262,-3.09633864653315
"579","Rv1488",-0.606796486777778,0.957691446538461,-2.83151378239935,0.0114755989947496,0.132497232117211,-3.10144986518853
"1686","Rv2470",0.498597830055555,0.994302908615385,2.83072946181059,0.0114946292788252,0.132497232117211,-3.10299650226593
"562","Rv1473A",0.574341635444444,1.02985709723077,2.8295821033286,0.0115225229949084,0.132533740885642,-3.10525876749477
"1864","Rv2625c",-0.419353054916666,1.47735475953846,-2.82657959488911,0.0115958273273979,0.1330912943787,-3.11117738256755
"3568","RVnc0005",-0.728880454888889,2.57410422330769,-2.82484618218992,0.0116383522460227,0.133171658405487,-3.1145933494811
"3400","Rv0461",-0.515175005194445,1.79639982676923,-2.8232333046624,0.011678055294798,0.133171658405487,-3.11777113873147
"4675",NA,-0.837917111416667,1.938192208,-2.82312777449616,0.0116806576064318,0.133171658405487,-3.1179790390116
"2074","Rv2818c",0.443217350333333,1.037278382,2.82225460119897,0.0117022110277956,0.133171658405487,-3.11969913664793
"4475",NA,-0.725749414638889,2.28033744730769,-2.82056704550755,0.0117439754936397,0.133363789504044,-3.12302300020098
"4246",NA,-0.45699892425,0.910393723615385,-2.8183754848925,0.0117984280473929,0.133698888655446,-3.12733854845574
"3543","Rv0586",-1.04654242013889,1.59802875546154,-2.81332830907086,0.0119247606188007,0.134687972391761,-3.1372728825813
"4500",NA,-0.694128091111111,2.28172481307692,-2.81288306313605,0.0119359677026281,0.134687972391761,-3.13814896304338
"1481","Rv0225",-0.431467289361111,1.04461970584615,-2.80988030318669,0.0120118145247674,0.135259087925953,-3.14405603792781
"2723","Rv3391",0.416729018888889,0.947151539384615,2.80448535268383,0.0121492550259222,0.136519930689608,-3.15466356112395
"3663","Rv0690c",-0.471569116472222,1.48426127646154,-2.80223909496607,0.0122069261401678,0.136881012785145,-3.15907804691335
"3447","Rv0500A",-0.454854183055557,1.71690268369231,-2.79906338866053,0.0122889106709741,0.137512653854741,-3.16531703334538
"3646","Rv0676c",0.605823667583334,1.252800556,2.79650594534425,0.0123553195583983,0.13786736671465,-3.17033957950211
"1932","Rv0264c",0.725665994722222,1.93693429269231,2.79586362571306,0.0123720528712214,0.13786736671465,-3.17160077359787
"1456","Rv2272",-0.506069264111112,1.57588223661538,-2.79423617974011,0.0124145479040509,0.138053893704798,-3.17479580655291
"4657",NA,-0.524668203361111,3.15475369815385,-2.78619155556167,0.0126266789384708,0.140122151366881,-3.19057952408449
"2681","Rv3351c",-0.470398090861111,1.065245829,-2.78426047043662,0.0126781175327233,0.140402293337597,-3.19436595488739
"1090","Rv1950c",-0.456446328166667,1.25388893438462,-2.77902456264937,0.0128186044698499,0.141467532003474,-3.20462771397167
"5264",NA,-0.569043395833333,2.27412653630769,-2.77777787022525,0.0128522752795395,0.141467532003474,-3.20707006842641
"1423","Rv2242",-0.452123631444445,1.02023567107692,-2.77773307921787,0.0128534865831515,0.141467532003474,-3.20715780974443
"568","Rv1478",-0.398191258944444,0.867072030923077,-2.7714195013699,0.0130253313990346,0.143065115366446,-3.21952043857959
"1740","Rv2517c",-0.375493669777778,1.413260778,-2.77042285629893,0.0130526596441407,0.143072097530868,-3.22147104868135
"4194",NA,-0.348912459722222,1.60642764069231,-2.7693464711487,0.0130822363486668,0.143103646589498,-3.22357744074374
"1727","Rv2507",-0.414958353444445,2.14307771992308,-2.7609514101551,0.0133151369738543,0.145190948965937,-3.2399957047552
"3179","Rv3801c",-0.435912634305556,1.49263686284615,-2.7605194148972,0.0133272288976196,0.145190948965937,-3.24084007201941
"3119","Rv3746c",0.46768802175,0.803402562307692,2.75840024637339,0.0133866993928641,0.145543019768259,-3.24498145164817
"4402",NA,-0.580732713888889,2.323573363,-2.75303892371181,0.0135382964084722,0.146893256577755,-3.25545363291327
"3640","Rv0670",-0.395573611888889,1.20768545361538,-2.75176007895049,0.0135747001187622,0.146990692195081,-3.25795048064664
"1840","Rv2604c",-0.408914467527778,0.846029811384615,-2.74884585124551,0.0136580086107903,0.147594609181121,-3.2636387040287
"2452","Rv0310c",0.489291270805555,1.67228925530769,2.74740272884606,0.0136994445737368,0.147744512907905,-3.26645468824541
"4912",NA,-0.549320033833333,0.760393338538462,-2.74489203002348,0.0137718216114769,0.148053182432162,-3.27135255437735
"629","Rv1531",-0.60148084525,1.24714817030769,-2.7440803494441,0.0137952987769233,0.148053182432162,-3.27293562694534
"872","Rv0171",-0.612461397277778,1.41011859392308,-2.74354062247405,0.0138109311970301,0.148053182432162,-3.27398819557833
"733","Rv1626",-0.499029880611111,1.56633404146154,-2.74061907272295,0.0138958455220688,0.148233874057257,-3.27968443966997
"2012","Rv2759c",0.473723459194444,1.15085770007692,2.74041471417685,0.0139018038966539,0.148233874057257,-3.28008280061356
"4448",NA,-0.484587280944445,1.25215614230769,-2.73963107161884,0.0139246749063985,0.148233874057257,-3.28161027185079
"3553","Rv0596c",0.531865164555555,1.70745195269231,2.73871454895052,0.0139514699437819,0.148233874057257,-3.2833965473101
"1266","Rv2104c",0.430191557861111,1.02597869192308,2.73821604965519,0.0139660646266632,0.148233874057257,-3.28436801481533
"3770","Rv0787A",-0.8117799625,1.396785794,-2.73580564902764,0.014036841605558,0.148690654161642,-3.28906444135735
"4851",NA,0.504909701583333,2.33920870107692,2.73301195528925,0.0141193042445722,0.149119900085875,-3.29450575677039
"1061","Rv0187",-0.372137790361111,2.18689101038462,-2.73254929989858,0.0141330054559001,0.149119900085875,-3.29540667763972
"5269",NA,0.824520651416667,1.60666477569231,2.73095292639808,0.0141803790005938,0.149325798513129,-3.29851483254071
"1349","Rv2180c",-0.529990626944444,1.24303380061538,-2.72840821586598,0.0142562104638282,0.149829976639449,-3.30346800975601
"1519","Rv2327",-0.645102706722222,1.63028158530769,-2.72450305855916,0.014373340240873,0.150765369258472,-3.31106588788759
"2067","Rv2808",-1.43478493166667,1.319930864,-2.72059177339902,0.0144915791823178,0.151708719564889,-3.31867160156251
"5359",NA,-0.461547065416666,1.607621883,-2.7162431030863,0.0146241358448633,0.152511908510391,-3.32712301223129
"4724",NA,-0.624939999277777,5.09753686776923,-2.71620804708052,0.0146252091370039,0.152511908510391,-3.3271911210271
"5328",NA,-0.602426732499999,3.04968886653846,-2.71242433616005,0.0147414983092896,0.153415088193202,-3.33454037740579
"4100",NA,-0.770542544722222,3.58358176653846,-2.71153161137875,0.0147690644603903,0.153415088193202,-3.3362737883573
"4541",NA,-0.879499872972222,1.05981395930769,-2.70700803711591,0.0149095078482809,0.154358655944882,-3.34505392295182
"134","Rv1097c",-0.491013106166667,0.982325506076923,-2.70675194306926,0.0149174969737778,0.154358655944882,-3.34555082801289
"3192","Rv3813c",0.407221035416666,1.54263884953846,2.70438936455128,0.0149913939237639,0.154641413959617,-3.35013414863698
"1984","Rv2734",-0.486850069166667,1.50918875961538,-2.70403445024643,0.0150025252348882,0.154641413959617,-3.35082253842907
"2651","Rv3321c",-0.444519520694445,1.36433320269231,-2.69902802061363,0.0151603901794249,0.15596869743132,-3.36052930622013
"986","Rv1856c",-0.860714385555555,2.815591238,-2.69536301652107,0.0152769644846795,0.1568669150151,-3.3676308717817
"3855","Rv0865",0.47737686825,1.37418239476923,2.69408522762179,0.0153178091580661,0.156985577604655,-3.37010593332352
"4048",NA,-0.6266913745,3.37855364823077,-2.69238307896642,0.0153723810418603,0.157244203023609,-3.37340227365036
"3624","Rv0656c",0.493513154583333,1.51154233892308,2.69021029507221,0.0154423123574434,0.157658655687423,-3.37760886936288
"1458","Rv2274c",-0.437565307527777,1.64502468146154,-2.68862598151118,0.0154934956328844,0.157755304093393,-3.38067533755414
"3928","Rv0929",0.542329372222222,1.16200390115385,2.68809633407674,0.015510642771869,0.157755304093393,-3.38170032441567
"5152",NA,-0.560577131666667,1.56516836461538,-2.67873561145848,0.0158167073362517,0.16056354417104,-3.39980251322907
"4835",NA,-0.400636721083333,1.47166484192308,-2.6762739568082,0.0158981501538543,0.161024984386178,-3.40455889501658
"2898","Rv3550",0.470442540722222,1.29474875923077,2.67554794145515,0.0159222465904243,0.161024984386178,-3.40596136814047
"3735","Rv0755c",-0.482945228638889,1.388100797,-2.67158487272072,0.0160543979214159,0.162055692766081,-3.41361436601655
"2738","Rv0335c",-0.435641315222222,2.58454763138462,-2.67058672297712,0.0160878469643312,0.162088082197021,-3.4155411717413
"3136","Rv3762c",-0.385578444194444,1.23326658484615,-2.66893506064456,0.0161433423471765,0.162156608832346,-3.41872888326464
"2039","Rv2784c",-0.653850519222222,1.78869283092308,-2.66858420096697,0.0161551546859091,0.162156608832346,-3.4194059434653
"889","Rv1766",-0.695467208638889,2.10840045546154,-2.66701492185883,0.0162080885994972,0.162383840922065,-3.42243378150012
"3014","Rv3657c",-0.445896149194445,1.93363139969231,-2.66402760851175,0.016309313431147,0.16309313431147,-3.42819570231398
"4784",NA,-0.651811551083333,4.842159919,-2.66005138678891,0.0164449852766983,0.164143614679894,-3.43586107550244
"5323",NA,0.910426557972221,2.46901626461538,2.65820680302366,0.0165082896202462,0.164362996002582,-3.43941553322622
"2214","Rv2941",-0.484215588083334,0.666861857384615,-2.6574865818342,0.0165330700848266,0.164362996002582,-3.44080311289434
"3605","Rv0639",-0.458877106916666,0.999993198307692,-2.65673525857849,0.016558958552499,0.164362996002582,-3.44225045506835
"4575",NA,-0.329956617722223,1.85546478992308,-2.65208920773408,0.0167199107197839,0.165523802766964,-3.45119695496394
"4366",NA,-0.666681382277778,1.39863221023077,-2.65135956058838,0.0167453231380527,0.165523802766964,-3.45260140782838
"2146","Rv2882c",-0.976186306555555,1.16954919884615,-2.65069360683937,0.016768549422101,0.165523802766964,-3.45388312684832
"5095",NA,-0.615158598555555,4.74209393323077,-2.64704938444182,0.016896193868394,0.166477204291529,-3.46089465649468
"5037",NA,-0.508653325888889,2.96376004776923,-2.64352020421,0.0170206928845312,0.167396172222179,-3.46768116764683
"5045",NA,-0.716661570916667,2.73505162492308,-2.64001251395194,0.0171453014157509,0.168008542203545,-3.47442275690207
"3582","Rv0623",0.549821116083333,1.47272376930769,2.63934299933726,0.0171691842758416,0.168008542203545,-3.47570911877801
"1587","Rv2389c",-0.520162424194444,1.52633871323077,-2.63912429518547,0.0171769927476758,0.168008542203545,-3.47612929429436
"5122",NA,-0.6479839735,1.62939601815385,-2.63193349696279,0.0174356243186788,0.17000740570693,-3.48993647263518
"267","Rv1218c",-0.359012546,0.907823379769231,-2.63029771528349,0.0174949751233849,0.17000740570693,-3.49307524027554
"153","Rv1117",-0.936353992944445,1.51255535846154,-2.62955553530422,0.0175219670369403,0.17000740570693,-3.49449908804299
"2122","Rv2859c",-0.458866611638889,1.77366716476923,-2.6291226226292,0.0175377297264756,0.17000740570693,-3.49532954149518
"1388","Rv2215",-0.566685216277778,1.10205713515385,-2.62876374209444,0.0175508071014245,0.17000740570693,-3.49601793756046
"1990","Rv2738c",0.618555767361111,2.60949658461538,2.6281919799013,0.0175716609629924,0.17000740570693,-3.49711459938772
"4701",NA,-0.498430737083333,3.67163587038462,-2.62261903731615,0.0177761642732147,0.171676109016993,-3.50779863794257
"443","Rv1366",-0.36625696275,1.07562191507692,-2.62080126840682,0.0178433581190456,0.171797775549962,-3.51128153365244
"4731",NA,-0.546460748111111,2.70602001653846,-2.61975601238883,0.0178821056028832,0.171797775549962,-3.51328382684295
"3040","Rv3678A",-0.509058617111111,3.79480596553846,-2.61885215456296,0.0179156761360308,0.171797775549962,-3.51501499444199
"1298","Rv2134c",0.447802141722222,1.92016996784615,2.61865949829802,0.0179228394202989,0.171797775549962,-3.51538395926864
"4627",NA,-0.475509756166666,4.03314746353846,-2.61795596077261,0.0179490213261155,0.171797775549962,-3.51673124187686
"1176","Rv2024c",0.653573632833333,1.170757165,2.61433500746004,0.0180843515126717,0.172294797079944,-3.5236630645379
"4588",NA,-0.503655179333334,2.33741824207692,-2.61411205633676,0.0180927158319811,0.172294797079944,-3.52408974558056
"3847","Rv0082",-0.639553330388889,2.51527248423077,-2.6133464285032,0.0181214674943386,0.172294797079944,-3.52555488073434
"4","Rv0978c",0.690815632611111,1.62934154092308,2.61313201556197,0.0181295271554269,0.172294797079944,-3.52596515807994
"4615",NA,-0.507287972527778,2.23457631915385,-2.61072767044382,0.0182201393418722,0.172849463491035,-3.53056490458726
"914","Rv1790",0.746238999916666,2.44908029469231,2.60344634663213,0.0184971885977285,0.175139619056311,-3.54448413818349
"1381","Rv2209",-0.461972337361111,2.19823719846154,-2.60267175457391,0.0185268962695761,0.175139619056311,-3.54596392996976
"1859","Rv2620c",0.602720656027778,1.91328573623077,2.59789532307944,0.0187110913744355,0.176298246898705,-3.55508485827906
"1666","Rv2454c",-0.4781027035,1.08960503715385,-2.59778818237976,0.0187152430010006,0.176298246898705,-3.55528937112223
"3391","Rv0455c",-0.912749728166667,1.69718084653846,-2.59593534736277,0.0187871778993455,0.176375486818078,-3.55882555390902
"78","Rv1044",0.398323721861111,0.792385721923077,2.59506005565296,0.0188212518840674,0.176375486818078,-3.5604957051485
"5010",NA,0.426805734861111,1.07880373261538,2.59503674451411,0.0188221601604367,0.176375486818078,-3.56054018211518
"4986",NA,-0.56883471186111,5.08060482407692,-2.59362087723737,0.0188774051485598,0.17658445304761,-3.56324130297299
"490","Rv1409",-0.470791978527777,1.49071806953846,-2.59085900540188,0.0189856135690101,0.17700106994532,-3.56850849361544
"3754","Rv0772",-0.511869094805556,1.45886880346154,-2.5902001770109,0.0190115131036468,0.17700106994532,-3.569764604805
"2333","Rv3043c",-0.548170172138889,1.58331257838462,-2.58995879762672,0.0190210105015866,0.17700106994532,-3.57022478126442
"4035",NA,0.4426161255,2.27298470392308,2.58848542508465,0.0190790802742875,0.177233743969118,-3.5730332955288
"3888","Rv0894",-0.426898555416667,1.025412792,-2.58186245082653,0.0193421994997182,0.179358980874317,-3.58564960010791
"2179","Rv2912c",0.648749233888889,1.127374227,2.58104820068711,0.0193747854339981,0.179358980874317,-3.58719975190764
"1165","Rv2012",0.393475153888889,0.812614453769231,2.57997125140584,0.01941796465597,0.179432800542923,-3.58924970828025
"4472",NA,-0.397975950694443,2.81940718223077,-2.57918087671696,0.0194497121484026,0.179432800542923,-3.59075394487125
"2983","Rv0035",-0.351517174583334,1.97855775230769,-2.57737593147108,0.0195223976750265,0.179793902986499,-3.5941883771658
"1830","Rv2596",0.654399680194444,1.59063999369231,2.57168277119582,0.0197533577923636,0.181608915552434,-3.60501460408005
"616","Rv1519",0.477656399,1.46060600230769,2.56773326000262,0.0199151044355726,0.182782465367584,-3.61251910603078
"2607","Rv3284",0.583661886444444,2.15633205469231,2.56679341287748,0.019953779460889,0.182824372496351,-3.61430419552526
"1800","Rv2569c",0.435880312805555,0.988918384230769,2.56565899251405,0.0200005562709663,0.182940241659351,-3.61645847508333
"3398","Rv0459",-0.391049951972222,2.30056425292308,-2.56297303698277,0.0201117248340262,0.183587455359389,-3.62155752164063
"4940",NA,-0.460704427305556,1.17482531384615,-2.56209546005397,0.0201481737283117,0.183587455359389,-3.62322302878529
"5315",NA,-0.513232904055557,3.46698232807692,-2.56124939669477,0.0201833731347216,0.183587455359389,-3.6248284971761
"3495","Rv0054",-0.37523883113889,1.946164429,-2.55979383373982,0.0202440666866246,0.183587455359389,-3.62759000577128
"1904","Rv2660c",-0.522704646388889,1.596490982,-2.55929365784548,0.0202649628202828,0.183587455359389,-3.62853878935394
"610","Rv1513",0.50474681925,1.07208472338462,2.55872053373103,0.0202889317289676,0.183587455359389,-3.62962585077506
"2541","Rv3224",-0.398248705805555,1.20973597476923,-2.55819163797526,0.0203110748186787,0.183587455359389,-3.6306289304078
"4679",NA,0.507630330972222,0.826903531230769,2.55414385068543,0.0204813033255226,0.18471679854425,-3.63830283290303
"3463","Rv0514",-0.406040880638889,2.15498411769231,-2.55358425749155,0.020504943121983,0.18471679854425,-3.63936331371729
"5027",NA,-0.59565703525,2.90454990776923,-2.55176013934762,0.020582182187767,0.185101504238979,-3.64281949189458
"958","Rv1831",-0.557888034416667,1.59315606007692,-2.55047782974086,0.0206366444987588,0.185280426320514,-3.64524846224875
"5035",NA,-0.436726707805556,2.741667185,-2.54893969038109,0.0207021528045076,0.185557757578864,-3.64816133463837
"4491",NA,-0.669414581333334,2.951088113,-2.54798664803929,0.020742841166796,0.185612067869827,-3.64996579098126
"2856","Rv3513c",-0.489173444638889,1.60176753115385,-2.5428075999907,0.0209652804366754,0.187287385890764,-3.65976651194816
"257","Rv1209",0.522111769333333,1.64856242415385,2.54200514385959,0.0209999475597667,0.187287385890764,-3.66128428984811
"2506","Rv0315",-0.391795700333334,1.53975288284615,-2.54031594140655,0.0210731009750287,0.187473248697846,-3.66447859380105
"4941",NA,-0.591388786666667,2.48454410784615,-2.53990945558637,0.0210907404785076,0.187473248697846,-3.66524712612785
"3827","Rv0838",-0.381117604861111,2.62431500723077,-2.53753329071569,0.0211941348727069,0.188080402181638,-3.66973860997064
"2014","Rv2761c",0.516062202805555,1.41952734846154,2.53606304887469,0.0212583501526911,0.188338441022189,-3.67251677977943
"32","Rv1001",0.611648401055556,1.16771423453846,2.53263743178393,0.021408685869065,0.189357353561367,-3.67898710303348
"1106","Rv0018c",-0.439021131388889,1.03372270515385,-2.53128573273805,0.0214682829275739,0.189435313892697,-3.68153914794378
"3819","Rvnt13",-1.39346719733333,3.57252149030769,-2.53083513615796,0.0214881848594701,0.189435313892697,-3.68238975422992
"177","Rv0110",-0.467328536111111,2.34255330761538,-2.52771162403402,0.0216266253496553,0.189979449230677,-3.68828428954332
"2497","Rv3190A",-0.719013883972222,1.478004769,-2.52735059155579,0.0216426814191902,0.189979449230677,-3.68896540618407
"4270",NA,-0.701719500277778,1.66109421661538,-2.52409715557398,0.0217878805362968,0.189979449230677,-3.69510134607145
"1222","Rv2064",0.626159817194444,1.74782227630769,2.52350897129864,0.0218142291676561,0.189979449230677,-3.69621028349059
"1823","Rv0254c",-0.410131445472222,0.976839009692308,-2.52310122222726,0.021832512629881,0.189979449230677,-3.6969789693752
"3196","Rv3817",0.799454914555556,1.375620844,2.52253539811032,0.0218579082168524,0.189979449230677,-3.69804556672876
"4978",NA,-0.416379572027779,1.94747730661538,-2.52221022534269,0.0218725154300482,0.189979449230677,-3.69865848059662
"5109",NA,-0.508466437055557,3.67740369684615,-2.52174740453268,0.0218933219265591,0.189979449230677,-3.6995307854322
"5304",NA,-0.483514213361111,2.293381033,-2.52170654086957,0.0218951598868369,0.189979449230677,-3.6996078001259
"89","Rv1057",0.640548750749999,1.90075790269231,2.52139485819772,0.0219091835154507,0.189979449230677,-3.70019520234056
"4243",NA,-0.497087117611112,3.65919078223077,-2.52063009443253,0.021943628796042,0.189979449230677,-3.70163635293642
"5227",NA,-0.646389180944446,1.89690020430769,-2.51992936838231,0.0219752347990708,0.189979449230677,-3.7029566591366
"4477",NA,-0.386193747861111,0.929075044384615,-2.51538314347083,0.0221813398634614,0.191211447010846,-3.71151870559107
"5226",NA,-0.418740538333333,2.05006392823077,-2.51521298328967,0.0221890895598408,0.191211447010846,-3.71183904079655
"5235",NA,-0.533505879138889,5.07123208023077,-2.51042573565849,0.0224081707662192,0.19246475981285,-3.72084734082672
"511","Rv1428c",0.453734270916667,1.18638590776923,2.50876689488176,0.0224845614274799,0.19246475981285,-3.72396705087771
"2342","Rv0300",0.574727280527778,1.67635601553846,2.50857236644218,0.0224935357063354,0.19246475981285,-3.72433283202523
"3118","Rv3745c",-0.57196713738889,2.47668665153846,-2.50830762591325,0.0225057545587283,0.19246475981285,-3.72483061605761
"4543",NA,0.635939899305555,2.28692511038462,2.50685035636597,0.0225731259555487,0.19246475981285,-3.72757025959978
"195","Rv1155a",-0.638247595333334,1.53689480015385,-2.50668825605078,0.0225806318350908,0.19246475981285,-3.72787496179256
"1436","Rv0221",-0.353103732055556,1.01110751261538,-2.50657487565561,0.0225858831944558,0.19246475981285,-3.72808807926468
"2171","Rv2905",0.500674883527778,1.24035283546154,2.50236776692371,0.0227815594649734,0.193824061479774,-3.73599300566272
"957","Rv1830",0.509575682083333,1.11908263076923,2.50035402658353,0.0228757865326845,0.19421889353987,-3.73977461375035
"1947","Rv2700",-0.360325888666667,2.24998957853846,-2.49982851841593,0.0229004367009698,0.19421889353987,-3.74076124275298
"4638",NA,-0.365180244583334,2.40840899384615,-2.49862882376967,0.0229568052665539,0.194389377928482,-3.74301329269815
"3203","Rv3822",-0.435790050416667,1.98845570361538,-2.49663844349983,0.0230506141996605,0.194680253902291,-3.74674853765395
"303","Rv1250",0.326343344444445,2.28851632269231,2.49635931596241,0.0230637987365587,0.194680253902291,-3.74727225527692
"1826","Rv2592c",0.445994767138889,1.18098922876923,2.49198194996286,0.0232714973423127,0.196122992526138,-3.7554819175347
"5020",NA,-0.430204137611112,2.22944619176923,-2.49048339088918,0.0233430066019388,0.196122992526138,-3.75829094501012
"4012",NA,-0.373023823722222,2.48681303092308,-2.49045233945669,0.0233444905282977,0.196122992526138,-3.75834914242229
"2287","Rv3004",0.633663887083333,2.20300684361538,2.48900316708467,0.0234138446834081,0.196397820818572,-3.76106485541734
"1347","Rv2178c",-0.502103195472222,1.33714436269231,-2.4875573566074,0.0234832318686669,0.196672066900086,-3.7637735573754
"393","Rv1324",-0.3698165125,0.729655662153846,-2.48508227604649,0.023602466703319,0.197362280077676,-3.76840892865329
"4407",NA,-0.387854084166667,0.788434523538462,-2.48154738592537,0.023773748586308,0.198484879162946,-3.77502550555961
"3424","Rv0482",0.455321264916667,1.28996888792308,2.47764271012703,0.0239643120885652,0.199462039751645,-3.78232927468608
"5053",NA,0.562199548694444,2.01586759092308,2.47762427461872,0.0239652152238917,0.199462039751645,-3.78236374624775
"5055",NA,-0.325952043138889,1.02472474046154,-2.47439529583993,0.024123895823036,0.200267046304732,-3.78839963729785
"1804","Rv2572c",0.431009593888889,1.08451606030769,2.47413637614347,0.0241366626703091,0.200267046304732,-3.7888834773912
"4832",NA,-0.463695792555555,3.44286917992308,-2.47335419979634,0.0241752690565807,0.200277344889138,-3.79034498054991
"5205",NA,-0.46241372075,2.58902229584615,-2.4711582556073,0.0242839673206706,0.200867384010485,-3.79444699318371
"2488","Rv3179",-0.391485695055556,0.977327540384615,-2.46694069841547,0.0244940288065892,0.20218659439821,-3.80232069363395
"4549",NA,-0.353436935333333,1.25008269392308,-2.46644366765971,0.0245188967087382,0.20218659439821,-3.80324818775239
"1626","Rv2420c",0.531476875861111,1.58094553569231,2.46204319157007,0.0247401061928597,0.203296833814971,-3.81145604017488
"4930",NA,-0.430479129777777,2.72986065907692,-2.46102458805964,0.0247915783129394,0.203296833814971,-3.81335499842689
"108","Rv1075c",0.653454350638889,1.63300805176923,2.46100247865336,0.0247926966650104,0.203296833814971,-3.81339621245535
"1072","Rv0188",-0.452478787472222,1.66611825007692,-2.46075440773936,0.0248052480065282,0.203296833814971,-3.8138586284593
"3069","Rv0365c",-0.480872053416667,1.05343792815385,-2.45865561922744,0.024911677792522,0.203684669058945,-3.81777001069652
"1102","Rv1961",0.414095577611111,2.60664287323077,2.45772598356293,0.024958957119598,0.203684669058945,-3.81950202334254
"1101","Rv1960c",0.547648322444444,1.04267631430769,2.45757640416714,0.024966572308158,0.203684669058945,-3.81978067784576
"4114",NA,-0.587430392027777,2.07845226015385,-2.45260428911716,0.0252209555593367,0.205172339056398,-3.82903887104496
"4555",NA,0.403497955083332,2.48166819238462,2.45237088331697,0.0252329568614149,0.205172339056398,-3.82947326484018
"2510","Rv3199c",-0.548910702027778,1.61660660584615,-2.45112638797175,0.0252970374094648,0.205172339056398,-3.83178908379626
"3940","Rv0940c",-0.449800118111111,1.41827839923077,-2.45102942482442,0.0253020365888581,0.205172339056398,-3.83196949477188
"1","Rv0001",-0.3090249215,1.80730433523077,-2.448287259276,0.0254438016951862,0.205587053840948,-3.83707023474609
"4550",NA,-0.385829116805556,1.52292439676923,-2.44793251450212,0.0254621959207486,0.205587053840948,-3.83772990670452
"3835","Rv0846c",-0.384325137027778,0.754236393538462,-2.44781586880747,0.0254682469683563,0.205587053840948,-3.83794680757839
"5059",NA,0.376503889833333,0.899458799615385,2.44680723489499,0.0255206268109138,0.205700089784208,-3.83982214642058
"4917",NA,-0.380311177888889,1.56727589207692,-2.44539024521093,0.0255943845381618,0.205984836523344,-3.84245612808025
"1847","Rv2610c",-0.559983867972223,1.50176729038462,-2.44267331866928,0.0257363687569985,0.206595370748104,-3.84750451917502
"3933","Rv0934",-0.409072223111111,1.13704944523077,-2.44096118457093,0.0258262238729126,0.206595370748104,-3.85068453513654
"4179",NA,-0.464753051888889,2.21792948015385,-2.44093925132365,0.0258273768726039,0.206595370748104,-3.85072526589212
"5246",NA,-0.540896012166667,1.72906172353846,-2.44040413448033,0.0258555222197235,0.206595370748104,-3.85171894236575
"541","Rv0142",0.496275739861111,1.50479283446154,2.44008044038447,0.0258725614498494,0.206595370748104,-3.85231997142372
"4180",NA,-0.533367090833333,4.21528460069231,-2.43932505318305,0.0259123660833376,0.206595370748104,-3.8537224151272
"4959",NA,-0.472070577416667,2.36336722769231,-2.43856209128384,0.0259526283533825,0.206595370748104,-3.85513871585071
"4484",NA,-0.415434237861111,2.16372997123077,-2.4380705814363,0.025978596993325,0.206595370748104,-3.85605100519871
"2615","Rv3292",0.403065069972222,0.924493383692308,2.4330708061842,0.0262441500979389,0.208213563780126,-3.86532617037
"2163","Rv2898c",0.467112519305556,1.88190069053846,2.4327781954709,0.0262597703573442,0.208213563780126,-3.86586872063332
"482","Rv1402",-0.597010774694444,2.02999530453846,-2.43098274442002,0.0263558074251703,0.208666363070772,-3.86919712243457
"557","Rv1469",-0.442067234027778,1.34420694061538,-2.42792763814284,0.0265199818930796,0.209656494021986,-3.87485801187859
"4051",NA,-0.440025208916667,0.915564570307692,-2.42534949070802,0.0266592732565681,0.21044728226098,-3.87963252098384
"3825","Rv0080",0.470604933944444,2.30124406530769,2.4235188796643,0.0267585941570853,0.210920683355849,-3.88302120259209
"1130","Rv1982A",-0.743103414833334,1.17180493223077,-2.41698786052626,0.0271157791506212,0.213064199459104,-3.89510103570365
"2940","Rv3587c",0.490951170888889,1.19916501515385,2.41483973971563,0.027234236651223,0.213064199459104,-3.89907083930121
"225","Rv1180",1.14312016819444,1.53554103092308,2.41479782067431,0.0272365530924435,0.213064199459104,-3.8991482904898
"811","Rv1695",-0.346507690555555,0.834326059384615,-2.41405170507351,0.0272778143229904,0.213064199459104,-3.9005267345965
"1996","Rv2744c",-0.371670251972222,0.663526085307692,-2.41379546526359,0.0272919982783362,0.213064199459104,-3.90100008936294
"5133",NA,-0.390594987194445,1.64604374753846,-2.41375599639108,0.0272941836625924,0.213064199459104,-3.90107299854292
"4172",NA,-0.631390777750001,3.72220839546154,-2.41349230811215,0.027308788251568,0.213064199459104,-3.9015600841986
"3038","Rv3677c",0.455069458833333,1.12234729438462,2.41013316993223,0.0274954801808315,0.214208973501827,-3.90776287420857
"931","Rv1805c",-0.290012204111111,1.66558196123077,-2.40869620812866,0.0275757080596803,0.214522199129008,-3.91041502634708
"4525",NA,-0.511302207527778,1.19432216238462,-2.40667148372573,0.0276891246939672,0.215092330956035,-3.91415070985543
"366","Rv1304",-0.780425375472222,1.59646651753846,-2.40570650205884,0.0277433328809084,0.215201540147133,-3.91593060442839
"1098","Rv1957",-0.72248186225,1.36014273646154,-2.40158170776587,0.0279761693315332,0.216694028348292,-3.92353487285892
"1251","Rv2090",-0.5584845865,1.81818331823077,-2.4000480436163,0.0280632082648471,0.217054540114835,-3.92636066447157
"4989",NA,-0.64153595688889,3.25570044815385,-2.39781311780136,0.0281905003067235,0.217409530708382,-3.93047698473233
"19","Rv0991c",-0.716918143472222,1.45072936076923,-2.39751974173142,0.0282072499371002,0.217409530708382,-3.93101719229185
"4067",NA,-0.375563207388889,1.30722242207692,-2.39710770809433,0.0282307898084018,0.217409530708382,-3.93177583606842
"4428",NA,-0.3464927665,1.56171336692308,-2.3953587524041,0.0283309145272169,0.217867577999832,-3.9349953460175
"4944",NA,0.664399864111112,3.29348536869231,2.39374183671662,0.0284237763318986,0.218167444009778,-3.93797078681002
"1050","Rv0186A",-0.571083737305556,2.62710324446154,-2.39326330018912,0.0284513140602304,0.218167444009778,-3.93885120168016
"496","Rv1415",-0.442298565388889,1.11417208238462,-2.38896177607638,0.0286999737064106,0.219403331568684,-3.94676135803623
"1962","Rv2714",0.640349609888889,1.11024765769231,2.38888737258932,0.0287042926419549,0.219403331568684,-3.94689811951224
"3166","Rv3789",-0.461553929111111,1.06719947246154,-2.38776315748945,0.0287696246855482,0.219403331568684,-3.94896429474765
"1357","Rv2187",0.633233954138889,1.16807908523077,2.38764979092329,0.0287762205396987,0.219403331568684,-3.94917262303117
"1016","Rv1883c",-0.371134925888888,0.935144201923077,-2.38600635383242,0.0288719977417103,0.219521001254852,-3.95219214985973
"4376",NA,-0.402694225555555,1.257974076,-2.38597951185651,0.0288735645307222,0.219521001254852,-3.95224145890769
"4191",NA,-0.341011865138889,0.943194772846154,-2.37572663738783,0.0294778943299019,0.223798177915402,-3.97105638305736
"3562","Rv0060",-0.309934819222222,1.23423064853846,-2.37294513300218,0.0296438739362465,0.224739977791062,-3.97615387260431
"5155",NA,-0.451106167472222,1.42442538946154,-2.37015541952752,0.0298112217341591,0.225689475275555,-3.98126347126601
"1082","Rv1942c",0.598290569111111,1.49634849523077,2.36910139410979,0.0298746798376536,0.225850894118227,-3.9831932422934
"5299",NA,-0.483794003222222,1.64983587207692,-2.36644567807687,0.0300351293537474,0.226172502876842,-3.98805361386191
"4655",NA,-0.474654063722222,2.381792195,-2.36636925098812,0.0300397587362943,0.226172502876842,-3.98819344763796
"4795",NA,0.346737213777777,2.16429915630769,2.36630237579898,0.0300438100836401,0.226172502876842,-3.98831580309137
"5301",NA,-0.311983159111111,2.97045923507692,-2.36340502752003,0.0302198250974619,0.227178488811214,-3.99361518499654
"281","Rv1230c",-0.546319003777778,1.12827402423077,-2.3611532205142,0.0303572888017937,0.227892252069488,-3.99773163473643
"4554",NA,-1.13277848275,1.46372218446154,-2.35955536774358,0.0304551856650823,0.228307405824953,-4.0006514400147
"1241","Rv2080",-0.475033080527777,1.103833823,-2.35620958346195,0.0306611312216843,0.229406625830436,-4.00676213172758
"2863","Rv3519",-0.438681783638889,2.18800062946154,-2.35576422031742,0.0306886429589339,0.229406625830436,-4.00757521317463
"1824","Rv2590",-0.361142874555556,0.712371261923077,-2.35458233221157,0.0307617644803952,0.229406625830436,-4.00973256958756
"3022","Rv3663c",0.48904731625,1.28740261569231,2.35440070857958,0.0307730156664335,0.229406625830436,-4.01006404830144
"5082",NA,-0.464777182833334,2.30803003661538,-2.35181928339737,0.0309333456233322,0.229795300217752,-4.01477400068181
"3782","Rv0800",-0.466178472888889,1.50719052423077,-2.35165605835079,0.0309435095732291,0.229795300217752,-4.01507172763821
"3893","Rv0898c",-0.551722672194444,2.42707263576923,-2.35149133608865,0.0309537699173913,0.229795300217752,-4.01537217516249
"4359",NA,-0.62526598411111,2.55831514046154,-2.35041698088102,0.0310207681765389,0.229974159649029,-4.01733150444851
"3419","Rv0477",-0.319201668777777,1.43720284830769,-2.34960028680065,0.0310717889469963,0.230034238613122,-4.01882063302778
"3202","Rv3821",-0.439313820916667,1.87948783169231,-2.34685618448704,0.0312437941289243,0.230988602111771,-4.02382223910223
"4327",NA,0.337080220777778,2.25575701476923,2.34461485907086,0.0313849437507002,0.231712532374316,-4.02790528766583
"533","Rv1448c",0.349129091694444,1.10404528853846,2.34259279925835,0.0315127956072494,0.232208413420826,-4.03158722865435
"1549","Rv2352c",-0.415359213944444,2.84991233561538,-2.34186229653404,0.031559103662176,0.232208413420826,-4.03291700123062
"1532","Rv2338c",-0.543919663833333,0.980710597230769,-2.34150026485573,0.03158207712384,0.232208413420826,-4.033575949809
"2621","Rv3297",-0.435209612666666,1.26411403238462,-2.34055596258356,0.0316420732462862,0.232237789315724,-4.03529447326537
"4542",NA,0.288695455722222,1.80678584323077,2.34007411487305,0.0316727283563048,0.232237789315724,-4.03617124817307
"4127",NA,0.402653846583334,1.87474237407692,2.33832808411203,0.03178404305448,0.232258738611125,-4.039347586849
"2810","Rv3469c",0.433852239722222,0.940950860384615,2.33773178269546,0.0318221426243415,0.232258738611125,-4.04043209276446
"4063",NA,-0.430998334194444,2.67300482161538,-2.33750634960484,0.0318365573512337,0.232258738611125,-4.04084205658865
"4907",NA,-0.351819488027778,0.728136111384615,-2.3373131967419,0.0318489128505927,0.232258738611125,-4.04119330110073
"4593",NA,-0.682403897888889,2.22051667923077,-2.33092410269674,0.0322601375757776,0.234937958432293,-4.05280352922342
"815","Rv1699",-0.361499218361111,0.690308832615385,-2.32624547731073,0.0325644057410979,0.236668934012843,-4.06129536324841
"1564","Rv2369c",-0.363131235416667,2.60504280415385,-2.32342926964911,0.0327488418182349,0.236668934012843,-4.06640270827387
"4090",NA,-0.471125239194445,2.51691444461538,-2.32256566192227,0.0328055950770022,0.236668934012843,-4.06796828137462
"5291",NA,-0.383165156666666,0.780107857615385,-2.32085013268566,0.0329186056112702,0.236668934012843,-4.07107736918564
"2451","Rv3147",-0.358832099000001,2.22657918161538,-2.32075378095874,0.0329249635314745,0.236668934012843,-4.07125195485709
"3684","Rv0069c",-0.448314544194444,1.49427401923077,-2.32059263295588,0.032935599693206,0.236668934012843,-4.07154394071985
"4815",NA,-0.318905788750001,1.87613092107692,-2.32038775738946,0.0329491266036856,0.236668934012843,-4.07191514222027
"1968","Rv2719c",-0.386485132416667,1.71329662761538,-2.31967416430369,0.0329962820186393,0.236668934012843,-4.07320792827286
"4206",NA,-0.484690115305556,2.18820654453846,-2.31908391770538,0.0330353340020724,0.236668934012843,-4.07427710054561
"4299",NA,-0.321546525944444,2.50465579515385,-2.31894339510492,0.033044637623677,0.236668934012843,-4.07453162276436
"4253",NA,0.395146904805555,2.17010300753846,2.31871627673267,0.0330596796786776,0.236668934012843,-4.07494297545306
"1584","Rv2386a",0.439878957916666,2.067055721,2.31830248934964,0.0330871012266436,0.236668934012843,-4.07569236717329
"3549","Rv0593",-0.427009403583333,1.80460001246154,-2.31767141009153,0.033128963438486,0.236668934012843,-4.07683515583931
"1352","Rv2182c",-0.488373675611111,0.953890261153846,-2.31718675898285,0.0331611459300839,0.236668934012843,-4.07771267822777
"2162","Rv2897c",-0.482852938416667,1.51402250323077,-2.3155977205928,0.0332668679062481,0.236668934012843,-4.08058918064109
"1067","Rv1928c",-0.349389629888889,1.24765108361538,-2.3154070067563,0.0332795775677382,0.236668934012843,-4.08093434649314
"690","Rv1587c",-0.38897469175,1.49127431253846,-2.31425195430191,0.0333566499313791,0.236668934012843,-4.08302452411078
"1020","Rv1886c",-0.445796793694444,1.18912659576923,-2.31415942555229,0.0333628312177431,0.236668934012843,-4.08319194077721
"4579",NA,0.498421226111111,1.11414568084615,2.3136027528736,0.033400041673879,0.236668934012843,-4.08419908328941
"4797",NA,0.330298597027777,1.48081096923077,2.31352856934815,0.0334050033451929,0.236668934012843,-4.08433328819219
"2380","Rv3086",-0.3728195095,1.40335045423077,-2.31293725481856,0.0334445772178535,0.236668934012843,-4.08540295295343
"3824","Rv0836c",-0.491937812722222,1.18309071061538,-2.31256927911892,0.0334692261159954,0.236668934012843,-4.08606853631698
"4372",NA,-0.314321214,2.83374788569231,-2.31012164727115,0.033633611984409,0.237517997676459,-4.09049436674017
"3566","Rv0609",-0.404837866027778,0.882883437461538,-2.30733659770735,0.0338215733145469,0.238531096007857,-4.09552741231396
"2522","Rv3208A",-0.51775202663889,1.920376538,-2.30314301967483,0.034106440475406,0.239934086877486,-4.10310004930456
"3652","Rv0680c",0.410396877138889,1.53099122969231,2.30309034923851,0.0341100325001202,0.239934086877486,-4.10319511517668
"4883",NA,-0.618347605861112,2.06295639069231,-2.30084633948261,0.0342633970733941,0.240696996478889,-4.10724433642021
"692","Rv1589",-0.476589644388889,1.02278603161538,-2.30002410004368,0.0343197525930434,0.240777321856954,-4.10872752632787
"1526","Rv2332",0.485919811694445,1.63370328223077,2.29905693333222,0.0343861516377817,0.240927807553608,-4.11047179397632
"4011",NA,-0.361012051555555,1.56348649569231,-2.29738474616313,0.0345012344924529,0.241418559894971,-4.11348666456615
"1480","Rv2295",-0.468383723666667,1.21874142915385,-2.29664372519363,0.0345523472973585,0.241460992847251,-4.11482232823101
"5280",NA,0.446854527861111,1.82411844723077,2.29326268823271,0.0347864530761122,0.242780453760366,-4.12091371229349
"618","Rv1521",-0.372964687166667,0.970488600615385,-2.29253104778066,0.0348373061447408,0.242819194975046,-4.12223125079218
"3328","Rv0397A",-0.588280396805555,2.42464804130769,-2.29114252438894,0.0349340062774568,0.24291845218965,-4.12473110837922
"5004",NA,-0.387654200027778,1.65488865261538,-2.2900126523913,0.0350128773264037,0.24291845218965,-4.12676472079271
"3823","Rv0835",0.413665388194444,0.982156879538462,2.28999261030365,0.035014277862816,0.24291845218965,-4.12680078908852
"2423","Rv3123",0.443246588027778,2.41763920123077,2.2897272080682,0.0350328290191417,0.24291845218965,-4.12727839892963
"5185",NA,-0.488798122666667,4.34293946069231,-2.28528373555987,0.0353447796304212,0.244764882195165,-4.13527048714097
"3247","Rv3861",-0.341677106666667,1.62951286776923,-2.28322415256022,0.0354902445677127,0.245246512846572,-4.13897215422217
"1627","Rv2421c",0.432644208861111,0.987607563076923,2.2830038305145,0.035505838427041,0.245246512846572,-4.13936803431065
"4331",NA,-0.295302170888889,1.76380653353846,-2.28084458223313,0.0356590018869184,0.245987451884019,-4.14324677585899
"1473","Rv2288",-0.360630858638889,1.66408557423077,-2.28010718961429,0.0357114482468466,0.246032599746912,-4.14457094637803
"4344",NA,-0.459611400888889,1.46812148169231,-2.27841923483747,0.0358317721679631,0.246544671142853,-4.14760124830739
"4656",NA,-0.408526245333333,1.30649478684615,-2.27743184848139,0.0359023312290776,0.246713455625456,-4.14937331330246
"1260","Rv2099c",-0.677806736388889,1.270491128,-2.27576522716135,0.0360217213532123,0.247216935279409,-4.15236349614627
"4221",NA,-0.6915531585,2.40412479723077,-2.27450997718734,0.0361118856300128,0.247430136151453,-4.1546148606921
"1009","Rv1876",-1.13105886211111,1.69701070030769,-2.27238974966001,0.0362646567869185,0.247430136151453,-4.1584161420869
"3456","Rv0508",0.316838315305555,2.14529838115385,2.27213670616544,0.0362829296173238,0.247430136151453,-4.15886969129678
"4557",NA,-0.408270742194444,3.05886618338462,-2.27165418553737,0.0363177971761376,0.247430136151453,-4.15973447683287
"1311","Rv2144c",-0.786845064083334,2.72963302523077,-2.27109815317449,0.0363580153368175,0.247430136151453,-4.1607308929733
"904","Rv1780",0.440726805805555,0.939432588615385,2.26978156977778,0.0364534094116387,0.247430136151453,-4.16308971672937
"1086","Rv1945",-0.418488120694445,1.16917959315385,-2.26944255789397,0.0364780103416178,0.247430136151453,-4.1636969831289
"4595",NA,-0.436197096055555,1.58895133853846,-2.26917066380241,0.0364977518906086,0.247430136151453,-4.16418398825286
"3612","Rv0645c",-0.379970714916667,0.665510672461538,-2.26819219393702,0.0365688781644821,0.247430136151453,-4.16593632921872
"4841",NA,0.570409282861111,0.915152958538462,2.26758144525374,0.036613339438558,0.247430136151453,-4.16702991807843
"5314",NA,-0.289455922527778,1.568975394,-2.26710628549319,0.0366479647797069,0.247430136151453,-4.16788061869708
"941","Rv1815",-0.420941148583334,1.70228224107692,-2.26668932193271,0.0366783743215733,0.247430136151453,-4.1686270510314
"1548","Rv2351c",-0.382410441138889,0.894923228230769,-2.26655043036477,0.0366885090075222,0.247430136151453,-4.16887567347361
"3731","Rv0751c",-0.395092169027778,2.02941172046154,-2.26566356867603,0.0367532830762979,0.247430136151453,-4.17046300938603
"4782",NA,-0.472624585305556,2.27620584276923,-2.26530137360374,0.0367797673448043,0.247430136151453,-4.17111118508003
"1793","Rv2561",-0.291270137666667,1.32970600015385,-2.26500121122336,0.0368017290936439,0.247430136151453,-4.17164830736904
"3336","Rv0404",0.385686556083333,0.925532404846154,2.26392779697972,0.0368803662866985,0.247430136151453,-4.17356881125607
"4854",NA,0.520498618361111,1.52771512807692,2.26388221897247,0.0368837087285469,0.247430136151453,-4.17365034677985
"1361","Rv0214",-0.370577379944445,1.21886605576923,-2.26244383599381,0.0369893362573485,0.247765307146208,-4.17622305974181
"1561","Rv2366c",0.474426006722222,1.33368356038462,2.26132936487301,0.0370713700666025,0.247765307146208,-4.17821582862654
"4176",NA,-0.376782657472222,2.49841021115385,-2.26077330056314,0.0371123637860183,0.247765307146208,-4.17920992578817
"4513",NA,-0.481822313083335,3.28586648807692,-2.26068914895386,0.037118571201195,0.247765307146208,-4.17936035559925
"3706","Rv0071",-0.371121748694445,1.04072720784615,-2.25931713449335,0.0372199132171243,0.248132754780828,-4.18181255958337
"2492","Rv3183",-0.397652195583333,1.00740149538462,-2.25804985877704,0.0373137465741327,0.248211142747427,-4.18407686770141
"3451","Rv0050",-0.313198278694445,2.55300968169231,-2.25790768166271,0.0373242875101541,0.248211142747427,-4.18433086128458
"5025",NA,-0.468948165083333,2.23459832576923,-2.25685664223474,0.037402296644613,0.248421697664344,-4.18620823872291
"197","Rv1157c",-0.308460868555555,1.87127228792308,-2.25418657079112,0.0376011516331171,0.248628435722947,-4.19097547475669
"459","Rv1381",0.486730998388888,1.70046014976923,2.25411670445088,0.037606368089619,0.248628435722947,-4.19110017650501
"186","Rv1148c",-0.328168311777778,1.87364724238462,-2.25405631326309,0.0376108776393943,0.248628435722947,-4.19120796477323
"4535",NA,0.459349074416666,1.22134054992308,2.25328950776609,0.0376681803517509,0.248628435722947,-4.19257645296872
"3297","Rv0386",0.46437475825,1.309378086,2.25298610027638,0.0376908760496924,0.248628435722947,-4.19311786470234
"1956","Rv2708c",-0.381030017833334,1.51230564715385,-2.2522565478418,0.0377455003847997,0.248628435722947,-4.19441954781159
"5098",NA,-0.732541257166666,1.51563778723077,-2.25160401370077,0.0377944201732164,0.248628435722947,-4.19558362442999
"5138",NA,-0.651317053833333,2.700594732,-2.25146952046381,0.0378045102825004,0.248628435722947,-4.19582352906804
"1782","Rv2551c",0.595697918694444,3.00069126815385,2.25041962106181,0.0378833628470699,0.248841697132714,-4.19769604473067
"4678",NA,-0.34405728125,0.899821976846154,-2.24945140301114,0.0379562156911932,0.249015074791671,-4.19942247046782
"4277",NA,-0.456571398999999,3.09343615938462,-2.248620800715,0.0380188170842854,0.249120855222212,-4.20090320060219
"4315",NA,-0.907352108111112,3.31335180392308,-2.24754923289618,0.0380997209291541,0.249346158950264,-4.20281307642279
"1380","Rv2208",0.473994975222222,1.29438968546154,2.24677582542138,0.0381582125239585,0.249424413571241,-4.20419123549958
"5044",NA,-0.441730704888889,1.61323734807692,-2.24539412784553,0.0382629150687792,0.249804171459996,-4.20665269951459
"2496","Rv0314c",-0.315534948694445,1.38101025707692,-2.2441789327299,0.0383552200456531,0.250102164774575,-4.20881687867697
"2015","Rv2762c",0.638571953,1.57858270115385,2.24242066078353,0.0384891413857003,0.250670471236153,-4.2119471384567
"4532",NA,-0.967205437055556,5.10497517038462,-2.24156644812398,0.0385543597662889,0.250790495567122,-4.21346742638931
"5310",NA,-0.486929553388889,1.68510328107692,-2.2378107010325,0.0388423223822486,0.251601844376759,-4.22014807071341
"2855","Rv3512",-0.559660704055556,4.934087353,-2.23655839117083,0.0389387814963078,0.251601844376759,-4.2223743255578
"1078","Rv1938",-0.377431817,0.953043733769231,-2.23628395703672,0.0389599493419896,0.251601844376759,-4.22286210346077
"4969",NA,0.759383503583334,1.63349562569231,2.23581697226162,0.0389959935977416,0.251601844376759,-4.22369204649795
"1649","Rv2439c",-0.43672653936111,1.72749661961538,-2.23565691775723,0.0390083545102408,0.251601844376759,-4.22397648013379
"1322","Rv2154c",0.45842938775,1.74953409076923,2.23533422585599,0.0390332868260961,0.251601844376759,-4.2245499044152
"934","Rv1809",0.593541537055555,1.93335696830769,2.23528488783627,0.0390371001540607,0.251601844376759,-4.2246375742983
"3493","Rv0543c",0.690785209638889,1.73531175461538,2.23483735762161,0.0390717054309476,0.251601844376759,-4.22543275401132
"3042","Rv3680",-0.476576859583334,1.27680100338462,-2.23399310442487,0.0391370645445767,0.251601844376759,-4.22693260660773
"436","Rv1362c",-0.569313416472222,1.47166217169231,-2.23346706595918,0.0391778396865521,0.251601844376759,-4.22786698369691
"5006",NA,-0.5768494645,4.66199983192308,-2.23324020550171,0.0391954365773495,0.251601844376759,-4.22826990881978
"4506",NA,-0.485712266222222,2.03715193584615,-2.23245470367125,0.0392564220774486,0.251691892745364,-4.22966486349066
"1936","Rv2690c",-0.349261202027779,2.16079484346154,-2.23152220586072,0.0393289340448333,0.251855539402995,-4.23132052405891
"4435",NA,0.517354807194444,2.77297217592308,2.22509483518845,0.0398321094057881,0.254771196665919,-4.24272230641579
"5080",NA,-0.720760259361111,2.14209792338462,-2.22415175589761,0.0399064379620989,0.254771196665919,-4.24439378863738
"4559",NA,-0.359833898166667,1.02145015884615,-2.22389331423258,0.039926829328241,0.254771196665919,-4.24485177550048
"1080","Rv1940",-0.498081369694445,1.11938226961538,-2.22305225142866,0.0399932568563329,0.254891625148566,-4.2463420324947
"3049","Rv3685c",-0.488226833694444,0.951304245692308,-2.22209728629762,0.0400688041655582,0.255069822241558,-4.24803374225922
"2534","Rv3219",-0.49690626525,1.52273923346154,-2.22027913870457,0.0402130022490846,0.255684094964524,-4.25125348770505
"2604","Rv3282",0.432963367583333,1.46103088661538,2.21883141484925,0.0403281643329586,0.256112512825425,-4.25381623628791
"1671","Rv2458",0.612348029805555,1.00308253715385,2.21616184011451,0.0405413196122763,0.256865879833623,-4.25853952946273
"1150","Rv1999c",-0.437287705888889,1.83279001546154,-2.21614538131127,0.0405426370035906,0.256865879833623,-4.25856864058816
"1083","Rv0189c",0.462242263361111,1.64901841838462,2.21338325501813,0.0407642828617465,0.257965237472209,-4.26345243120073
"808","Rv1692",0.2904420105,1.59384337053846,2.20936056270927,0.0410890826019402,0.259714012672641,-4.27055916289495
"4091",NA,-0.312731550527777,1.30335668369231,-2.20647425511305,0.0413235973401793,0.260888671075808,-4.275653966612
"661","Rv1561",0.450961111416667,1.37925661861538,2.20512158983052,0.041433926617025,0.261277466667358,-4.27804039599835
"4671",NA,-0.488532895194444,1.88996669946154,-2.20275187570845,0.0416278656217599,0.262191962083,-4.28221922659752
"3579","Rv0620",0.475741933111111,1.35872018484615,2.20098615634655,0.041772916876919,0.262745169032036,-4.28533136204138
"1502","Rv2310",0.331733166722222,0.888200199615385,2.20049027139534,0.0418137367881207,0.262745169032036,-4.28620513003625
"316","Rv1262c",0.554190895527778,1.28025561523077,2.19729037050836,0.0420780290162349,0.263866921656184,-4.2918408920447
"3688","Rv0712",-0.416345600861111,2.03339966861538,-2.19713727432619,0.0420907123164248,0.263866921656184,-4.29211041737923
"3469","Rv0522",-0.401026755583334,0.935429593538462,-2.19425940066315,0.0423297868470638,0.265007109349794,-4.29717499356207
"1713","Rv2494",0.46381352125,1.36506684030769,2.1931379286419,0.042423289397521,0.265007109349794,-4.2991476129356
"1121","Rv1975",0.50436157775,1.17262137023077,2.19248166919867,0.042478093091964,0.265007109349794,-4.30030168788073
"1828","Rv2594c",-0.603088086166667,1.50152230230769,-2.19216494331714,0.0425045659285671,0.265007109349794,-4.30085860324352
"3714","Rv0736",0.595067335638888,2.89481777915385,2.19140760245638,0.0425679281959792,0.265007109349794,-4.30219009570411
"715","Rv1610",-0.532815612027778,1.98947505846154,-2.19090323123636,0.0426101742052586,0.265007109349794,-4.30307669844605
"4695",NA,-0.447684893805555,1.52982574053846,-2.1908017293113,0.0426186806454332,0.265007109349794,-4.30325510882613
"5050",NA,-0.477119536888889,2.37839805346154,-2.18993137660276,0.0426916853641245,0.265042860231176,-4.30478474544405
"5151",NA,-0.356301383361111,2.46685526076923,-2.18955457795321,0.0427233267238314,0.265042860231176,-4.30544686202796
"286","Rv1235",0.461428249444444,0.990507384538462,2.18736919531511,0.0429072684795772,0.265657601445108,-4.30928581724699
"3483","Rv0534c",0.310939269972222,1.34628205969231,2.18692121866531,0.0429450641811662,0.265657601445108,-4.31007249582856
"3816","Rv0831c",-0.406924809722222,0.995930805538462,-2.18626872099252,0.0430001700930256,0.265657601445108,-4.31121816924273
"628","Rv1530",-0.3676458925,1.22256588507692,-2.18602616706471,0.0430206712787973,0.265657601445108,-4.31164400418124
"814","Rv1698",0.468786727777778,1.25371662369231,2.18525445221299,0.043085958138688,0.265754586448064,-4.31299867696606
"3693","Rv0717",0.655240068805555,1.80791411369231,2.1831020799519,0.0432685301870525,0.266573933106439,-4.31677557233043
"3292","Rv3902c",0.407418874166667,0.954001669076923,2.18058297633312,0.0434831134222477,0.267335258864178,-4.32119338732289
"4027",NA,-0.721834958055556,3.92437283846154,-2.17992168466858,0.0435396057726275,0.267335258864178,-4.32235264470655
"4369",NA,-0.697486108666667,1.24088592669231,-2.17989681627968,0.0435417315276917,0.267335258864178,-4.32239623569799
"11","Rv0984",0.371353933972222,1.29943422930769,2.17905639517083,0.0436136270344472,0.267399597250011,-4.3238692211246
"2156","Rv2891",-0.411456592611112,2.71979346938462,-2.17860851406648,0.0436519864913731,0.267399597250011,-4.32465408318552
"4682",NA,-0.436603085833334,2.69863771269231,-2.17772473892132,0.0437277697654116,0.267558043313477,-4.32620253978511
"5146",NA,-0.388626474777777,1.20143617607692,-2.17311260980346,0.0441252237151117,0.267841543012019,-4.33427777929932
"2509","Rv3198A",0.472225055333333,1.27660521330769,2.17266344581455,0.0441641076653782,0.267841543012019,-4.33506370039463
"3545","Rv0588",-0.281845256666667,1.56181266876923,-2.1724009429123,0.0441868470137741,0.267841543012019,-4.33552297104574
"1812","Rv0253",0.415460956138889,1.72432567953846,2.17239634280318,0.0441872455947285,0.267841543012019,-4.33553101904475
"1014","Rv1881c",-0.631614548972222,1.53392030092308,-2.17227633821364,0.0441976446770797,0.267841543012019,-4.33574096655559
"2902","Rv3554",-0.441942670138889,1.28776097215385,-2.1721505255308,0.0442085494784303,0.267841543012019,-4.33596106839449
"4942",NA,1.73495969988889,2.43313820207692,2.17162134783406,0.0442544429724691,0.267841543012019,-4.33688675602658
"2925","Rv3574",0.503278009055556,1.39329853053846,2.17150861455166,0.0442642255395739,0.267841543012019,-4.3370839435711
"5024",NA,0.4833281835,1.29272859184615,2.17140735128343,0.0442730144761495,0.267841543012019,-4.33726106348585
"4583",NA,0.575754293777777,2.59072862846154,2.17137305776465,0.0442759912748191,0.267841543012019,-4.33732104535333
"2077","Rv2820c",0.429439015611111,1.35136367238462,2.17050771758718,0.0443511667513708,0.267841543012019,-4.33883441448488
"1784","Rv2553c",-0.416138531666667,1.53882231246154,-2.17024804746388,0.0443737481706478,0.267841543012019,-4.33928847895562
"3792","Rv0809",-0.487924948333334,1.584193657,-2.16891476670943,0.044489859286399,0.267922438293679,-4.34161940570496
"1341","Rv2172c",-0.292822572666666,1.72637594046154,-2.16856854254534,0.0445200564418662,0.267922438293679,-4.34222456678989
"3307","Rv3916c",-0.356851285888889,0.872381461769231,-2.16813057955611,0.0445582818895585,0.267922438293679,-4.34299000015394
"4480",NA,-0.343478303444444,0.960137724384615,-2.16780071561308,0.0445870923429033,0.267922438293679,-4.34356645072898
"3013","Rv3656c",0.476324266805556,1.42153863369231,2.16655668655844,0.044695900349504,0.268275504897359,-4.34574000292089
"980","Rv1851",-0.34506417775,1.44325411015385,-2.16406902661751,0.0449142131782766,0.269284320621434,-4.3500843286288
"1138","Rv1989c",-0.408400687305555,1.34895039138462,-2.1600141664072,0.0452721600503174,0.271127126111398,-4.35715957016017
"1183","Rv2031c",0.502078970777778,1.31444277261538,2.15796534439727,0.0454540157617098,0.271912415717371,-4.36073169915498
"5147",NA,0.468516191833333,2.91448592207692,2.15699006097964,0.0455408182516876,0.272109539078655,-4.36243144365332
"3239","Rv3854c",-0.415280810277778,1.23572903207692,-2.15645503770403,0.0455885011366851,0.272109539078655,-4.36336371089694
"4304",NA,-0.313555840361111,2.753982102,-2.15546955993306,0.0456764497722055,0.2723312244483,-4.36508054716815
"1103","Rv1962c",0.338450672527778,1.16539076830769,2.15153875974068,0.0460288032289297,0.274127094785626,-4.37192415957104
"944","Rv1818c",-0.514364163166667,2.76420513169231,-2.14670960138275,0.046465095724643,0.27641832750731,-4.38032223033442
"1051","Rv1913",0.643440550972222,1.31442678923077,2.14582915652801,0.0465450472403139,0.276586976949093,-4.38185220982674
"3276","Rv3887c",0.388212033888889,1.00099575730769,2.14396775862657,0.0467144923588852,0.277286466272009,-4.38508566156409
"2710","Rv3377c",-0.424102369027778,1.02781546784615,-2.14199742282855,0.0468944697821918,0.278046856230695,-4.38850662662492
"4380",NA,-0.581882266444445,2.51595325292308,-2.14141541736306,0.0469477536028642,0.278055203658953,-4.38951678507339
"5192",NA,-0.27839996286111,1.42345253092308,-2.1401046371393,0.0470679614183805,0.278223259053495,-4.39179127459601
"1517","Rv2325c",-0.466889570555556,1.34554573784615,-2.1399741516267,0.047079943276403,0.278223259053495,-4.39201765236257
"2250","Rv2972c",-0.32644148625,1.08316620723077,-2.13894210593419,0.0471748095342039,0.278251179412642,-4.39380786134835
"2267","Rv2986c",-0.535035527361111,1.275907996,-2.13867224110289,0.0471996445238603,0.278251179412642,-4.39427589426477
"595","Rv1501",-0.683672877222222,1.52845933407692,-2.13800887780233,0.0472607430894664,0.278251179412642,-4.39542623888674
"535","Rv1450c",-0.531133585333333,1.45946445123077,-2.13766636839758,0.0472923179934546,0.278251179412642,-4.39602010869591
"950","Rv0178",0.370617940888889,1.22274787538462,2.13349379276891,0.0476785288337993,0.280215915075838,-4.40325052276144
"1731","Rv2511",-0.35717049425,0.885262306615385,-2.13129108463052,0.0478835721222594,0.280624304770449,-4.40706423726163
"2816","Rv0342",-0.379655066972222,1.38425717246154,-2.13120762020879,0.0478913574088873,0.280624304770449,-4.40720870153163
"2930","Rv3578",0.481553623694444,1.68833105369231,2.13106051328869,0.0479050818777912,0.280624304770449,-4.40746331350426
"4878",NA,0.424351707166666,1.15603499461538,2.13038637359866,0.0479680223714632,0.28068624444437,-4.40862998365766
"543","Rv1457c",0.509272283111111,1.55860259107692,2.12904980315419,0.048093033899211,0.281110863358529,-4.41094244026076
"460","Rv1382",0.475584073805555,1.83237500038462,2.1277258646447,0.0482171576764553,0.281529373797168,-4.41323222831857
"1095","Rv1954c",-0.295457621916667,2.83705144184615,-2.12585655987131,0.0483929103226349,0.282030831979464,-4.4164638621186
"1282","Rv2120c",-0.533055663638889,1.90976917538462,-2.12569341380099,0.0484082771308035,0.282030831979464,-4.4167458305373
"1924","Rv2679",0.523502057694444,1.54455652223077,2.12378842930808,0.0485880390513356,0.282605839663669,-4.42003733835948
"377","Rv1314c",0.465511919805555,1.31814507869231,2.12353052878412,0.0486124224197579,0.282605839663669,-4.42048281982466
"1337","Rv2169c",0.385289601083333,1.02022879684615,2.1218397178371,0.0487725584735112,0.283061779095907,-4.42340265791998
"346","Rv1287",0.399060632916667,1.18273862261538,2.12158767216688,0.048796470873996,0.283061779095907,-4.42383779842716
"4610",NA,-0.296459470861111,2.24491676761538,-2.1201496441281,0.048933106402072,0.283547513854169,-4.42631989588696
"81","Rv1048c",-0.400687028166667,1.15655622769231,-2.11955551737943,0.0489896598883186,0.283568657668885,-4.42734510318543
"933","Rv1808",-0.31966039175,1.03566868961538,-2.11870263557962,0.0490709480519721,0.28373277406534,-4.42881652330545
"1737","Rv2514c",-0.493336694833333,1.98079063976923,-2.1174573660864,0.0491898560317671,0.284113823631758,-4.43096429545011
"1861","Rv2622",-0.4127688515,0.891865190461538,-2.11648867892035,0.0492825357534163,0.284342725121971,-4.43263453394301
"3836","Rv0081",0.3639823285,1.65430949138462,2.11371653429882,0.0495486444102291,0.28557068176218,-4.43741192670679
"454","Rv1376",-0.483909606555556,1.551031791,-2.1130232876931,0.0496153965715726,0.285648255234832,-4.4386060764713
"4753",NA,-0.426103913861112,2.35723575846154,-2.11203946640956,0.0497102689010242,0.285887383379281,-4.44030036893282
"4602",NA,-0.455488403194445,2.60535524046154,-2.10944060036462,0.0499616811981405,0.287025306776027,-4.44477383881402
"5164",NA,-0.767794590944445,1.62538811907692,-2.1079856821363,0.050102935107935,0.287422245729535,-4.44727683056481
"3606","Rv0063a",-0.460493982972222,2.90803002007692,-2.10719735832187,0.0501796234000873,0.287422245729535,-4.44863262100398
"4653",NA,-0.275612891361111,1.32961947646154,-2.10675417521442,0.0502227833604631,0.287422245729535,-4.44939469665344
"3952","Rv0951",-0.357783563444445,1.56870036984615,-2.10599655810648,0.0502966433405886,0.287422245729535,-4.45069724364092
"3081","Rv3712",0.398964394361111,1.18307987692308,2.10597349818249,0.0502988930026686,0.287422245729535,-4.45073688560354
"4759",NA,-0.317849083444445,1.40549654653846,-2.10413196546097,0.0504788445096876,0.288143350981816,-4.45390182880287
"1647","Rv2438c",-0.314537736750001,0.933690931076923,-2.10326725143608,0.0505635453985705,0.288319790783338,-4.45538741553933
"4813",NA,-0.454455379555556,3.35253583592308,-2.10264664870467,0.0506244148676936,0.288360110192176,-4.4564533996848
"1182","Rv2030c",-0.510798953583333,1.09360411246154,-2.10148416889303,0.0507386121766956,0.288519105635414,-4.45844965556368
"5293",NA,0.447235901083333,2.10940298884615,2.1012668734735,0.0507599844429469,0.288519105635414,-4.45882273306945
"5275",NA,0.371703010444444,0.627409394384615,2.09926349770646,0.0509574151861379,0.289334476056885,-4.46226130657348
"1332","Rv2162c",-0.360329027027777,1.63161119407692,-2.09563838990463,0.0513164465880772,0.290987970517178,-4.46847858140836
"6","Rv0979A",0.382739366166667,1.51929335384615,2.09522831576056,0.0513572052442632,0.290987970517178,-4.46918149116218
"4921",NA,-0.254049722138889,1.65153268138462,-2.09394748384776,0.0514847015192103,0.291402323276628,-4.4713764569553
"2071","Rv2813",0.676834944388889,1.37090618792308,2.09331035160735,0.0515482301506811,0.291454128278113,-4.47246802269889
"4898",NA,0.480032502972222,2.16981000061538,2.09264574551827,0.051614574312991,0.291521726362099,-4.47360645263602
"2806","Rv3465",0.368574904694444,0.957588720461538,2.09171874955011,0.0517072414226015,0.291737698973836,-4.47519399016043
"4395",NA,-0.327023442138888,1.82605082669231,-2.08826298850959,0.0520540335664853,0.293263968350554,-4.4811085919142
"1732","Rvnt29",-2.86508698266667,4.53519960576923,-2.08793376100293,0.052087182438382,0.293263968350554,-4.48167177450415
"1624","Rv0237",0.344324827694445,1.42061796461538,2.08713708627015,0.0521674766400244,0.293407843431827,-4.48303436708684
"4013",NA,-0.328342800166667,2.13015541623077,-2.08620917305939,0.0522611400041272,0.293550724091283,-4.4846210418065
"1788","Rv2557",-0.299391552555556,0.908410851153846,-2.08580075185613,0.0523024144602938,0.293550724091283,-4.48531928681902
"3319","Rv0389",-0.40863261825,1.29198831930769,-2.08450050072059,0.0524340136658994,0.293981499214666,-4.48754169162005
"1961","Rv2713",0.388942460277778,1.91771618761538,2.08210250145098,0.0526775074064101,0.295038077009779,-4.49163826127665
"3199","Rv3818",0.424942690444444,1.28496150538462,2.08071089095335,0.0528192834758466,0.295308796488007,-4.49401432674543
"311","Rv1257c",-0.37744262625,1.28821608469231,-2.08054671158848,0.0528360328044774,0.295308796488007,-4.49429458891635
"1305","Rv0209",0.387864280861112,1.65986175046154,2.0799630920668,0.0528956119086521,0.295325420809915,-4.49529075126934
"4217",NA,-0.415147579694445,1.64987529238462,-2.07932201272875,0.0529611272700729,0.295325420809915,-4.49638480180665
"4032",NA,-0.422820246111111,1.47264468115385,-2.07889994178728,0.0530043012722273,0.295325420809915,-4.49710499027694
"3084","Rv3715c",-0.403952921138889,0.860102177615385,-2.07639040277403,0.0532616659509763,0.296150377270714,-4.50138530312638
"1028","Rv0185",-0.55718597775,1.78094025630769,-2.07610447094103,0.0532910615768313,0.296150377270714,-4.50187280134494
"2753","Rv3417c",-0.311003618388889,0.829742418153846,-2.07584141644223,0.0533181182959401,0.296150377270714,-4.502321260233
"5256",NA,-0.328075581083333,2.77507242030769,-2.07388640323645,0.0535195947600717,0.296899520556562,-4.5056531501294
"4430",NA,0.325261051916667,1.649408354,2.07202854401159,0.0537117000961301,0.296899520556562,-4.50881775653769
"2568","Rv3249c",0.452521127611111,1.03187035907692,2.07189614240491,0.0537254145126253,0.296899520556562,-4.50904322085377
"4702",NA,-0.428334447805556,0.884480941153846,-2.07182546722437,0.0537327364885465,0.296899520556562,-4.50916356888682
"2316","Rv3030",-0.432849255916666,1.77730337976923,-2.07157060762026,0.0537591475752285,0.296899520556562,-4.50959753223131
"1748","Rv2523c",-0.39820098,1.07177149046154,-2.07131794871916,0.0537853422500787,0.296899520556562,-4.51002771738479
"2905","Rv0350",-0.409372551472222,1.42710842384615,-2.0694543078844,0.0539789158012577,0.297612306084034,-4.51319986006064
"1284","Rv2121c",0.42129219425,1.11919813853846,2.06900655442288,0.0540255175036876,0.297612306084034,-4.51396174076992
"3665","Rv0691A",0.318019514916666,0.947884678230769,2.06846054936398,0.0540823945985933,0.297619748509713,-4.51489067160891
"2803","Rv3463",-0.41405612975,1.31638818007692,-2.06699334567302,0.0542355021631004,0.297893546838904,-4.5173861442661
"2662","Rv3332",-0.437906915833334,1.54581945915385,-2.06691869659672,0.0542433025587257,0.297893546838904,-4.51751308224081
"4697",NA,0.447855029777778,2.06210001215385,2.06611682159093,0.0543271581458473,0.298048687473635,-4.51887647065212
"5186",NA,-0.391699776333333,1.33546641476923,-2.06480980129372,0.0544640914157794,0.298494406941286,-4.52109806488009
"241","Rv1195",-0.317932540027777,1.10183767915385,-2.06407667226816,0.0545410366851678,0.298610783077119,-4.52234383076568
"1767","Rv0249c",-0.398806966166667,1.29737924807692,-2.0632229565021,0.0546307624975153,0.298796823455798,-4.52379417442631
"4459",NA,-0.268660142138889,1.51832050223077,-2.06263202199317,0.0546929483930343,0.2988320116072,-4.52479788227612
"5091",NA,0.376030686527778,0.988477524076923,2.06128076066851,0.0548353874623079,0.299193485934289,-4.52709237495078
"1979","Rv2729c",0.465121042611111,1.09827348515385,2.06075982472348,0.0548903902169228,0.299193485934289,-4.52797670678635
"1310","Rv2143",-0.31212576575,1.04538230115385,-2.06039752635717,0.0549286728288048,0.299193485934289,-4.52859166040088
"3234","Rv3849",-0.334681546833334,1.46357242615385,-2.05983925348324,0.0549877107305969,0.299193485934289,-4.52953912983136
"2717","Rv3385c",0.551020366916666,1.73974398538462,2.05914396158942,0.0550613190655274,0.299193485934289,-4.53071892814981
"4282",NA,-0.355807230472223,2.55555428761538,-2.05852322616208,0.0551271098983123,0.299193485934289,-4.5317720172616
"4415",NA,-0.313541868472223,0.976579883846154,-2.05830888612789,0.0551498440490816,0.299193485934289,-4.53213560549047
"2949","Rv0354c",-0.62532019375,2.26292078246154,-2.05764708173481,0.0552200925785684,0.299271684753414,-4.53325809297117
"2363","Rv0302",0.359774455444444,1.262477267,2.05699151443618,0.0552897591102005,0.299346574576439,-4.53436979119838
"1420","Rv2239c",-0.687095474583334,1.70459632184615,-2.05638758205851,0.0553540090181227,0.299392016485507,-4.53539374243862
"913","Rv1789",0.304273735916667,1.13573686069231,2.05580821583465,0.0554157090945861,0.299423589462683,-4.53637587516002
"4105",NA,0.703689257805555,1.95580005592308,2.05187141459232,0.0558366170222929,0.301394025417412,-4.54304513697408
"1925","Rv2680",-0.325096727166667,1.25852549953846,-2.05006860967457,0.056030332309433,0.301394154484399,-4.54609670365251
"5302",NA,-0.265815157138889,2.16227727223077,-2.0500305248919,0.0560344311664982,0.301394154484399,-4.54616115171597
"3912","Rv0916c",-0.473199642305556,2.31553831338462,-2.04974110547355,0.0560655886816179,0.301394154484399,-4.5466508915753
"94","Rv1062",0.365841756638889,2.59269529853846,2.04826498520208,0.0562247452468877,0.301394154484399,-4.54914806317183
"4952",NA,-0.422757412694444,5.66617166046154,-2.04748889107705,0.0563085885679274,0.301394154484399,-4.55046056261388
"1588","Rv2390c",-0.366464445694444,0.852987280538462,-2.04719157857223,0.0563407379681959,0.301394154484399,-4.55096328730287
"3837","Rv0847",0.504480849194444,1.63637044776923,2.04694369747146,0.0563675549021287,0.301394154484399,-4.55138239540544
"4869",NA,0.314928694611111,1.71761396830769,2.04639272793205,0.0564272027983397,0.301394154484399,-4.5523138459715
"1104","Rv1962A",0.471351721777778,1.34173001976923,2.04633159485497,0.0564338245825846,0.301394154484399,-4.55241718629883
"3720","Rv0742",0.370361172694444,1.35470768853846,2.04616944621511,0.0564513915351299,0.301394154484399,-4.55269127604354
"4756",NA,0.385019301027778,1.33982831653846,2.04613454147492,0.0564551737131225,0.301394154484399,-4.55275027596599
"3298","Rv3907c",-0.303797821444444,1.95270184930769,-2.04523222386969,0.056553026010421,0.301616138722246,-4.5542752668571
"31","Rv1000c",0.481014784027778,1.62700150484615,2.04398387797411,0.0566886569350351,0.302014685886776,-4.55638441350359
"4882",NA,0.334584714527778,2.30295457884615,2.04339077054666,0.0567532003998518,0.302014685886776,-4.55738623111134
"858","Rv1735c",0.385872767222222,0.960997955,2.04299054414101,0.0567967916742296,0.302014685886776,-4.55806215550961
"1123","Rv1977",-0.373219093055556,1.16543708846154,-2.04093246486985,0.0570214299374634,0.302729247171583,-4.5615367060194
"3575","Rv0615",-0.449532469361111,2.60401395876923,-2.04072489651961,0.0570441305304661,0.302729247171583,-4.56188701710593
"5041",NA,-0.443376823805556,1.97264088553846,-2.03553421791902,0.0576144740746654,0.304968472472139,-4.57064035082915
"1007","Rv1874",-0.491072245833333,1.35931270423077,-2.03538503376302,0.0576309422454783,0.304968472472139,-4.57089173135729
"2588","Rv3267",-0.307753451194444,1.58843358315385,-2.03464020447563,0.0577132263678444,0.304968472472139,-4.57214662978172
"3955","Rv0954",0.470317892361111,1.91765099246154,2.03431931951531,0.057748708510567,0.304968472472139,-4.57268717631989
"2610","Rv3287c",0.485725419555556,1.82355325030769,2.03404686867843,0.0577788505033246,0.304968472472139,-4.57314609310444
"897","Rv1773c",0.380267826222222,1.13219009823077,2.03341583912083,0.0578487177415811,0.304968472472139,-4.57420885925743
"644","Rv1544",0.341521965194444,1.44046001384615,2.03327471100274,0.0578643538254039,0.304968472472139,-4.57444651710505
"1596","Rv2395A",-0.443663764138889,2.61230357053846,-2.03204066172297,0.0580012415297131,0.305389641060179,-4.57652421820898
"4709",NA,-0.426656393916666,1.30359489476923,-2.03131981998315,0.058081336858826,0.305511251779497,-4.5777375099554
"2258","Rv2978c",0.386433471833333,1.14597925961538,2.02948625291894,0.0582855222928614,0.306171447183417,-4.58082253183902
"4820",NA,-0.312301641138889,0.900749418769231,-2.02916744379244,0.0583210909653487,0.306171447183417,-4.58135876537859
"380","Rvnr01",-0.723113472833331,8.49362069584615,-2.0266638228431,0.0586010963252779,0.307216757642137,-4.58556806929366
"4967",NA,0.364357078777778,0.771376095384615,2.02600951452066,0.0586744743584763,0.307216757642137,-4.586667633995
"1448","Rv0222",0.516609299333334,1.17856652384615,2.02585195272291,0.058692156683871,0.307216757642137,-4.58693238458285
"2307","Rv3022A",-0.754454584638889,3.07463876030769,-2.024940804437,0.0587945045467696,0.307315074720951,-4.58846314115408
"1490","Rv2304c",0.376440180416667,1.64291997184615,2.02427565496352,0.0588693216047953,0.307315074720951,-4.58958035055591
"4522",NA,-0.447193371805555,2.080957467,-2.0241289473397,0.0588858350892331,0.307315074720951,-4.58982673630343
"4704",NA,-0.243458976,1.66488994815385,-2.02364552262194,0.0589402792561824,0.307315074720951,-4.59063854002699
"3666","Rv0692",0.314993977444444,1.25613037761538,2.02305459861288,0.059006891987606,0.30736340238442,-4.59163070611809
"1755","Rv2530c",-0.406261333083333,1.38005194676923,-2.02191431191185,0.059135624759839,0.307734901662851,-4.59354476291773
"2103","Rv2842c",0.553269591361111,1.50307247976923,2.01633378035388,0.059769306888402,0.310730829216134,-4.60290270932038
"4020",NA,-0.378286041166667,0.962493933307692,-2.01580450892861,0.0598297241698874,0.310743528634299,-4.60378942869714
"937","Rv1812c",-0.300126141111111,1.20658787384615,-2.01521822334437,0.0598967140982436,0.31079030742167,-4.60477150285144
"4159",NA,-0.299141272416667,1.29757062676923,-2.0132701746963,0.060119787919239,0.311110138052779,-4.6080333947907
"4205",NA,0.491910608833333,0.892982713923077,2.01251070686414,0.0602069586741644,0.311110138052779,-4.60930456104595
"2329","Rv3040c",0.672793806388889,2.222683892,2.01227694210887,0.0602338128514035,0.311110138052779,-4.60969576846582
"1949","Rv2702",-0.350022218694445,0.828733469769231,-2.01177163362525,0.0602918980869262,0.311110138052779,-4.61054131265111
"1906","Rv2662",-0.433168677861111,2.281260586,-2.01158579951286,0.0603132724401342,0.311110138052779,-4.61085224072919
"1841","Rv2605c",-0.392122932222222,1.53159817669231,-2.01135922830998,0.0603393415632418,0.311110138052779,-4.61123130445614
"3484","Rv0053",0.315963993944444,1.007454419,2.01113932114556,0.0603646536520317,0.311110138052779,-4.61159919419419
"5209",NA,0.395192732527778,0.873963617923077,2.00920481054805,0.06058773591726,0.31195990827715,-4.61483444749976
"1783","Rv2552c",0.665509996916667,1.97852376392308,2.00749346795706,0.0607857029169763,0.312369329933544,-4.6176949016974
"2042","Rv2787",-0.497183906166667,2.05072242976923,-2.00711195761201,0.060829915256889,0.312369329933544,-4.61833238217897
"1304","Rv2140c",0.486422896083333,1.14120028592308,2.00700698042939,0.0608420859049663,0.312369329933544,-4.61850777972339
"4833",NA,0.570038381138889,1.78524879792308,2.00618337920979,0.0609376472870678,0.312560564075295,-4.61988367226027
"704","Rv1600",0.41111478775,0.919061510230769,2.00032177694702,0.0616216805991523,0.31525873214997,-4.62966602457117
"5212",NA,-0.330629587805556,1.28532875830769,-1.99995257866074,0.0616649958901844,0.31525873214997,-4.63028159096103
"2824","Rv3484",-0.351610855222222,1.26154899123077,-1.99944241784109,0.0617248944270982,0.31525873214997,-4.63113207093379
"1908","Rv2664",-0.422440991361111,1.54562270838462,-1.99934039535068,0.0617368792887304,0.31525873214997,-4.63130213492052
"2586","Rv3265c",-0.423688182194444,1.54430911707692,-1.99916256925007,0.0617577740219157,0.31525873214997,-4.63159854529297
"1166","Rv2015c",-0.55055283775,2.97641911915385,-1.99702510169525,0.062009427611383,0.316242180777367,-4.63516013499628
"767","Rv1656",0.441640333416667,1.42031472730769,1.99563862070056,0.0621731578575578,0.316708891082306,-4.63746913683945
"2104","Rv2843",0.65292737736111,2.18444543661538,1.99525003379422,0.0622191161025501,0.316708891082306,-4.63811610140613
"4664",NA,0.438167928388889,1.05876073384615,1.99427301871651,0.0623348030808396,0.316996721549621,-4.63974240910306
"973","Rv1844c",0.519864829444444,1.03942726338462,1.99354550400595,0.0624210728786847,0.317134550359953,-4.64095309005664
"4512",NA,-0.267092134055556,1.32628543253846,-1.99266464741524,0.0625256700928956,0.317365143653334,-4.64241859041612
"4951",NA,-0.344301155944445,1.28983176576923,-1.99112806355813,0.0627085094243173,0.317736980046901,-4.64497408919012
"3471","Rv0524",-0.367633458055555,1.02359992853846,-1.99105272835467,0.0627174859868695,0.317736980046901,-4.64509934841479
"3450","Rv0503c",0.356409406305556,1.07654975784615,1.98898587409984,0.0629642135896105,0.318456807236815,-4.64853475677126
"2919","Rv3568c",0.501170645111111,1.83330213876923,1.98886726832276,0.0629783984460866,0.318456807236815,-4.64873183021151
"4157",NA,-0.436905240055555,2.376043141,-1.98725340383521,0.0631716973094556,0.319077513423898,-4.65141268466571
"2338","Rv3048c",0.394788711222222,0.894890850615385,1.98645357660243,0.0632676934797458,0.319077513423898,-4.65274081434158
"1623","Rv2418c",-0.391125704027778,1.31833718269231,-1.9863532986963,0.0632797382032842,0.319077513423898,-4.65290730471695
"978","Rv1849",0.358325928861111,1.10421698915385,1.98488371765733,0.063456491459531,0.319158502969632,-4.65534664260614
"3026","Rv3666c",0.297309028194444,1.18168686746154,1.98464686868175,0.063485019898091,0.319158502969632,-4.65573968122614
"2557","Rv3239c",-0.302031659361111,0.946008885153846,-1.98426936922395,0.063530513525851,0.319158502969632,-4.65636606243928
"2216","Rv2943",0.436958175361111,1.21156320176923,1.98419593603203,0.0635393665935858,0.319158502969632,-4.65648790091528
"4423",NA,-0.375140786027778,1.74739744438462,-1.98374693053798,0.0635935226066356,0.319158502969632,-4.6572328190486
"1425","Rv0220",-0.329169669638889,1.27567047338462,-1.98291086432381,0.0636944739175891,0.319366118052645,-4.65861961012474
"1279","Rv2117",0.361707355555555,2.18146574161538,1.98239323780104,0.0637570472604348,0.319381096556944,-4.65947802192912
"1734","Rv0246",-0.372212806611111,1.26400292930769,-1.97831844434142,0.0642515627536393,0.321414123406068,-4.66623068074558
"4281",NA,-0.502960758388889,0.933127644538462,-1.97723765415513,0.0643833043409384,0.321414123406068,-4.66802030520148
"1340","Rv2171",-0.469003036805555,2.00951813215385,-1.9772044883871,0.0643873508780726,0.321414123406068,-4.66807521313529
"663","Rv0153c",0.437227730416667,1.31635807230769,1.97707824935262,0.0644027553242757,0.321414123406068,-4.66828420428881
"3227","RVnc0040",-0.391324388694444,0.955480289769231,-1.97577621597682,0.0645618306325339,0.321908290409657,-4.67043926498756
"1281","Rv2119",0.425969560083333,1.10390865738462,1.97310262986536,0.0648895820467708,0.323241784173505,-4.67486170154517
"4858",NA,-0.262430760833333,2.43453525307692,-1.97213081070737,0.0650090859870193,0.323292429798558,-4.67646829103758
"4303",NA,0.488869894611111,4.74609544407692,1.97143575459625,0.0650946777769379,0.323292429798558,-4.67761704172483
"3518","Rv0565c",-0.339635679694444,1.13283553961538,-1.97124723175425,0.0651179106220241,0.323292429798558,-4.67792857874989
"4864",NA,-0.261944398361111,1.19206979630769,-1.97105983579622,0.0651410119743363,0.323292429798558,-4.67823823530398
"1492","Rv0226c",0.336694280472222,2.12285959707692,1.97038290643252,0.0652245221849094,0.323407436550522,-4.67935665409204
"5156",NA,-0.523277391,1.866981119,-1.96973070061679,0.0653050732691467,0.323507571832372,-4.68043399973205
"3217","Rv3835",-0.4478627465,1.24105386,-1.96886168466011,0.0654125404228661,0.323740735610861,-4.68186913965715
"2551","Rv3233c",-0.368443669527778,1.42786714215385,-1.96779097747968,0.0655451681096049,0.324097879213544,-4.68363682359486
"2932","Rv3580c",-0.333075862611111,1.12096008769231,-1.96445661140064,0.065959741255636,0.325770534359724,-4.68913787287161
"607","Rv1511",0.415408782611111,1.01637540015385,1.96409373937285,0.0660050000587053,0.325770534359724,-4.68973619095398
"4182",NA,0.399309901805555,1.50385473438462,1.96348643463166,0.0660808077998472,0.325844645636781,-4.69073738593866
"3130","Rv3757c",0.401861631472223,1.18625852946154,1.9618828286574,0.0662813559591613,0.326533150681162,-4.69338014553677
"1137","Rv1988",0.457012843416667,1.51003440223077,1.96106634009347,0.0663836762499295,0.32673691891609,-4.69472521136227
"5019",NA,-0.493059227499999,4.25357400653846,-1.96014342837029,0.0664995037833713,0.327006734200798,-4.69624517692767
"5003",NA,-0.438805004861109,6.14880966946154,-1.95622883519217,0.0669928113856041,0.328882510411406,-4.70268725968331
"3408","Rv0468",-0.382435543055556,1.69246339923077,-1.95614291428367,0.0670036756285923,0.328882510411406,-4.70282856609457
"599","Rv1505c",0.320806226694444,0.990761314230769,1.95539780326368,0.0670979572149792,0.329043962188736,-4.7040538209623
"3465","Rv0516c",-0.392536228805556,1.13173371453846,-1.95461142847493,0.0671975890043134,0.329231331867569,-4.70534661369656
"5099",NA,0.42270644625,1.57030940307692,1.95291501916137,0.0674129716054671,0.329984956899821,-4.70813438878335
"4768",NA,-0.323133098611111,3.61556868369231,-1.95150973213041,0.0675918604285185,0.330558733482536,-4.71044260591422
"509","Rv1426c",0.508817801444444,1.17910105692308,1.95071393755109,0.067693351182031,0.33075329292223,-4.71174925657954
"1217","Rv0019c",0.434047137972222,1.09444872069231,1.95011182588631,0.0677702314965783,0.330827359582568,-4.71273766908254
"4571",NA,-0.333930084166666,2.98302355553846,-1.94917198628286,0.0678903907391951,0.33105519194136,-4.71428010628153
"4766",NA,-0.617427280805555,3.76037925030769,-1.94878102841939,0.0679404311819955,0.33105519194136,-4.71492159778857
"256","Rv1208",0.407932599333333,1.01353527046154,1.94795724194102,0.0680459794287622,0.331268346719496,-4.7162730193976
"1066","Rv1927",0.435374825888889,0.901371312,1.94616688597969,0.0682758765467306,0.331997670534271,-4.71920886357897
"3474","Rv0526",-0.422037285611111,1.64096026523077,-1.94407629661235,0.0685452060467447,0.331997670534271,-4.722634891125
"5324",NA,-0.263887974777777,1.89185212515385,-1.94378453797802,0.0685828686704848,0.331997670534271,-4.72311283722452
"2913","Rv3564",-0.293683267777777,0.972051868615385,-1.94370217022803,0.0685935047343851,0.331997670534271,-4.72324776028213
"1796","Rv2565",-0.275926282833333,0.864508349384615,-1.94366470775954,0.0685983427132528,0.331997670534271,-4.72330912474815
"3229","Rv3845",-0.578596970611111,2.068122712,-1.94334979358558,0.0686390234402007,0.331997670534271,-4.72382493273535
"417","Rv1346",0.57118593725,1.51470850384615,1.94310307154287,0.0686709101644075,0.331997670534271,-4.72422900999266
"2048","Rv2792c",0.347227064055555,1.64299335192308,1.94229797452183,0.0687750543249736,0.331997670534271,-4.72554736039749
"1482","Rv2296",0.297798019194445,1.53058642369231,1.94210443680145,0.0688001106579435,0.331997670534271,-4.72586422822102
"2929","Rv3577",0.347920895166667,1.18065225553846,1.94117829901923,0.068920126045592,0.331997670534271,-4.72738026401931
"4227",NA,-0.29178289525,2.50843925438462,-1.9410463581716,0.0689372390940355,0.331997670534271,-4.72759620683138
"4561",NA,-0.259046640222222,1.44496915630769,-1.94095293665371,0.0689493583904786,0.331997670534271,-4.72774910087111
"1113","Rv1968",-0.2918697505,1.46053821607692,-1.93975096298975,0.0691054569747149,0.331997670534271,-4.72971584318092
"3563","Rv0605",-0.331352127138889,1.33973799276923,-1.93968129264266,0.0691145146471631,0.331997670534271,-4.72982981854261
"4633",NA,-0.34784595875,1.73373087376923,-1.93960151138534,0.0691248881187026,0.331997670534271,-4.72996033141794
"3011","Rv3654c",-0.314623604722223,3.11376259276923,-1.93814196993443,0.0693149093465001,0.332137548521245,-4.73234737566553
"4572",NA,-0.253398609055555,0.795334292230769,-1.93813417425298,0.0693159255381169,0.332137548521245,-4.73236012227512
"4336",NA,0.353337667111111,1.80721785792308,1.93795020904006,0.0693399098498645,0.332137548521245,-4.73266091185183
"1539","Rv2344c",0.399518066861111,1.23635582715385,1.93551436569391,0.069658181272782,0.333124360484866,-4.73664190567204
"181","Rv1143",0.411626006361111,1.08196122230769,1.93531485676435,0.069684307225759,0.333124360484866,-4.73696783111428
"209","Rv0113",-0.33224812325,0.823480644769231,-1.93494796183509,0.0697323754597052,0.333124360484866,-4.73756714946018
"1760","Rv2533c",-0.282796830888889,1.60641155461538,-1.93405751959987,0.0698491588020059,0.333232876354533,-4.73902137791415
"3702","Rv0725c",0.380740055,1.60756456484615,1.93357711616928,0.0699122372777231,0.333232876354533,-4.73980577490503
"1849","Rv2612c",-0.293385003027778,1.16749028184615,-1.93335360878873,0.0699416018468002,0.333232876354533,-4.74017067318638
"3962","Rv0959A",0.363088047611111,1.34058237484615,1.93272547371456,0.0700241857361736,0.333330049330276,-4.74119602435636
"4812",NA,-0.35233070575,1.76612199092308,-1.93110367178828,0.070237814787846,0.334050299257191,-4.74384243843198
"466","Rv1387",0.456536591638888,2.22296804646154,1.93010003209653,0.0703703089890874,0.334383737749564,-4.74547944854729
"712","Rv1607",0.634672262611111,1.683859837,1.92845251275339,0.0705882882573219,0.33487033865882,-4.74816550733168
"3407","Rv0467",-0.3745392405,0.850076770230769,-1.92838174636336,0.0705976646799377,0.33487033865882,-4.74828084992509
"2569","Rv3250c",-0.434197274694444,1.69450525,-1.92445204158447,0.0711200926714347,0.337050129724925,-4.75468169490119
"2883","Rv0348",0.356963153527778,0.936143688307692,1.92393252296882,0.0711894168801743,0.337080631164076,-4.75552728650176
"1280","Rv2118c",-0.313289100305556,1.01382051369231,-1.92317576334217,0.0712905062888714,0.337261353670213,-4.75675876313543
"3117","Rv3744",-0.398094977833333,1.23047630007692,-1.92140743325135,0.0715272228441066,0.33808281697038,-4.75963517248706
"655","Rv1555",-0.372075172305555,3.50191340284615,-1.91868896277017,0.0718924973876432,0.339403696807709,-4.76405382678366
"1833","Rv2599",0.441477676361111,1.25496806007692,1.91774771693582,0.072019357664514,0.339403696807709,-4.76558281931431
"5211",NA,0.561816890194444,4.189045376,1.91730221875285,0.0720794710954303,0.339403696807709,-4.76630633575119
"3356","Rv0422c",-0.391243228666667,1.12197602923077,-1.91716882914409,0.0720974787651789,0.339403696807709,-4.76652294787884
"4455",NA,-0.276129676722223,4.81054598323077,-1.91678340865045,0.0721495332878509,0.339403696807709,-4.76714878049447
"132","Rv1096",-0.289981134861111,1.07684987346154,-1.91606771666621,0.0722462828672913,0.339403696807709,-4.76831068430371
"912","Rv1788",-0.343696460055556,1.27645717738462,-1.9160407635115,0.0722499287420887,0.339403696807709,-4.76835443652181
"4003",NA,-0.284006260972222,2.09865923361538,-1.91404189262199,0.0725207678091892,0.340377684288314,-4.77159804935532
"609","Rv1512",-0.27696456525,1.02447530423077,-1.91342600302924,0.0726044006085444,0.340472079844093,-4.77259703267759
"4237",NA,0.367064346666667,1.60178294176923,1.91169810335073,0.0728394944289275,0.341001843768667,-4.77539862113743
"1164","Rv2011c",0.391334776638888,1.93478060338462,1.91072238935307,0.0729725471788502,0.341001843768667,-4.77697991481433
"4899",NA,0.326654677277778,1.48902391630769,1.91061875130052,0.0729866924451184,0.341001843768667,-4.77714784586018
"3941","Rv0941c",0.46261874075,1.28053411207692,1.91044491625222,0.073010424187684,0.341001843768667,-4.77742950831997
"594","Rv1500",-0.438860302305556,1.18238670661538,-1.90859465495369,0.0732634458763892,0.341001843768667,-4.78042644654822
"5021",NA,-0.369413508944445,4.64653084461539,-1.90845313065327,0.0732828313267301,0.341001843768667,-4.78065560246241
"1854","Rv2616",0.498423286777777,2.29794065646154,1.90815383307203,0.0733238429989632,0.341001843768667,-4.78114018885902
"3878","Rv0885",-0.37200367225,1.19384355838462,-1.90813310419982,0.0733266841586743,0.341001843768667,-4.78117374874061
"3619","Rv0651",-0.411498402805556,1.58181975161538,-1.90798498716349,0.073346988365644,0.341001843768667,-4.78141354228235
"3348","Rv0415",0.476888008666666,1.34693244676923,1.90793699537856,0.0733535682584464,0.341001843768667,-4.78149123585832
"4738",NA,0.261857304722222,2.38707304984615,1.90402084362255,0.0738922653999722,0.343148086322143,-4.78782685546973
"2942","Rv3589",0.394107751749999,1.57940565438462,1.90271103615902,0.0740732240081005,0.343148086322143,-4.78994402577898
"463","Rv1385",0.421008558222223,2.67371200938462,1.90250330418674,0.0741019597725474,0.343148086322143,-4.7902797176086
"948","Rv1822",-0.399180322694444,2.16804730023077,-1.90217747219463,0.074147052413339,0.343148086322143,-4.79080621004014
"3895","Rv0900",-0.457886433055555,2.40550226769231,-1.90212834415224,0.074153853474693,0.343148086322143,-4.7908855880932
"4534",NA,0.351425737416666,3.28244910853846,1.90089069979784,0.0743253705573694,0.343148086322143,-4.792884863777
"1786","Rv2555c",-0.293822968888889,1.04309672146154,-1.90046918537342,0.0743838660385909,0.343148086322143,-4.79356558261178
"1576","Rv2380c",0.416062664694445,1.284092757,1.90044905101464,0.0743866612002833,0.343148086322143,-4.79359809589084
"268","Rv1219c",-0.419118831,0.846670034307692,-1.9000947012191,0.074435869273117,0.343148086322143,-4.79417026935305
"4666",NA,-0.365580430138889,2.41084037530769,-1.89953719115327,0.0745133485673508,0.343148086322143,-4.79507034993225
"783","Rv1671",-0.253819932777778,1.65683582007692,-1.89891375243842,0.0746000751874747,0.343148086322143,-4.79607666929292
"483","Rv1403c",-0.417042214638889,2.59332585353846,-1.89867263284971,0.0746336414305522,0.343148086322143,-4.79646581398505
"3523","Rv0569",0.37790769311111,2.01929122992308,1.89822317751663,0.0746962459441711,0.343148086322143,-4.79719110860715
"325","Rv1269c",0.481472922055555,1.18767051607692,1.8981134785545,0.0747115329734964,0.343148086322143,-4.79736811517315
"3341","Rv0408",0.370512634833333,1.06598429869231,1.89516043559466,0.075124099454621,0.344732024158607,-4.80213057652438
"2927","Rv0352",0.376567586333333,1.17281359169231,1.89472556618474,0.0751850254181739,0.344732024158607,-4.80283150089794
"796","Rv0164",-0.402527237583333,1.76291358030769,-1.89290010070205,0.0754412558219206,0.345611223252559,-4.80577266503654
"4439",NA,0.297554689777778,1.69591241261538,1.89169144977403,0.0756113342203585,0.346094578497969,-4.80771902216354
"4047",NA,-0.321972294055555,2.64498033261538,-1.89114626453157,0.0756881628115876,0.346150642209991,-4.80859670194841
"2401","Rv3103c",-0.319231997666667,2.12092217938462,-1.88964631491841,0.0758998967962551,0.346484914957787,-4.81101059123803
"439","Rv1364c",-0.244913995888889,0.865729207692308,-1.88835596491844,0.076082464456843,0.346484914957787,-4.81308618090408
"669","Rv1567c",-0.741041799638889,1.49103976553846,-1.88827825285656,0.0760934721421818,0.346484914957787,-4.81321115527494
"735","Rv1628c",0.423782923222222,1.73098149061538,1.88762842968706,0.0761855730724265,0.346484914957787,-4.81425605288523
"1567","Rv2372c",0.433795967111111,1.41156060392308,1.8875749367031,0.0761931591650149,0.346484914957787,-4.81434205777956
"4295",NA,-0.302426580305556,1.95004782784615,-1.88753816716223,0.0761983740162706,0.346484914957787,-4.81440117416173
"1333","Rv2163c",-0.299571909416666,1.56440665746154,-1.88742974583697,0.0762137527491102,0.346484914957787,-4.81457548467146
"1534","Rv2340c",-0.290722101722222,1.12100609315385,-1.88651147555238,0.0763441129253744,0.346783428203396,-4.81605154171032
"4381",NA,-0.416298946194444,2.228442703,-1.88409645476664,0.0766879015643286,0.348050086693312,-4.81993130864008
"2352","Rv3061c",0.293972690083333,1.74006411692308,1.88307059947681,0.0768343519382514,0.348419734677688,-4.82157838837079
"2462","Rv3157",-0.337340301027778,1.99905679592308,-1.88173779355137,0.0770249931239836,0.348988979834786,-4.82371743134498
"2116","Rv2854",-0.357594171333333,1.23565487046154,-1.87777784347117,0.077593893027531,0.351140849170811,-4.83006703646252
"1126","Rv1980c",-0.282808839472222,0.798739763230769,-1.87745158627198,0.07764093002879,0.351140849170811,-4.83058978892266
"4524",NA,0.534717184805556,2.243216791,1.87706661804125,0.0776964640142877,0.351140849170811,-4.8312065366043
"2079","Rv2822c",0.335234580916667,0.719109374846154,1.87647962619509,0.0777812089346573,0.351227699991376,-4.83214678319462
"4925",NA,0.311341763472223,3.96049964853846,1.87357813572053,0.0782013066619315,0.352827444198614,-4.83679160165974
"161","Rv1124",-0.319678920805556,1.27150863730769,-1.87029686212828,0.0786788143953951,0.354238934368061,-4.84203876296087
"1148","Rv1997",0.296992499722222,1.08659541061538,1.86963581281123,0.0787753257713087,0.354238934368061,-4.84309513822373
"4420",NA,-0.559948141305556,3.46888948523077,-1.86908687197549,0.0788555493162036,0.354238934368061,-4.84397217625402
"4436",NA,0.331612647666667,1.34746278784615,1.86901080516475,0.0788666716120676,0.354238934368061,-4.84409369431271
"4562",NA,0.334179440194444,0.990660320307692,1.86894275531629,0.0788766228658114,0.354238934368061,-4.84420240240511
"3845","Rv0856",-0.276780846777777,1.94547844469231,-1.86844032298439,0.078950130371818,0.354238934368061,-4.84500494690946
"1093","Rv1953",0.437813615083333,1.17347820076923,1.86825829016353,0.0789767773451181,0.354238934368061,-4.84529567663645
"1581","Rv2384",0.350533278555555,1.30909623615385,1.86464391369443,0.0795075216842502,0.356321334638446,-4.85106447557819
"2288","Rv3005c",-0.406387291611112,1.60033958346154,-1.86365611797504,0.0796531205427935,0.356479098055884,-4.85263979903021
"4203",NA,-0.280988133555556,1.35523221469231,-1.86350281156757,0.0796757387072666,0.356479098055884,-4.85288424120156
"2285","Rv3003c",0.378305355833333,1.10738384038462,1.86294602281135,0.0797579327394813,0.356549223922952,-4.8537719126601
"2985","Rv3629c",0.341362800027778,1.16733534407692,1.86130358556488,0.0800008292896517,0.357337037493777,-4.85638939120307
"4811",NA,-0.27725087475,1.58010515946154,-1.8600172868615,0.0801915141137537,0.357437829873496,-4.85843825412605
"499","Rv1417",0.346673074194444,2.24278496223077,1.85986921545951,0.080213490457773,0.357437829873496,-4.85867404814997
"813","Rv1697",0.50038259275,1.08348938130769,1.8598021004515,0.0802234532346671,0.357437829873496,-4.85878092036772
"2994","Rv0358",-0.357179735694444,1.90980401269231,-1.8589963989808,0.0803431397469146,0.357570947746419,-4.8600637018098
"3926","Rv0927c",0.445308970333333,1.73113782161538,1.8582730309777,0.0804507302127641,0.357570947746419,-4.86121508783672
"2331","Rv0299",-0.47205075975,2.34617701161538,-1.85696363909175,0.0806458073674603,0.357570947746419,-4.8632985029738
"3137","Rv3763",0.352009779777778,1.02008095830769,1.85691662012637,0.0806528201690326,0.357570947746419,-4.86337329846268
"4999",NA,0.523625168444445,1.631387733,1.85645378598222,0.0807218799097278,0.357570947746419,-4.8641094863632
"2090","Rv2831",0.577901687222222,1.84974308846154,1.85629463955316,0.0807456383160025,0.357570947746419,-4.86436259824474
"4718",NA,-0.368313977611111,2.29066596961538,-1.85611671055337,0.0807722080267491,0.357570947746419,-4.86464556573342
"841","Rv1720c",-0.269244043333334,1.17073897769231,-1.85593825868964,0.0807988635803282,0.357570947746419,-4.86492934690416
"4212",NA,-0.237735284000001,1.75638698115385,-1.85557111150334,0.0808537292292277,0.357570947746419,-4.86551314256748
"372","Rv1310",0.310323916611111,0.955250295076923,1.85390055733579,0.081103789223427,0.358381129627015,-4.86816851163874
"4776",NA,-0.283130234083333,1.42800078776923,-1.85302855601541,0.0812345877272144,0.358573960536384,-4.86955394680536
"802","Rv1688",-0.439925740722222,1.74870670915385,-1.85271794185812,0.081281224263378,0.358573960536384,-4.87004734709529
"438","RVnc0015",-0.566255913888889,1.625788739,-1.8508832987964,0.0815571659823527,0.358995367815577,-4.8729605093059
"3503","Rv0552",-0.310505839527778,0.698439637538461,-1.85061770740056,0.0815971810939275,0.358995367815577,-4.87338207507098
"147","Rv1111c",0.387489196333334,1.38085131930769,1.84992715060892,0.0817013044685336,0.358995367815577,-4.87447799047384
"4685",NA,0.328805020722222,1.00045156661538,1.84986861334335,0.0817101362157584,0.358995367815577,-4.87457087690925
"451","RVnc0035",0.774518321972222,1.75131029038462,1.84985869826122,0.0817116322266798,0.358995367815577,-4.87458660988603
"857","Rv1734c",0.469362860833333,1.57866934853846,1.8480148264483,0.0819902609484476,0.35992448704642,-4.87751145074972
"1010","Rv1877",0.490751677527778,1.19566625361538,1.84694735245925,0.0821519509196389,0.360339162789905,-4.87920385415566
"578","Rv1487",-0.420134888416666,1.77939440369231,-1.84585804954073,0.0823172375287819,0.360768923265961,-4.88093020239066
"4720",NA,-0.449804088555554,3.29142916346154,-1.84441780662245,0.0825362251350968,0.361433142748463,-4.88321169759982
"1605","Rv2401A",0.502044897305555,2.29250788553846,1.84323835659281,0.0827159422820093,0.36143323994255,-4.88507919580385
"1977","Rv2727c",0.386464364722222,1.316197985,1.84320986377673,0.0827202881068667,0.36143323994255,-4.88512430055134
"4123",NA,-0.33490155625,1.28937547569231,-1.84250534698448,0.0828278076070271,0.36143323994255,-4.88623941976008
"4748",NA,-0.329871651416667,1.009551408,-1.84238540041304,0.0828461254785506,0.36143323994255,-4.88642924490021
"1813","Rv2580c",0.540800148166666,1.36097053607692,1.84211381681287,0.0828876141028011,0.36143323994255,-4.88685901777439
"4558",NA,-0.332440056694444,2.41839182376923,-1.84176559797688,0.0829408367778614,0.36143323994255,-4.88741000246787
"4662",NA,-0.266446247805556,1.16619231630769,-1.84080215421997,0.0830882492059741,0.36155629987986,-4.88893409598883
"774","Rv0015c",-0.296301065222222,1.09366197530769,-1.840699396606,0.08310398534552,0.36155629987986,-4.88909661953359
"1479","Rv2294",0.335751608194445,0.964126969307692,1.83995335971202,0.0832183111271763,0.36176005485942,-4.89027638719199
"3644","Rv0674",0.437799085055555,1.27354240376923,1.83951228323908,0.0832859687581102,0.361760771915292,-4.89097374809255
"219","Rv1176c",0.346039435527778,0.882436683307692,1.83818277486212,0.0834901984355384,0.362354221550191,-4.89307509004705
"2434","Rv3132c",0.387510501944444,1.25496429384615,1.83658665164336,0.0837359669258692,0.363126846862993,-4.89559650138995
"1911","Rv2667",-0.356266289388889,1.40909497284615,-1.83353570148761,0.0842075228669658,0.364674578760151,-4.90041208516171
"3844","Rv0855",0.407448400083333,1.25265949484615,1.83339747908684,0.0842289418852736,0.364674578760151,-4.90063012828476
"5273",NA,-0.25852422575,1.32215253261538,-1.83226264211347,0.0844049784550091,0.365141795414729,-4.90241989967739
"2682","Rv3352c",0.398489674055555,1.18443272515385,1.83066658364738,0.0846531085588691,0.365671003156471,-4.90493582890698
"5182",NA,-0.297171807916666,2.24124096069231,-1.83059820856698,0.0846637527830561,0.365671003156471,-4.90504357874673
"1543","Rv2348c",-0.323523403111111,1.61205070438462,-1.82751243199147,0.0851453569324689,0.3674550025427,-4.90990356396471
"3209","Rv0378",-0.360895077055556,3.16169906353846,-1.8264978711077,0.0853042279077969,0.367686374162696,-4.91150027114597
"4076",NA,0.324263796472222,1.80727638838462,1.8262941134971,0.0853361659437302,0.367686374162696,-4.9118208720959
"1039","Rv0186",-0.285714071361112,1.52831251484615,-1.82585137802114,0.0854055989144318,0.367689968017152,-4.91251740913328
"3608","Rv0641",-0.355291542666666,1.109493734,-1.82427836272001,0.085652692928609,0.367955594982374,-4.91499125977199
"4752",NA,-0.251319717555556,0.984243452307692,-1.8241554903667,0.085672020559376,0.367955594982374,-4.91518443904239
"4040",NA,-0.237867568444445,2.03302865361538,-1.8241185070256,0.0856778387331223,0.367955594982374,-4.91524258236329
"3067","Rv3701c",0.31645240325,1.06036644576923,1.82364739162071,0.0857519844652287,0.367955594982374,-4.91598317734311
"1477","Rv2292c",0.300727899527778,1.25852095138462,1.82327558902775,0.0858105398746208,0.367955594982374,-4.91656756240872
"214","Rv1171",-0.372161422500001,1.75555796392308,-1.82077718950577,0.0862049276562799,0.369168011906903,-4.92049239380249
"5353",NA,0.407001899444445,0.984607712769231,1.82016839563372,0.086301270814633,0.369168011906903,-4.92144822829889
"3661","Rv0689c",-0.451325881416667,2.60185765330769,-1.81978323149562,0.086362272909919,0.369168011906903,-4.92205284378956
"4556",NA,-0.271894766583333,1.58291814984615,-1.81974212941371,0.0863687848752344,0.369168011906903,-4.92211735918353
"748","Rv1639c",-0.286034665166667,2.68641157453846,-1.81886059245738,0.0865085542570731,0.369215361188472,-4.92350081937805
"4446",NA,-0.567876395305556,2.738639658,-1.81880339802168,0.0865176294128209,0.369215361188472,-4.9235905633374
"2655","Rv3324A",0.40417332275,1.08301603961538,1.81810650394411,0.0866282742608364,0.369317106910993,-4.92468391075812
"4075",NA,0.365433926555556,2.08328903838462,1.81744476577029,0.0867334526070498,0.369317106910993,-4.92572184390213
"1478","Rv2293c",-0.346891068861111,1.00722308838462,-1.81735217193927,0.0867481786568917,0.369317106910993,-4.92586705677905
"3875","Rv0882",0.330638690805555,3.14068601176923,1.8142965874854,0.0872353711264492,0.371096499395054,-4.93065629217392
"4658",NA,0.503881109888889,2.51332033638462,1.81210920981376,0.0875856091227118,0.37229093171906,-4.93408141808332
"1778","Rv2548A",0.282894358555556,1.03973823253846,1.8095682427187,0.0879940135759151,0.37330437738905,-4.93805674492222
"5159",NA,-0.349828516805556,2.52453931007692,-1.80951878559028,0.0880019792853009,0.37330437738905,-4.93813408324089
"3645","Rv0675",-0.390691235,1.18535075769231,-1.80932639326304,0.0880329725783133,0.37330437738905,-4.93843492224626
"2445","Rv3141",0.320153246583334,1.59316441907692,1.8073314572117,0.0883549106617937,0.373960411549848,-4.94155309011749
"4109",NA,0.357608691527778,1.95352001523077,1.80726962212509,0.0883649059569676,0.373960411549848,-4.94164970409411
"3964","Rv0961",0.439235568166667,1.30683893707692,1.80707120706797,0.0883969853421003,0.373960411549848,-4.94195970192241
"3950","Rv0949",0.280410495972222,0.823671998615385,1.8057496483867,0.0886109134727865,0.374569791966984,-4.94402388399719
"233","Rv1187",-0.336488641833334,1.00607935338462,-1.80479054744606,0.0887664529563927,0.37493159010738,-4.94552129816158
"4122",NA,0.296059887888888,1.86177860076923,1.80378678453779,0.0889294919037759,0.375202314375554,-4.94708786990495
"4670",NA,0.290726908361111,1.48031197276923,1.80353426884732,0.0889705488006211,0.375202314375554,-4.94748187878383
"4968",NA,0.634262670138888,1.87918434323077,1.80279402567316,0.0890910018751768,0.375414913562066,-4.94863669210913
"3897","Rv0902c",0.359131874583333,1.27670113207692,1.80015358297277,0.0895218232327515,0.376933992558954,-4.95275330917642
"229","Rv1184c",-0.244661801694445,0.888514323923077,-1.79919661743689,0.0896784146460219,0.377126584682366,-4.95424427732622
"4489",NA,-0.313638738194444,2.41429460369231,-1.79901425318759,0.0897082827369434,0.377126584682366,-4.95452834334676
"3930","Rv0931c",-0.338753921916667,0.819946913307692,-1.79851665556629,0.0897898249412674,0.377173559314415,-4.95530334504722
"4352",NA,0.28515205775,1.44390789430769,1.79759531390604,0.0899409783919683,0.377512642271692,-4.9567379415421
"1338","Rv2170",-0.351446077611111,1.47124368353846,-1.79677871495143,0.0900751343760985,0.377779906303512,-4.95800903224253
"220","Rv0114",-0.278139573055555,1.72690976553846,-1.795215264199,0.0903324772620982,0.378325776780839,-4.96044156201292
"4143",NA,0.246971906166666,1.57000931192308,1.79509260782599,0.0903526936428128,0.378325776780839,-4.9606323393061
"4853",NA,-0.411292504194445,0.968311221307692,-1.79467486017716,0.0904215770938415,0.378325776780839,-4.961282029803
"300","Rv1247c",0.469118513194444,1.24361163153846,1.79427459794873,0.0904876204912381,0.378325776780839,-4.96190443095406
"3900","Rv0905",0.370991079611111,1.25196130469231,1.79112688192363,0.0910084692170589,0.380206855029958,-4.96679581278567
"4031",NA,-0.357765893833333,1.77437796215385,-1.79048567519607,0.0911148902309969,0.380354993487651,-4.9677915028368
"871","Rv1746",0.487091569972222,1.29364362,1.79000888621616,0.0911940934704709,0.380389370429357,-4.96853172269559
"2602","Rv3280",-0.334921333861111,0.867594503,-1.78876695350651,0.0914006839372217,0.380498389370512,-4.97045921077934
"3396","Rv0457c",-0.305513162527778,0.931282439230769,-1.78870979287535,0.0914102022308356,0.380498389370512,-4.97054790270659
"3051","Rv3687c",0.390698186972222,1.11522206846154,1.78857173452351,0.0914331950576901,0.380498389370512,-4.97076210974699
"2705","Rv0332",0.279402092166666,1.07003260915385,1.78716999335411,0.091666933802044,0.38062294542908,-4.97293637468059
"4339",NA,-0.341897135166668,1.78258897484615,-1.78682930031826,0.0917238229151851,0.38062294542908,-4.97346465535913
"4055",NA,0.421718373,0.924635346615385,1.7861510625173,0.0918371674256414,0.38062294542908,-4.97451613212268
"5180",NA,-0.411504761833334,2.54474857646154,-1.78573380569059,0.0919069586694001,0.38062294542908,-4.97516287404978
"4392",NA,0.383913043916666,1.38840258723077,1.78571184334307,0.0919106334225447,0.38062294542908,-4.97519691253131
"2892","Rv3545c",-0.247984267277778,0.763510134692308,-1.78537116583236,0.0919676522537738,0.38062294542908,-4.97572487740817
"182","Rv1144",-0.380407823277777,2.13166276123077,-1.78433708470225,0.0921409148897904,0.38062294542908,-4.97732702661845
"3894","Rv0899",0.373511360611111,1.28665280061538,1.78406599375574,0.0921863840075909,0.38062294542908,-4.97774693622194
"1672","Rv2459",-0.506880000583334,2.10421858276923,-1.78371640093451,0.0922450489399909,0.38062294542908,-4.97828837845004
"223","Rv1178",0.518903587583333,1.572049585,1.78361118611155,0.0922627113593237,0.38062294542908,-4.97845131894783
"3769","Rv0787",-0.421368995916667,1.75617987407692,-1.78337649098905,0.0923021203039272,0.38062294542908,-4.97881475510798
"3942","Rv0942",-0.283651449555556,1.38918035753846,-1.78329821924388,0.0923152666152619,0.38062294542908,-4.97893595528892
"398","Rv1328",-0.233378702972222,1.12955280146154,-1.78252576373469,0.0924450940152306,0.380865260508559,-4.98013187360192
"2556","Rv3238c",-0.316827673694445,1.40672657461538,-1.78191250014461,0.0925482795428347,0.380997525614127,-4.98108108031388
"4452",NA,-0.265332811722222,1.89246063092308,-1.78140295023053,0.0926340911719045,0.381058118711749,-4.98186959099347
"2389","Rv3094c",-0.422410507,1.39382691269231,-1.78007347028936,0.0928583121585838,0.381566375024309,-4.98392619446829
"2865","Rv3521",-0.415398537416666,2.08200940992308,-1.77913246296709,0.0930173026364502,0.381566375024309,-4.98538123083045
"4213",NA,-0.590745289777778,2.23239022869231,-1.77879986046991,0.0930735552926607,0.381566375024309,-4.98589539384972
"2004","Rv2751",0.557117384638889,1.20083273315385,1.77865515452743,0.0930980385137034,0.381566375024309,-4.9861190712656
"2030","Rv2776c",0.282687288583333,0.974095461153846,1.77814404680935,0.0931845593786396,0.381566375024309,-4.98690901077566
"4729",NA,-0.438470174861111,1.81158227084615,-1.77814278359759,0.0931847733035113,0.381566375024309,-4.9869109629341
"239","Rv1193",0.38111836025,1.44965349123077,1.77678413482481,0.0934151090483923,0.381669992330634,-4.98901006358827
"2499","Rv3192",-0.407527105527778,1.31905001676923,-1.77661224918377,0.0934442847505552,0.381669992330634,-4.98927554773018
"3277","Rv3888c",0.406730320361111,1.10377511623077,1.77656265474602,0.0934527043422263,0.381669992330634,-4.98935214504746
"4098",NA,-0.367152947222223,1.49754154738462,-1.77631412639663,0.0934949067033811,0.381669992330634,-4.98973596871882
"1777","Rv2548",0.408889081444444,1.53581652438462,1.77446891810745,0.0938087608013602,0.382659785308441,-4.99258454036934
"3310","Rv0004",-0.325619777666667,2.17910376415385,-1.77356552316417,0.0939627558172831,0.382996479985275,-4.99397843724019
"1472","Rv2287",-0.337700380472223,1.05029069115385,-1.7719097529228,0.0942455758312159,0.383857360528357,-4.99653196015229
"2396","Rv0305c",-0.381225242333334,1.47735013223077,-1.77047270116922,0.0944916389752877,0.384162562031175,-4.99874685931
"2797","Rv3457c",-0.245861070361111,0.834714453,-1.77035735093774,0.0945114144281759,0.384162562031175,-4.99892459322437
"2918","Rv3567c",0.364969228722222,1.655619949,1.77005258623026,0.094563680167196,0.384162562031175,-4.99939414272703
"2368","Rv3075c",0.233302281944444,0.946830345923077,1.76938177527553,0.0946788100269894,0.384162562031175,-5.00042746375024
"430","Rv0132c",0.399049708333333,1.97060658069231,1.76898658695333,0.0947466926055767,0.384162562031175,-5.00103608908077
"2537","Rv3221A",0.501671660055556,2.11068211876923,1.76896418249988,0.094750542351719,0.384162562031175,-5.00107059116405
"5068",NA,-0.292795155916667,1.22946347253846,-1.76818921650016,0.0948837884224003,0.384188349296058,-5.00226382852934
"648","Rv1548c",-0.494005424388889,1.53592284115385,-1.76809350366355,0.0949002564305934,0.384188349296058,-5.00241117558062
"1476","Rv2291",0.327168451472222,1.21982756038462,1.76514040330786,0.0954095831858324,0.3856949514556,-5.00695470953422
"3318","Rv3924c",-0.250981765833334,1.28340633038462,-1.76510140233876,0.0954163256772623,0.3856949514556,-5.00701468031851
"4791",NA,0.292920744972222,1.21689770423077,1.76359648656515,0.0956768132316389,0.385811863138887,-5.009328058873
"1247","Rv2086",-0.278825078166667,1.49007955207692,-1.76339445378131,0.0957118304792774,0.385811863138887,-5.00963852393511
"2901","Rv3553",-0.260249681527778,0.980760664307692,-1.76325242081087,0.0957364549731476,0.385811863138887,-5.00985677234544
"542","Rv1456c",0.458069555666667,1.988015181,1.76296790583736,0.0957857984252546,0.385811863138887,-5.01029392299503
"3111","Rv3739c",0.521274811638889,1.73494795515385,1.76285637452229,0.0958051473578094,0.385811863138887,-5.01046527510913
"12","Rv0095c",-0.26612879775,2.22742697992308,-1.76229540636095,0.09590251820726,0.385914037230416,-5.01132701103519
"550","Rv1464",0.291211137,1.17822219123077,1.76154422139368,0.0960330413103794,0.385999151404918,-5.01248065625885
"272","Rv1223",0.418929496583333,1.32810938076923,1.76073707413986,0.0961734607562887,0.385999151404918,-5.01371987139721
"3794","Rv0078A",0.334585493305556,1.151659177,1.76067417675174,0.0961844105296003,0.385999151404918,-5.01381642158357
"1738","Rv2515c",0.313157579361111,1.40798209684615,1.76032639901555,0.0962449745876861,0.385999151404918,-5.01435023269234
"3911","Rv0915c",0.38387586725,1.23959954453846,1.76010387562925,0.0962837435500701,0.385999151404918,-5.01469175048048
"4769",NA,-0.262111941166667,1.24621679038462,-1.75955055887414,0.0963802037234407,0.386097079191063,-5.01554082526957
"30","Rv0999",0.452168676138889,1.62310224646154,1.75677636220892,0.0968651021512934,0.387587383075986,-5.01979512354959
"2425","Rv3125c",-0.528325868694445,2.04066626630769,-1.75631119073601,0.0969466165868153,0.387587383075986,-5.02050802482889
"3790","Rv0807",0.368308217333333,1.919012245,1.75618262227113,0.0969691568479287,0.387587383075986,-5.02070504034747
"2065","Rv0276",-0.287543769805556,1.49221047153846,-1.75430723092165,0.0972984643470019,0.388613836736163,-5.02357772425147
"2637","Rv3312c",-0.36478310775,1.02033307523077,-1.7528674352556,0.0975519441260927,0.389328226444268,-5.02578174225776
"66","Rv0100",0.269925623583333,1.29223904330769,1.75246668142925,0.0976226000636374,0.389328226444268,-5.02639498918751
"5119",NA,-0.269100101861113,4.43732577523077,-1.751923255126,0.0977184813864558,0.389411132849784,-5.02722640442496
"1619","Rv2414c",0.362123630166667,2.82054102823077,1.75152562141327,0.0977886911969794,0.389411132849784,-5.02783465197731
"1243","Rv2082",0.27234725886111,1.59073811653846,1.74994859434769,0.0980675778396997,0.39023178709784,-5.03024604497949
"3859","Rv0868c",0.482021415805555,1.25665027976923,1.74917530679249,0.0982045812146471,0.390487058835689,-5.03142791394213
"43","Rv1011",0.489122562666667,1.52859953361538,1.74834863092209,0.0983512275028214,0.390535188533732,-5.03269098245004
"1999","Rv0270",0.558579182527777,1.07307074207692,1.74828408578594,0.0983626853527898,0.390535188533732,-5.03278958292306
"5239",NA,-0.389901576027777,3.90501344892308,-1.74755762277812,0.0984917248739872,0.390535188533732,-5.03389916988256
"2652","Rv3322c",0.482236710694444,1.37816961607692,1.74746532698026,0.0985081296450756,0.390535188533732,-5.03404011814733
"407","Rv1337",-0.375976379972223,2.47159719076923,-1.74580502490213,0.0988036399050907,0.391417228301024,-5.03657475000606
"5137",NA,0.389383254138889,0.934826264846154,1.74336014202954,0.0992401973994497,0.392358397226544,-5.04030410661144
"3142","Rv3768",-0.408243614111111,1.06955230061538,-1.7433495095031,0.09924209959529,0.392358397226544,-5.04032031730173
"326","Rv1270c",0.335693342916666,1.05428751830769,1.74321010801535,0.0992670419359264,0.392358397226544,-5.04053284696518
"4566",NA,0.410647748055556,1.63664727730769,1.74199453312513,0.0994847690160797,0.392358397226544,-5.04238559939972
"2237","Rv2961",0.364967820611111,1.43304554215385,1.74073901140724,0.0997100866381192,0.392358397226544,-5.04429830131146
"1527","Rv2333c",-0.279883726222222,1.02703033738462,-1.74038858768988,0.0997730532302265,0.392358397226544,-5.04483197801541
"3169","Rv3792",-0.295989781388889,1.945396087,-1.74036088744822,0.0997780320767428,0.392358397226544,-5.04487416084692
"201","Rv1159A",-0.663392156416666,1.08506207184615,-1.74036073403852,0.0997780596512306,0.392358397226544,-5.04487439446292
"4285",NA,0.427208873638888,3.28967218569231,1.74010676581871,0.0998237180174565,0.392358397226544,-5.04526112391051
"1171","Rv2021c",-0.515199538416668,2.00413642223077,-1.73951470380294,0.0999302293048382,0.392358397226544,-5.04616253340909
"4779",NA,-0.402389130833333,1.00643314492308,-1.7382985632392,0.100149321247325,0.392358397226544,-5.04801343236511
"3205","Rv3824c",-0.266936664222222,0.699096568,-1.73818635304306,0.100169557306456,0.392358397226544,-5.04818416501429
"1744","Rv2520c",-0.391091928666667,2.62394676638462,-1.73786227775233,0.100228021188964,0.392358397226544,-5.0486772167504
"963","Rv1835c",0.303560861,0.887670304153846,1.73781961724947,0.100235719442174,0.392358397226544,-5.04874211617714
"3947","Rv0091",0.529908822777778,1.02404951023077,1.73779999835042,0.10023925992094,0.392358397226544,-5.04877196204017
"3517","Rv0056",-0.344571844388889,1.45152189607692,-1.73773292863787,0.100251364319974,0.392358397226544,-5.04887399217579
"4292",NA,0.656632915666667,2.35246785553846,1.73754307446514,0.100285635112009,0.392358397226544,-5.04916279402118
"2086","Rv2828A",-0.388496090777778,3.05859154192308,-1.73588991013525,0.100584479803189,0.393057818796526,-5.05167662738643
"282","Rv1231c",0.260874851194444,1.46531945046154,1.73574303181708,0.100611068542693,0.393057818796526,-5.05189989328275
"2558","Rv3240c",-0.266807223666667,0.990649756692308,-1.73470378729964,0.100799372775203,0.393506655553598,-5.05347924811396
"832","Rv1713",0.37137209225,1.02440847292308,1.73405862411937,0.100916425884825,0.393676887003394,-5.05445938236357
"4342",NA,-0.254723236055555,1.92344851476923,-1.73301448918903,0.101106115062965,0.393782622133309,-5.0560451008206
"4349",NA,0.371680247444445,1.67666163138462,1.73268580278442,0.101165891876799,0.393782622133309,-5.05654413699574
"1994","Rv2742c",0.378297179361111,0.987740551,1.73255299062326,0.101190054561889,0.393782622133309,-5.05674576370005
"3370","Rv0435c",0.401056261444444,1.06161395484615,1.73189181872318,0.101310416916836,0.393782622133309,-5.05774935205831
"2011","Rv2758c",-0.341049733388889,0.906934093615385,-1.7318893590855,0.10131086491079,0.393782622133309,-5.05775308502996
"5065",NA,0.216327868611111,1.77417571,1.730749492325,0.101518663181363,0.394304372936308,-5.05948265570689
"660","Rv1560",-0.543373712083333,1.36608651507692,-1.72997429424519,0.101660193253576,0.394568164981293,-5.06065844709337
"3339","Rv0407",-0.283463168472223,0.866236059230769,-1.72956068262663,0.101735777454335,0.394575808361241,-5.06128564816384
"639","Rv1540",0.310948036944445,0.977148466384615,1.72856514069351,0.101917904558851,0.394996361847753,-5.0627948621416
"1695","Rv2478c",0.397298583361111,1.06691406815385,1.72667064360079,0.102265269752537,0.395234027073029,-5.0656652003673
"126","Rv1091",-0.32752645213889,4.694494828,-1.72663055184549,0.102272631843148,0.395234027073029,-5.06572591945595
"4816",NA,-0.221592096111111,2.75464569430769,-1.72641805067153,0.102311661323956,0.395234027073029,-5.06604773678965
"4115",NA,-0.388670859194445,1.88357283015385,-1.7263019112379,0.102332997775072,0.395234027073029,-5.06622360975162
"1319","Rv2151c",-0.23899886,0.960606063769231,-1.72577159406798,0.102430473524461,0.395234027073029,-5.06702657831668
"5216",NA,0.395154045666667,1.54920779546154,1.72563874603439,0.102454904456509,0.395234027073029,-5.06722770050668
"2740","Rv3405c",0.459130445,1.80588309284615,1.72541865095831,0.102495391349162,0.395234027073029,-5.06756088463937
"1231","Rv2072c",-0.262318496277777,1.11961170469231,-1.72479880059551,0.102609488464045,0.395280213252437,-5.06849906717258
"445","Rv1367c",0.539280913888888,1.845717654,1.72441468920425,0.102680247838366,0.395280213252437,-5.06908032629105
"3732","Rv0752c",0.354534546194444,1.34367155576923,1.72352543676524,0.102844224391231,0.395280213252437,-5.07042564788291
"2174","Rv2908c",0.336480461972222,1.01849068538462,1.72350390868724,0.102848196940735,0.395280213252437,-5.07045821103849
"5282",NA,-0.411222115250001,3.19426964761538,-1.72333045383318,0.102880209199593,0.395280213252437,-5.07072056679014
"435","Rv1361c",-0.2888527205,2.04278374015385,-1.72295329282051,0.102949846585896,0.395280213252437,-5.07129097089641
"5217",NA,0.399046027833334,1.95905129415385,1.72200201083525,0.10312566856282,0.395671856475815,-5.07272926790795
"5072",NA,-0.274223370972222,2.53580774861538,-1.72104697195174,0.103302446428497,0.396066604332434,-5.07417268879433
"3576","Rv0616A",-0.399208687027778,1.55605232438462,-1.72046514103889,0.103410271998791,0.39619661037421,-5.07505177946538
"701","Rv1597",-0.268155415055556,1.52608039992308,-1.71871837443478,0.103734570333987,0.397155212135835,-5.07768973164522
"2525","Rv3211",0.326909342583333,0.944758162307692,1.71804095621958,0.103860574012212,0.397252997884119,-5.07871226015505
"2530","Rv3215",-0.315933336111111,1.34508649015385,-1.71747990070151,0.103965033818106,0.397252997884119,-5.07955893220301
"699","Rv1595",-0.408652503388889,0.964934797923077,-1.71706282566595,0.104042745598001,0.397252997884119,-5.08018820261105
"3086","Rv3717",0.390843347,1.37118563961538,1.71698866524592,0.104056568848751,0.397252997884119,-5.08030008248083
"4137",NA,0.345190956388888,4.06137511892308,1.71570684047806,0.10429574785363,0.397792039182115,-5.0822333356216
"1736","Rv2513",-0.281630843527778,1.19848255638462,-1.71543680352877,0.104346195352622,0.397792039182115,-5.08264047787413
"1741","Rv2518c",0.410391331111111,1.51348955938462,1.71480720158438,0.104463897696855,0.397957705511829,-5.08358957250878
"75","Rv1042c",0.357989863944445,1.89763144807692,1.71334813796697,0.104737107100806,0.398432146245793,-5.08578810512048
"187","Rv1149",0.357989863944445,1.89763144807692,1.71334813796697,0.104737107100806,0.398432146245793,-5.08578810512048
"60","Rv1026",0.357897343666667,1.45060876207692,1.71169283933248,0.105047809371101,0.398803130654855,-5.08828074290198
"4255",NA,-0.254847205416667,2.30244681807692,-1.71138485245378,0.105105706849657,0.398803130654855,-5.08874434021974
"5356",NA,0.386307055305555,1.98156029723077,1.7113817398115,0.105106292126199,0.398803130654855,-5.08874902522741
"4817",NA,-0.324229032694444,1.23276602584615,-1.71074723334564,0.105225658518566,0.398803130654855,-5.08970393105685
"9","Rv0982",-0.316858456361111,1.75924696853846,-1.71048460168371,0.105275100319335,0.398803130654855,-5.09009910828489
"1987","Rv0269c",0.341475165361111,0.861573791461538,1.70996674589911,0.105372648241036,0.398803130654855,-5.09087819235278
"5086",NA,-0.600983782194445,2.90500164638462,-1.70985702897877,0.105393325521344,0.398803130654855,-5.09104323391643
"467","Rv1388",-0.221339518027778,1.66893580430769,-1.70966323004003,0.10542985748842,0.398803130654855,-5.09133473765946
"1540","Rv2345",0.2328283355,0.976587433153846,1.70909616829281,0.105536814024746,0.398926179952496,-5.09218755385719
"4988",NA,0.377054528805556,2.65647424546154,1.70590626425648,0.106140227447254,0.400761967289747,-5.09698122495007
"622","Rv1524",-0.358221659583334,0.985155501769231,-1.70515723065895,0.10628234848832,0.400761967289747,-5.09810593517124
"3290","Rv3900c",0.2615746395,0.774856253538462,1.7048273754414,0.106344987053347,0.400761967289747,-5.09860111888784
"4594",NA,-0.283248552777778,3.43249138307692,-1.70467315711814,0.106374283606739,0.400761967289747,-5.0988326107496
"2695","Rv3363c",-0.354003693722222,1.15786218623077,-1.70455717658039,0.106396320793528,0.400761967289747,-5.09900669549833
"396","Rv1327c",0.26881938925,0.736294415769231,1.70308593463081,0.106676210297099,0.401534049994698,-5.10121428236505
"4239",NA,0.25107302575,1.24761481330769,1.70170813087773,0.106938900152672,0.401801982256133,-5.10328045250117
"3655","Rv0683",-0.253165551388889,1.24262510984615,-1.70124485378996,0.107027353144054,0.401801982256133,-5.10397492423663
"2808","Rv3467",-0.341408895777777,2.97758241523077,-1.70103605116171,0.107067240238496,0.401801982256133,-5.10428788468421
"3980","Rv0094c",-0.341408895777777,2.97758241523077,-1.70103605116171,0.107067240238496,0.401801982256133,-5.10428788468421
"2158","Rv2893",0.329507715416666,2.52222777030769,1.70074841576796,0.107122207582838,0.401801982256133,-5.10471895815192
"3184","Rv3806c",-0.40984029113889,1.62213948207692,-1.69844899596318,0.107562504439671,0.403171345312335,-5.1081632107836
"4937",NA,-0.2194309935,1.51199275376923,-1.69515046145948,0.108196838514859,0.405182655258554,-5.11309829106334
"1186","Rv2033c",0.422702026166666,1.12082093376923,1.69487326855835,0.108250291479524,0.405182655258554,-5.11351270368062
"5090",NA,-0.339991545888888,2.92861305446154,-1.69428856475761,0.108363118482289,0.405310986517798,-5.11438669876203
"2638","Rv0326",0.386436864722222,1.43665036253846,1.69391212047791,0.108435812437784,0.405310986517798,-5.1149492822529
"2943","Rv3590c",-0.340456027666667,1.39009389515385,-1.69097528462504,0.109004379591362,0.407152247114773,-5.11933525979909
"3586","Rv0626",0.398736496888889,2.195703441,1.68881981144025,0.109423308403504,0.408432404625891,-5.12255090449707
"307","Rv1254",0.386520957555555,2.01204885115385,1.68756176148953,0.109668457903068,0.408496051984954,-5.12442638877978
"539","Rv1454c",0.363330153527778,1.37007765038462,1.68711980843697,0.109754691097492,0.408496051984954,-5.12508501216967
"2191","Rv2922A",0.395556255027778,1.21707904984615,1.68710164065688,0.109758237215229,0.408496051984954,-5.12511208421242
"2229","Rv2954c",-0.297175946055555,1.32745602607692,-1.687042757911,0.109769731050082,0.408496051984954,-5.12519982473323
"3293","Rv3903c",-0.278196519722222,0.968933069923077,-1.68590114515422,0.10999277720961,0.408496051984954,-5.12690050126998
"2560","Rv3242c",0.32697518075,1.57973967407692,1.68446240639047,0.110274430721592,0.408496051984954,-5.12904265098182
"4092",NA,-0.320485014916667,1.14538255415385,-1.68442946405829,0.110280886910495,0.408496051984954,-5.12909168393398
"4569",NA,-0.320485014916667,1.14538255415385,-1.68442946405829,0.110280886910495,0.408496051984954,-5.12909168393398
"5254",NA,-0.370777319277778,1.70482981023077,-1.68440876367938,0.110284944031798,0.408496051984954,-5.12912249502675
"2734","Rv3400",-0.345926347361111,1.144196128,-1.68424701819328,0.110316649373962,0.408496051984954,-5.12936323285243
"2196","Rv2927c",-0.239231830444444,0.749107477538462,-1.68377455987829,0.110409305540901,0.408496051984954,-5.13006633398397
"3097","Rv3726",-0.335474499861111,1.69713779492308,-1.68373687048564,0.110416699879119,0.408496051984954,-5.1301224164216
"2027","Rv2773c",-0.236759109055556,1.04882544607692,-1.68329851389424,0.110502733010119,0.408496051984954,-5.13077463298936
"4224",NA,-0.274328766222222,0.903193889923077,-1.68279185478268,0.11060224322598,0.408496051984954,-5.131528324882
"567","Rv1477",-0.22845503725,1.75477803661538,-1.68250559369509,0.110658500310337,0.408496051984954,-5.13195408782855
"4778",NA,-0.455163913138889,2.52878293292308,-1.68249922903763,0.110659751395924,0.408496051984954,-5.13196355355262
"1599","Rv2397c",0.294312872694444,1.03278603446154,1.68079553962181,0.110995079321741,0.409186356819165,-5.13449642333707
"254","Rv0116c",-0.436557772722222,1.60340975430769,-1.68077344732331,0.11099943336102,0.409186356819165,-5.13452925594828
"2357","Rv3065",-0.263753432527778,2.03753134653846,-1.68028968175009,0.111094812653755,0.409256491975346,-5.1352481305852
"296","Rv1244",0.421293318444445,1.14844450907692,1.67935607256467,0.111279082399405,0.40958446475875,-5.13663505716674
"1091","Rv1951c",-0.411425673583333,2.62414917861538,-1.67906456234094,0.111336672603265,0.40958446475875,-5.13706799929084
"1954","Rv0266c",0.317281556555556,0.807149283230769,1.67675921889375,0.111793014879025,0.410981179527828,-5.14048994708253
"1359","Rv2189c",0.325715858527778,1.37896973261538,1.6761201688306,0.111919798869366,0.411165265208913,-5.14143793345167
"4992",NA,-0.243687810861111,2.18385276876923,-1.67560674787131,0.112021748212606,0.411230071059359,-5.14219937188881
"2284","Rv3002c",-0.289005537027778,1.08867936484615,-1.67497068567332,0.112148160897309,0.411230071059359,-5.14314246590889
"4014",NA,-0.309850155527777,2.65244352761538,-1.67487290372336,0.112167605203131,0.411230071059359,-5.14328742535704
"721","Rv1615",0.445649610333334,1.56765605830769,1.67443576707504,0.112254566869615,0.411267586070497,-5.14393539666866
"174","Rv1138a",-0.306625375888889,2.49722383761538,-1.67402247715274,0.112336837839689,0.411287876243671,-5.14454790925023
"3035","Rv3675",-0.407937456222223,1.92925152407692,-1.67311719652658,0.11251722718903,0.411420877269473,-5.14588919668437
"1220","Rv2063",0.359714114666666,1.72335702961538,1.67306979094801,0.112526680238255,0.411420877269473,-5.14595941981731
"4564",NA,0.335363664944445,2.35115325046154,1.67135879507237,0.112868323165556,0.411897211230883,-5.14849301589302
"3126","Rv3753c",-0.297936987972222,1.14363039515385,-1.67111592395591,0.112916890524596,0.411897211230883,-5.14885250336647
"2339","Rv3049c",-0.368625972194444,0.901418161615385,-1.67015075530198,0.113110074302289,0.411897211230883,-5.15028073742629
"4505",NA,-0.448730906777778,1.61050282946154,-1.6701440517577,0.113111417044559,0.411897211230883,-5.15029065512113
"3916","Rv0919",-0.340548871861111,0.945102180153846,-1.66959140089978,0.113222161914602,0.411897211230883,-5.15110818819599
"400","Rv1330c",0.290040833555556,1.32916553215385,1.66956751262298,0.113226950947405,0.411897211230883,-5.15114352163645
"3578","Rv0618",0.307471625888889,1.06715371376923,1.66944444826151,0.113251625186876,0.411897211230883,-5.15132554192502
"500","Rv1418",-0.263949437388889,1.61941244061538,-1.66934417581808,0.113271733088493,0.411897211230883,-5.15147384440373
"1506","Rv2313c",0.292895611416667,1.17827500607692,1.66801587600707,0.113538389809618,0.412339258954299,-5.1534377949807
"709","Rv1604",0.416741209055556,1.57033141523077,1.66797226358368,0.113547154144878,0.412339258954299,-5.15350225901337
"3231","Rv0380c",0.360272842444445,1.11612730715385,1.66693579095452,0.113755614128349,0.412816582077151,-5.15503392785428
"877","Rv1751",-0.27407863325,0.972762091153846,-1.66565020932636,0.114014632014791,0.413108008462611,-5.15693277968205
"2005","Rv2752c",0.409289882527778,1.21190333330769,1.66560558931372,0.114023631090901,0.413108008462611,-5.15699866634071
"4635",NA,-0.331879194027778,2.35414296930769,-1.66538991871769,0.114067136665049,0.413108008462611,-5.15731711141167
"5263",NA,-0.263563120527778,1.69219577,-1.66454382102465,0.114237950934581,0.413447276846288,-5.15856611976714
"2424","Rv3124",-0.333610521138889,0.875723674230769,-1.66346455039438,0.114456157517465,0.413957492775718,-5.16015868038546
"3634","Rv0665",0.337108776611111,1.35907738269231,1.66226855279041,0.114698381139133,0.414553825290461,-5.16192262078892
"2778","Rv3439c",-0.34786269175,1.65092258838462,-1.66152097715001,0.114850009537563,0.414569434057258,-5.16302473713521
"5329",NA,0.484911112194445,2.18115209330769,1.66148461149933,0.114857389846087,0.414569434057258,-5.16307834030711
"4355",NA,-0.283394971388889,1.90939071584615,-1.66020989865688,0.115116346191076,0.415224505776693,-5.16495674441941
"1895","Rv2652c",0.3514529325,0.867092515153846,1.65937872574809,0.115285467200114,0.415554878407943,-5.16618099748321
"2138","Rv2873",-0.335366494444444,1.21508747715385,-1.65868643566042,0.115426491747833,0.41578359930671,-5.16720035233217
"777","Rv1664",-0.286268439944445,0.875117408461538,-1.65655340334402,0.115861935214681,0.417071842008522,-5.17033919866849
"331","Rv0123",-0.330348923833333,1.46777936138462,-1.65574216457214,0.116027912629466,0.417251326016529,-5.17153221159233
"4089",NA,-0.400791133638889,1.93643423492308,-1.65549977704191,0.116077543982573,0.417251326016529,-5.17188858705111
"487","Rv1406",-0.247806749361111,0.947247169461538,-1.65516886103551,0.116145331794153,0.417251326016529,-5.17237506306756
"4790",NA,-0.339258935888888,1.950026769,-1.65398057585828,0.116389030158347,0.417575778834988,-5.17412137388441
"3570","Rv0611c",-0.391131946472222,1.499152784,-1.65342804760187,0.116502493847985,0.417575778834988,-5.17493306652392
"4403",NA,-0.320519314166666,1.51591167776923,-1.65341110436104,0.116505974699251,0.417575778834988,-5.17495795395095
"4442",NA,-0.235518040555555,1.46031528784615,-1.65288626727001,0.116613842294962,0.417575778834988,-5.17572878114158
"5262",NA,-0.24385830336111,2.490724806,-1.65254089458825,0.116684871915659,0.417575778834988,-5.17623593359425
"2253","Rv2975c",0.268514668527778,0.948487693769231,1.65245238184973,0.116703081472913,0.417575778834988,-5.17636589531323
"2154","Rv0283",0.359401134166667,1.12309574330769,1.65185674089393,0.116825684786126,0.417715789288474,-5.17724033476596
"2473","Rv3167c",-0.296403015527778,1.37226898807692,-1.65124602667654,0.116951505064607,0.417715789288474,-5.17813666795695
"2348","Rv3057c",0.338017169472222,1.46932591230769,1.65105014300071,0.116991885859702,0.417715789288474,-5.17842411219268
"3470","Rv0523c",0.354828852166666,1.66354183530769,1.65060315058147,0.117084076573734,0.417715789288474,-5.1790799475815
"2186","Rv2919c",0.343451333083333,0.864357930076923,1.65037153230589,0.117131871511301,0.417715789288474,-5.17941973199412
"1228","Rv0202c",-0.299394022722222,1.71758026353846,-1.64934297974444,0.117344317172107,0.418195172900594,-5.18092820690752
"2197","Rv2928",-0.377493994944444,1.214582407,-1.64819829956365,0.117581136018536,0.418574878423391,-5.18260620060663
"3741","Rv0760c",-0.323886445166666,1.22749522507692,-1.6480731812115,0.117607046064483,0.418574878423391,-5.18278956163802
"1855","Rv2617c",0.362305885388889,1.21824082692308,1.64723091741673,0.117781592701937,0.41891794086422,-5.18402363954198
"3193","Rv3814c",0.240189174972222,0.663462066692308,1.64650473776013,0.117932260310116,0.419175673250811,-5.18508726799162
"5013",NA,-0.500891270666667,2.30354649330769,-1.64595364871489,0.118046710043682,0.419179597529788,-5.18589421787542
"3366","Rv0431",-0.340500428055556,1.43800590092308,-1.64453449498944,0.118341875694296,0.419179597529788,-5.1879713651462
"2440","Rv3137",0.406649901361111,2.12915321853846,1.64443497969382,0.118362597224989,0.419179597529788,-5.18811697255732
"807","Rv0165c",0.357052840805556,1.622726134,1.64430570826779,0.118389519341244,0.419179597529788,-5.18830610866486
"3496","Rv0545c",-0.293745784,1.16262514315385,-1.64402873480931,0.118447219548224,0.419179597529788,-5.18871131055278
"3861","Rv0870c",-0.466825916416667,1.41614524384615,-1.64394224075487,0.118465243252851,0.419179597529788,-5.18883783807951
"5266",NA,-0.286440609027778,2.86219617323077,-1.64360771431937,0.118534974207308,0.419179597529788,-5.18932715381884
"2739","Rv3404c",-0.698342005944444,1.51332751292308,-1.64331319723395,0.118596394355642,0.419179597529788,-5.18975788808859
"4248",NA,-0.206281972583333,1.24815325284615,-1.64311754984228,0.118637210718785,0.419179597529788,-5.19004399370004
"1035","Rv1899c",-0.226704422444445,1.38954033046154,-1.64272397612658,0.118719355219988,0.419193507232631,-5.19061946324437
"4445",NA,0.323764185972222,3.04120353869231,1.6418960479339,0.118892314308285,0.419299405845112,-5.1918297064839
"4916",NA,-0.247128716638889,2.00297433423077,-1.64182420090791,0.118907333716101,0.419299405845112,-5.1919347098223
"4073",NA,-0.421340677166666,3.31673805161538,-1.64145744038792,0.11898402915866,0.419299405845112,-5.19247067319005
"1429","Rv2247",0.256214438277778,1.046992013,1.64019280533855,0.119248808350184,0.419956381574893,-5.19431807873006
"3805","Rv0078B",-0.266603742305555,1.07083296515385,-1.63943292212324,0.11940814838798,0.420241415206547,-5.1954276386002
"2841","Rv3499c",-0.322793616972223,1.35487450269231,-1.63874159288697,0.119553271142436,0.420476071734552,-5.1964367758613
"3899","Rv0904c",0.338529680638888,1.41834339223077,1.63757897186434,0.119797666092198,0.420807293936857,-5.19813316822937
"727","Rv1621c",-0.244789266861111,1.50271060830769,-1.63754665908965,0.119804464654411,0.420807293936857,-5.19818030372868
"3087","Rv3718c",-0.340396475777778,1.23475026638462,-1.63677150735985,0.119967654163165,0.42087700307713,-5.19931083690349
"1503","Rv0227c",0.404895699638889,1.50169723469231,1.63670647104578,0.119981354608555,0.42087700307713,-5.19940567265311
"1562","Rv2367c",0.364074106611111,1.15849926407692,1.634892791327,0.120363959324301,0.421557943223796,-5.2020492788937
"4262",NA,-0.352780184638889,2.61412834923077,-1.63469914761894,0.1204048708255,0.421557943223796,-5.20233140747928
"4474",NA,-0.283518566555556,1.53958131446154,-1.63427812834665,0.120493861339986,0.421557943223796,-5.20294472687122
"4400",NA,0.282562696833334,1.51874646107692,1.63408157832802,0.120535425159987,0.421557943223796,-5.20323101183072
"1275","Rv2113",-0.34091328075,1.73809404207692,-1.63392418373424,0.120568717716806,0.421557943223796,-5.20346024701263
"3059","Rv3694c",-0.285401392111111,0.956493220846154,-1.63247577993542,0.120875456404194,0.422203885813671,-5.20556900556557
"5113",NA,-0.289022989805555,1.27870591415385,-1.632267436091,0.120919633520895,0.422203885813671,-5.20587222610017
"3145","Rv0372c",0.382227004,1.56084013807692,1.63177192118872,0.121024757517274,0.422203885813671,-5.20659327869916
"166","Rv0109",0.329636191527777,1.16405553730769,1.6314010782154,0.121103483180462,0.422203885813671,-5.20713281032666
"3968","Rv0965c",-0.308942784611111,1.61577456823077,-1.63119472237473,0.121147309026386,0.422203885813671,-5.2074329946811
"3498","Rv0547c",0.2651035955,0.836400998923077,1.62967583006001,0.121470307299582,0.423054481563196,-5.20964167100245
"3105","Rv3733c",-0.350222944083334,1.26181367753846,-1.62886149867784,0.121643779869665,0.423372508598689,-5.21082520649584
"2699","Rv3367",0.328050793472222,1.83712934353846,1.62850590494392,0.121719596222123,0.423372508598689,-5.21134188608428
"2910","Rv3561",-0.256281085361111,0.925127730461539,-1.62691943711428,0.122058338424897,0.424275417611833,-5.2136460367992
"1991","Rv2739c",0.404255274388889,1.37947188761538,1.62604518015881,0.122245352333865,0.424606152387001,-5.21491509275537
"3269","Rv3881c",-0.37766185175,1.09065835969231,-1.62545217201906,0.122372342581426,0.424606152387001,-5.21577561144884
"242","Rv1196",-0.281670807555556,2.76709298823077,-1.62536444228078,0.122391139074238,0.424606152387001,-5.21590289742637
"4929",NA,-0.302816342305555,2.34883920361538,-1.62490197075454,0.122490266313687,0.424675179457544,-5.2165738092168
"2279","Rv2997",0.329451251583334,1.90892024446154,1.62443767822142,0.122589852595425,0.424685714650213,-5.21724722347534
"2105","Rv2844",0.300466946416667,1.49836827653846,1.62378552542344,0.122729849447096,0.424685714650213,-5.2181928762764
"2749","Rv0336",-0.308037324138888,2.48484531523077,-1.62372474173781,0.122742904735117,0.424685714650213,-5.21828100149785
"5177",NA,-0.349127783861111,0.796581239384615,-1.62327231945289,0.122840114377816,0.424685714650213,-5.21893685580842
"3418","Rv0476",-0.418388485916667,2.86383488807692,-1.62304274428651,0.122889467056433,0.424685714650213,-5.21926960889704
"1179","Rv2027c",0.29010840575,0.927280631153846,1.62180242072552,0.123156396149575,0.425333945465029,-5.22106677994045
"5038",NA,-0.384197702055556,1.448900911,-1.62057204282251,0.123421671921533,0.425975635221774,-5.22284855443162
"2351","Rv3060c",0.247003146583333,0.617017375153846,1.61988469943621,0.123570078104855,0.426213396809538,-5.22384350458869
"3442","Rv0496",0.319465537166666,1.17960779930769,1.6195035276845,0.123652443318144,0.426223212980868,-5.22439512991585
"4938",NA,-0.36156810613889,2.09488880707692,-1.6188527542877,0.123793173071168,0.426341514882038,-5.225336700126
"1938","Rv2692",0.294320778555555,1.660015232,1.61860933825682,0.12384584676704,0.426341514882038,-5.22568881543651
"2835","Rv3494c",-0.318211768138889,1.06029662438462,-1.61790771652866,0.123997779898723,0.426590564991755,-5.22670353625751
"1236","Rv2077c",-0.272099940138888,1.06917580261538,-1.61614172150555,0.124380899751156,0.427512937502937,-5.22925619099401
"2263","Rv2983",0.371187368222222,1.07153073130769,1.61562343840796,0.12449352824722,0.427512937502937,-5.23000495742119
"1307","Rvnt22",0.824038778138888,4.17103599361538,1.61532676719412,0.124558037079333,0.427512937502937,-5.23043348127195
"2213","Rv2940c",-0.2320167465,1.24694583415385,-1.61520314132802,0.12458492693649,0.427512937502937,-5.23061203454126
"2166","Rv2900c",-0.360434989722222,1.34257553653846,-1.61460959344458,0.124714098195403,0.427682384086601,-5.23146915924751
"2083","Rv2826c",0.269644898833333,0.999401311153846,1.61397625072416,0.124852055265832,0.42788172392894,-5.23238349746929
"2804","Rv3464",-0.279826078111111,1.05870091261538,-1.61239705006813,0.125196607200405,0.428632005642273,-5.23466220460126
"199","Rv1158c",0.415646849861111,2.30515826169231,1.61190378104796,0.125304394572596,0.428632005642273,-5.23537363377265
"1957","Rv2709",-0.243886931888889,1.442232163,-1.61180749490504,0.12532544386174,0.428632005642273,-5.23551248627964
"2112","Rv2850c",-0.254610445444445,0.855938670076923,-1.61150836940177,0.125390855381919,0.428632005642273,-5.23594381118757
"4071",NA,-0.352432205861111,2.85443176661538,-1.61107896270985,0.125484806912029,0.428679773772132,-5.23656289339646
"179","Rv1141c",0.346815243805555,2.32684883184615,1.61014450072987,0.125689467928689,0.429023695192581,-5.23790970569217
"3740","Rv0759c",0.410478728666666,1.30177485138462,1.60988859531035,0.125745564393199,0.429023695192581,-5.23827843514404
"4104",NA,0.248558721055555,0.944896266076923,1.6094315625996,0.12584580238487,0.429092557749938,-5.23893685885587
"4705",NA,0.317080515138889,1.30763047446154,1.60689441374516,0.126403492295537,0.430451668157207,-5.24258951792673
"1205","Rv0200",-0.391691836888889,2.31022944030769,-1.60658825413365,0.126470930670668,0.430451668157207,-5.24303000239891
"1022","Rv1887a",0.641983520055556,2.00675623376923,1.60652289414465,0.126485331594702,0.430451668157207,-5.24312403057082
"2923","Rv3572",-0.267637241694445,1.85003172007692,-1.60590581908539,0.126621361785358,0.43064117967609,-5.24401162917995
"2130","Rv2866",0.374116264694444,1.32470236361538,1.60403590429965,0.127034330078258,0.431672290520994,-5.24669978594877
"4297",NA,0.280975010277778,2.45058767646154,1.60380406524462,0.127085610903382,0.431672290520994,-5.24703291414842
"1024","Rv1890c",0.343764537361111,1.11503086830769,1.60339281601449,0.127176618899294,0.431707838695514,-5.24762374914459
"3780","Rv0798c",0.307148486777778,0.976321517076923,1.60283104659721,0.127301025734792,0.431856644264864,-5.24843065488718
"4905",NA,-0.302557184083333,1.32409312684615,-1.60103546875985,0.127699357848933,0.43293393932339,-5.25100837161582
"2437","Rv3135",0.316424320472222,1.06800071984615,1.60047915583219,0.127822984714457,0.433079139108402,-5.25180658063938
"2151","Rv2887",0.314930060138889,1.69818504792308,1.5998116453456,0.127971456288764,0.433308279032075,-5.2527640700189
"4825",NA,-0.338626129916668,3.22034549269231,-1.59882203804153,0.128191839281464,0.433482171641095,-5.25418304251629
"2830","Rv3489",0.331413923111111,1.27573172130769,1.59853650975555,0.12825548540402,0.433482171641095,-5.25459233458931
"3765","Rv0783c",0.275695712472222,1.59292147723077,1.59849189104366,0.128265433623652,0.433482171641095,-5.25465628868405
"2578","Rv3258c",0.266858118472223,1.59146838592308,1.59727735329251,0.128536478866763,0.433956457582041,-5.25639664002346
"5139",NA,0.32737063325,0.924294491384615,1.59713760702685,0.128567696761246,0.433956457582041,-5.25659682485172
"4654",NA,-0.214174858388889,1.56450659253846,-1.59670368991329,0.128664670337624,0.433999017519205,-5.25721832398219
"4605",NA,-0.28273776713889,2.40202760415385,-1.59629979405465,0.128754990267754,0.433999017519205,-5.25779671238509
"3956","Rv0955",0.347443461305555,1.89511253615385,1.59599485950517,0.128823215834525,0.433999017519205,-5.25823331474364
"4953",NA,-0.495407639499999,2.87140980484615,-1.59475975195337,0.129099869824462,0.434657853177835,-5.26000110383234
"2661","Rv0328",0.295289118361111,0.848272638846154,1.59301471544972,0.129491600447808,0.435663421188037,-5.26249703315783
"887","Rv1762c",-0.286318484027778,1.05692426830769,-1.59262950914006,0.129578207960556,0.435663421188037,-5.26304772412647
"3820","Rv0832",0.422017698722222,1.78519224861538,1.59234423004826,0.129642379999052,0.435663421188037,-5.26345549607585
"1244","Rv2083",0.254473801472222,0.962967707,1.59187987648872,0.129746891379306,0.435741439719976,-5.26411911852575
"1157","Rv2005c",0.247677214472222,1.18522397653846,1.59108624540323,0.129925677710657,0.435918924936333,-5.26525299264902
"3116","Rv3743c",-0.251924150777778,1.08767012653846,-1.59092336794117,0.129962395904526,0.435918924936333,-5.26548564702454
"4356",NA,-0.350360327833334,2.23875717346154,-1.58961240892511,0.130258250844911,0.436638039104891,-5.26735758479843
"4401",NA,-0.2282494045,1.221848438,-1.58890361853606,0.130418446389858,0.436864140464353,-5.26836920434922
"3027","Rv3667",-0.226221932555556,1.06156097492308,-1.58859296432563,0.13048871061258,0.436864140464353,-5.26881248027591
"2152","Rv2888c",0.307062834638889,1.10385975269231,1.58807897703632,0.130605035258594,0.436980642313397,-5.26954575435485
"3995",NA,-0.607534164388889,3.31047186515385,-1.58764889172228,0.130702438690539,0.437033731366994,-5.27015919643461
"374","Rv1312",-0.511658526916667,1.83016823223077,-1.58681860923764,0.130890650264425,0.43706605377476,-5.27134310433756
"2992","Rv3636",0.220712672361111,1.59061600561538,1.58680518022643,0.130893696284057,0.43706605377476,-5.27136224914863
"1389","Rv2216",-0.308398703583333,1.50564542246154,-1.58652733435443,0.130956731784005,0.43706605377476,-5.27175832799151
"2527","Rv3213c",-0.501563897444445,1.60797410561538,-1.58590521785652,0.131097965704497,0.43726515007847,-5.27264499121194
"1368","Rv2197c",0.374076699888889,0.902478455846154,1.58446162443403,0.13142618835812,0.438087294527068,-5.27470146639905
"397","Rv0129c",0.269999085388889,1.15506721423077,1.58325664124113,0.131700690457674,0.438689388973499,-5.27641697168659
"1820","Rv2587c",-0.358140750722222,1.29348477984615,-1.58274838711166,0.1318166187172,0.438689388973499,-5.27714027217729
"2832","Rv3491",-0.278420368388889,0.997884713769231,-1.58259180176553,0.131852351797819,0.438689388973499,-5.27736307551659
"3653","Rv0681",-0.351527589805556,1.87809747576923,-1.58217689828915,0.13194707311379,0.438732203405653,-5.27795335788685
"5307",NA,0.427956436722223,1.68129479761538,1.58009854292753,0.132422420660999,0.440039785953476,-5.28090851100557
"1285","Rv2122c",0.275350156527778,0.920935324692308,1.57746635680178,0.133026509362392,0.441443153237906,-5.28464702286218
"2719","Rv3387",0.287773938472222,0.855850639,1.57707124660097,0.133117387736321,0.441443153237906,-5.28520780301581
"4694",NA,0.291891629916667,1.23601132246154,1.57703064076941,0.133126730354287,0.441443153237906,-5.28526542901396
"2159","Rv2894c",0.267001966,1.08843016592308,1.57674790960274,0.133191796664276,0.441443153237906,-5.28566663816078
"2106","Rv2845c",0.277175565333333,1.054095878,1.57629047632206,0.133297124806791,0.441443153237906,-5.28631564539642
"4552",NA,-0.416707856361111,2.53576889684615,-1.5761091652675,0.133338892741076,0.441443153237906,-5.28657285134478
"1958","Rv2710",-0.335586115944444,1.466456815,-1.57540590131182,0.133501005369344,0.441667344715877,-5.28757028714372
"1735","Rv2512a",0.264712908305555,0.853736667923077,1.57481729464163,0.133636815490086,0.441667344715877,-5.28840485195547
"3411","Rv0470A",-0.231528989861111,1.18647690307692,-1.57474366590975,0.133653812150961,0.441667344715877,-5.288509231324
"4970",NA,0.278476952638888,2.34582614769231,1.5736167732283,0.133914174569339,0.442000305437487,-5.29010631395645
"1214","Rv2059",-0.271023856333333,1.66561926646154,-1.57335092057607,0.133975660639697,0.442000305437487,-5.29048296884717
"4727",NA,0.332476838,1.76770078646154,1.57323724660841,0.134001958271626,0.442000305437487,-5.29064400554617
"3999",NA,0.27973663225,2.13839705907692,1.57213996236784,0.134256030526266,0.442528344209516,-5.29219803488207
"3242","Rv0381c",0.411542014833333,1.25396904807692,1.57183305171595,0.134327167169567,0.442528344209516,-5.29263255353853
"3259","Rv3872",-0.422036930583333,2.04247714176923,-1.57100860995863,0.134518415867809,0.442575917778503,-5.29379947240863
"474","Rv1395",0.330890953638889,1.36391510576923,1.57100647162718,0.134518912202171,0.442575917778503,-5.29380249842361
"2204","Rv2934",0.310598480166667,1.33013227053846,1.57070321208844,0.134589318279657,0.442575917778503,-5.29423161890453
"1242","Rv2081c",-0.396079240416667,2.35395957084615,-1.5703273825947,0.134676615572187,0.442591452769418,-5.29476334265794
"113","Rv1078",-0.585429476777777,2.27091035692308,-1.56965769541003,0.134832287992493,0.442831534092991,-5.29571058266719
"1953","Rv2706c",-0.340810123166667,2.15652189861538,-1.56805112054178,0.135206362733349,0.443788183864515,-5.29798178334043
"1223","Rv2065",0.369306342972222,1.78783644830769,1.56732598221417,0.135375489743994,0.444071373946027,-5.29900633991042
"4202",NA,-0.289667444861111,1.76386203646154,-1.56588364217822,0.135712421884757,0.444904331071743,-5.30104319379565
"492","Rv1411c",0.293957252805555,1.41861608207692,1.56407020708007,0.136137042962035,0.445889381181718,-5.30360212733713
"3091","Rv0367c",0.363780752277777,2.06958549961538,1.56389010393888,0.13617927555867,0.445889381181718,-5.3038561501711
"997","Rv1865c",-0.2481411105,0.752150049923077,-1.56154646891724,0.136729842338847,0.447212040474586,-5.30715970044522
"3729","Rv0749A",-0.442720028944445,1.75417619792308,-1.56107385302413,0.136841095662024,0.447212040474586,-5.30782544587438
"4673",NA,-0.430954428444444,1.84307261915385,-1.56096399527676,0.136866966963409,0.447212040474586,-5.30798017437012
"4931",NA,-0.218883111055556,1.658095766,-1.56075171659914,0.136916969854253,0.447212040474586,-5.30827913407322
"664","Rv0014c",-0.248781249333334,0.865935229384615,-1.56016319399564,0.13705567843176,0.447392470398437,-5.30910781346322
"4560",NA,-0.210021971555556,1.62145467053846,-1.55952217653858,0.137206893812324,0.447613481944041,-5.3100101445393
"130","Rv1094",0.344619921555555,1.25764124361538,1.55898122047094,0.137334613839664,0.447690155069767,-5.31077140903006
"809","Rv1693",0.406088345416667,1.40911422453846,1.55849572566473,0.137449324453731,0.447690155069767,-5.31145445783867
"999","Rv1867",-0.244198998722223,0.975956515230769,-1.55836185383664,0.137480969262096,0.447690155069767,-5.31164277595411
"708","Rv0157",-0.231406335666666,1.75022078276923,-1.55769789545304,0.137638007113072,0.447929397769319,-5.31257659123214
"856","RVnc0036",-0.567661021583333,2.20979039838462,-1.55705002172666,0.137791385842205,0.448094436580529,-5.31348749875209
"1245","Rv2084",-0.223344221111111,0.896648660692308,-1.55666930426783,0.137881584472744,0.448094436580529,-5.31402265408675
"1765","Rv2538c",0.330179921944444,1.41080418430769,1.55642488111176,0.137939518723484,0.448094436580529,-5.31436617599846
"4910",NA,0.301395284583333,1.45166212569231,1.5558739471783,0.138070178458062,0.448247217768148,-5.31514033278838
"2851","Rv3508",-0.488738193611111,4.12780316053846,-1.55524236515057,0.138220092538147,0.448309772674257,-5.31602756267508
"1871","Rv2631",0.28716867175,1.76707915069231,1.55508811501142,0.13825672653555,0.448309772674257,-5.31624420842946
"3628","Rv0064A",-0.237815900333334,1.36931634584615,-1.55446180941424,0.138405556179767,0.448521028490659,-5.31712369587088
"911","Rv1787",-0.617356205916667,2.631343334,-1.55356862618354,0.138618036811114,0.448938173599742,-5.31837748821704
"2355","Rv3063",0.333270673527778,1.43440210315385,1.55318099675661,0.138710335661422,0.448965820739868,-5.31892144985157
"545","Rv1459c",-0.213227934416666,1.39441438053846,-1.55221367450035,0.138940890688776,0.449440660284756,-5.32027845456689
"1718","Rv2499c",0.388269406694445,1.46982588169231,1.55143993344474,0.139125538205042,0.449766516754538,-5.32136344034279
"5112",NA,-0.493335612944445,1.57752804076923,-1.55001760584637,0.139465502941426,0.450330052381487,-5.32335685901033
"4538",NA,-0.443153356027778,2.066967816,-1.5500076319599,0.139467889356953,0.450330052381487,-5.32337083277688
"2262","Rv2982c",0.348427388361111,1.26414486792308,1.54870906699188,0.1397788848038,0.450790469474248,-5.32518959429681
"4103",NA,-0.365226209916667,1.29632143969231,-1.54823833352249,0.139891764996174,0.450790469474248,-5.32584861915909
"4251",NA,0.421860794861111,1.42202594161538,1.54817079828457,0.139907965968672,0.450790469474248,-5.32594315592283
"3185","Rv3807c",0.573568603138889,1.77614487076923,1.54800855828067,0.139946892015886,0.450790469474248,-5.32617024913504
"4520",NA,0.369999593805556,0.812312941692308,1.54710764313965,0.140163212670461,0.450983552927146,-5.32743096895541
"4384",NA,0.454798784638889,2.39729803930769,1.5470581204595,0.140175111786684,0.450983552927146,-5.3275002539365
"5194",NA,-0.314399983,1.63021901730769,-1.544981089145,0.140674935473059,0.452247510701968,-5.33040464207357
"2669","Rv3340",-0.324253633388889,1.39960883484615,-1.54439279170071,0.14081677631113,0.452247510701968,-5.33122674904475
"5154",NA,-0.293472212611111,1.43035889923077,-1.54437486710777,0.140821099880893,0.452247510701968,-5.33125179380478
"5047",NA,-0.242700711638889,1.26529817915385,-1.54306590234024,0.141137134328571,0.452845873502451,-5.33308012896792
"1945","Rv2698",-0.233229567666666,2.18861309723077,-1.5424232170948,0.14129252049597,0.452845873502451,-5.33397739355042
"900","Rv1776c",-0.246346389222222,1.45176313176923,-1.54216527369126,0.141354925401527,0.452845873502451,-5.33433743428998
"424","Rv1351",0.239567226249999,1.84480895830769,1.54212010220476,0.14136585622812,0.452845873502451,-5.33440048059319
"1394","Rv0217c",0.278043603833333,1.02374828323077,1.54185571038772,0.141429849299086,0.452845873502451,-5.3347694671907
"4362",NA,-0.337903559416669,5.00607641530769,-1.54109758441652,0.141613479634554,0.453163134830573,-5.33582724885471
"1600","Rv2398c",0.336871642361111,1.78811353707692,1.54033411868574,0.141798604949438,0.453476198245553,-5.33689208677543
"5267",NA,-0.222861099555555,1.64822757846154,-1.53890982870697,0.142144508316936,0.453476198245553,-5.33887754657022
"2514","Rv3202a",0.312016464055555,2.63945823969231,1.53862752032116,0.14221315354514,0.453476198245553,-5.33927092077219
"2686","Rv3355c",-0.417207820861111,0.896800145076923,-1.53859177538872,0.142221847149051,0.453476198245553,-5.33932072462065
"2583","Rv0321",-0.28954815525,1.64294423307692,-1.53855221722239,0.142231468696176,0.453476198245553,-5.3393758404823
"1026","Rv1891",-0.361854793361111,1.61604449130769,-1.5381131320289,0.142338301891763,0.453476198245553,-5.33998754058272
"3018","Rv3660c",-0.295395585111111,1.61105750815385,-1.53786459031934,0.142398803963472,0.453476198245553,-5.34033373192221
"4614",NA,-0.231344716055556,1.787092406,-1.5378276109244,0.142407807630415,0.453476198245553,-5.34038523657519
"1771","Rv2542",0.249822432138889,1.16364964523077,1.53720850517072,0.142558616945665,0.453476198245553,-5.34124738485839
"2666","Rv3336c",-0.296340792083333,0.997150701846154,-1.5368698207215,0.142641174323095,0.453476198245553,-5.34171891648987
"211","Rv1168c",-0.246467858861111,1.09068601115385,-1.53686662539334,0.142641953403359,0.453476198245553,-5.34172336479716
"2907","Rv3558",-0.298744589472222,1.87738026092308,-1.53624761193196,0.142792947485707,0.453687136054173,-5.34258498008335
"502","Rv1420",-0.288607042111111,0.992743456692308,-1.53516322081217,0.14305778180616,0.454259307157002,-5.34409373405408
"530","Rv0141c",0.416962304333333,1.20108323969231,1.53467429792431,0.143177322717675,0.454369715670064,-5.34477372900906
"5311",NA,-0.219503973638889,1.55735578930769,-1.53382250057324,0.143385785301423,0.454762017287353,-5.34595802171363
"901","Rv1777",0.288204614333334,1.05935288946154,1.53319690589755,0.143539050199421,0.454978893594852,-5.34682749975289
"253","Rv1206",0.308027731083333,1.01226015492308,1.53211927016153,0.143803381913338,0.455307932176065,-5.34832461826069
"1454","Rv2270",0.313319683583333,0.815636530846154,1.53208111665334,0.143812747980238,0.455307932176065,-5.34837760897472
"5277",NA,0.293943331527778,2.15110680876923,1.53050178521548,0.144200895508546,0.456035633658449,-5.35057024260723
"4492",NA,-0.234439720749999,2.78372569869231,-1.53043340044507,0.144217721967739,0.456035633658449,-5.35066514481871
"4613",NA,0.344552755111111,2.14710189676923,1.53004416203388,0.144313527503762,0.456035633658449,-5.35120525673694
"428","Rv1355c",-0.289746352138889,1.10376863184615,-1.52976235465518,0.144382923566863,0.456035633658449,-5.35159623152103
"5074",NA,-0.565902042222223,2.99295267307692,-1.52805256016957,0.144804564019473,0.456845940380724,-5.35396720882058
"2731","Rv3397c",-0.409274337805555,0.988861901923077,-1.52793239469707,0.144834235796478,0.456845940380724,-5.35413376754693
"4963",NA,-0.388958665611111,1.85281896330769,-1.52768569578436,0.144895167658066,0.456845940380724,-5.35447568057657
"2876","Rv3530c",0.314809416777778,0.839361062846154,1.52717029062605,0.14502253597681,0.456889266975123,-5.35518987352953
"910","Rv1786",0.197112808666667,1.18771938169231,1.52694034710847,0.145079390371578,0.456889266975123,-5.35550844590944
"2255","Rv0292",0.280912185611111,2.03204351446154,1.52538325015434,0.145464877942498,0.45775270434855,-5.35766475501144
"5243",NA,-0.262210875055556,2.45669009169231,-1.52504930002865,0.145547664519673,0.45775270434855,-5.35812700197173
"5096",NA,-0.190840169416666,1.56705643446154,-1.52479888343219,0.14560976882729,0.45775270434855,-5.35847357344752
"392","Rv1323",0.309267122527778,1.07007773615385,1.52437243889947,0.145715579621996,0.457816826948358,-5.35906366521606
"1995","Rv2743c",-0.263056499166667,1.55906006961538,-1.52375022646462,0.145870080001256,0.457948217994913,-5.35992442705652
"1657","Rv0240",-0.263903715777778,1.06860449753846,-1.52308061179304,0.146036503306475,0.457948217994913,-5.36085046840792
"1293","Rv2130c",-0.196486797416667,1.44590870346154,-1.52289082654787,0.146083700538662,0.457948217994913,-5.36111287540479
"1679","Rv0242c",-0.234775532666667,0.929312258769231,-1.52282870709582,0.146099151636437,0.457948217994913,-5.36119875964422
"1939","Rv2693c",-0.481873090222222,2.44997151692308,-1.52245672854991,0.146191703123754,0.457970501895571,-5.36171298919103
"576","Rv1485",0.313056355916667,1.27824442407692,1.52208009845033,0.146285461744604,0.457996539106939,-5.36223355250796
"2193","Rv2924c",0.376485247833333,1.10138478861538,1.52161565012235,0.146401150915391,0.458078668704147,-5.36287536083548
"3263","Rv3876",-0.225731243916667,2.63552852969231,-1.52118639018392,0.146508142823883,0.458078668704147,-5.36346841177707
"1992","Rv2740",-0.296511667999999,1.97587334838462,-1.52070565223242,0.146628042831579,0.458078668704147,-5.36413243297639
"906","Rv0174",-0.3354076075,1.01383902376923,-1.52028193032311,0.146733790348653,0.458078668704147,-5.36471756909141
"1084","Rv1943c",0.227373473277778,0.813458276076923,1.52026103670832,0.146739006374071,0.458078668704147,-5.36474641881096
"2244","Rv0291",-0.282152576555556,2.35482128284615,-1.51731708656166,0.147475500040393,0.46010982550437,-5.36880840316459
"1058","Rv1920",-0.297149384,1.41980806869231,-1.516548006467,0.14766840857603,0.460443670719906,-5.36986857860529
"4771",NA,-0.19876751575,1.70876582961538,-1.51568103088177,0.147886124091204,0.460728160098065,-5.37106321517773
"1383","Rv0216",0.398408403888889,1.36884387569231,1.51550023090486,0.147931560359845,0.460728160098065,-5.37131228076789
"1475","Rv2290",-0.256075001277778,1.81270638730769,-1.51475689971156,0.148118486658598,0.460817642135149,-5.37233603918903
"991","Rv1861",0.345603121055556,1.68082417369231,1.51470224568131,0.148132238320683,0.460817642135149,-5.37241129685386
"2959","Rv3606c",-0.262810340277777,1.62367118830769,-1.51280451024238,0.148610392418486,0.46203695090666,-5.3750231707169
"4650",NA,-0.262507764611111,1.64624579976923,-1.51245658373747,0.148698195227714,0.462041928359737,-5.37550175668007
"2721","Rv3389c",0.418427993805555,1.75765993353846,1.51054515727656,0.149181333165397,0.463083823724075,-5.37812950724499
"2579","Rv3259",-0.230914084888889,0.944370958769231,-1.5104371429559,0.149208674108708,0.463083823724075,-5.37827792569274
"191","Rv1152",0.277972764138889,1.45810420961538,1.51010530769763,0.149292695409553,0.463083823724075,-5.37873383779785
"422","Rv1349",0.349316931527778,1.543407248,1.5097123586328,0.149392241700261,0.463124589654945,-5.3792736165879
"3329","Rv0039c",0.304732531944445,2.00208567946154,1.50909165840151,0.149549596891258,0.463344415801818,-5.38012603117468
"662","Rv1562c",0.334436624194444,1.07211951476923,1.50834323840431,0.149739513785008,0.463664814493151,-5.38115349108292
"4801",NA,-0.212263409166667,1.83510461953846,-1.50645955638541,0.150218398604642,0.464879108845773,-5.38373777033993
"2371","Rv3078",-0.332951435166667,2.08088706976923,-1.50573167464482,0.150403787029177,0.465184246091396,-5.38473571603279
"226","Rv1181",-0.2899711985,1.20076950223077,-1.50487703458155,0.150621702756522,0.465589577148187,-5.38590698319498
"4975",NA,-0.231626284194444,1.21834437446154,-1.50436444565312,0.150752528175398,0.465622085051331,-5.38660923368662
"750","Rv1641",0.209759488972222,0.914056673,1.50404712778177,0.15083356284212,0.465622085051331,-5.38704387031941
"5084",NA,-0.3857876955,3.70396443830769,-1.5038151425032,0.150892828681747,0.465622085051331,-5.38736158109487
"2412","Rv3113",0.240720232972222,0.963068510230769,1.50332867901252,0.151017169457729,0.465737645738452,-5.38802768642002
"5206",NA,-0.351848907,1.98854338215385,-1.50134654413899,0.151524685560428,0.467034108455373,-5.39074009205213
"228","Rv1183",0.319067309388889,0.896155004153846,1.50026421507443,0.151802407539154,0.467621209430957,-5.39222003039841
"240","Rv1194c",0.32906973525,1.23215632076923,1.49881217615859,0.152175658895558,0.468501741344165,-5.39420422069943
"4919",NA,-0.231856201472222,1.82363917546154,-1.49830793768023,0.152305452947119,0.468632162914213,-5.39489291306619
"3697","Rv0720",-0.23174350525,1.01506441992308,-1.49591888742844,0.15292165722079,0.470258223008282,-5.3981534940745
"2311","Rv3025c",0.212189986055556,0.835153193076923,1.49547223265365,0.153037091185699,0.470343353644121,-5.39876264942321
"3213","Rv3831",-0.303978826222222,1.56319347930769,-1.49446452792925,0.153297788748172,0.470777770039977,-5.40013646465291
"638","Rv1539",-0.291829071333334,1.86715189007692,-1.49411420354295,0.153388505318831,0.470777770039977,-5.40061390038383
"2529","Rv3214",-0.270271122694445,1.090236481,-1.4939079572544,0.153441933630567,0.470777770039977,-5.40089494093242
"2934","Rv3582c",-0.308432862305556,1.28824298661538,-1.49326337508663,0.153609012679264,0.471020771144655,-5.40177308700372
"3700","Rv0723",0.312948139111112,1.424069546,1.49226131618999,0.153869050716396,0.471548377266942,-5.40313766692098
"4037",NA,-0.278666574555556,0.926071922846154,-1.49107840863681,0.154176488655593,0.472220559539415,-5.4047476221497
"4981",NA,-0.463189967805556,3.09972379353846,-1.49017631799548,0.154411283822098,0.472498200997468,-5.40597472592288
"1367","Rv2196",0.2064844655,1.28886580230769,1.49005285434219,0.154443441818575,0.472498200997468,-5.40614262800923
"4668",NA,0.197778252777778,0.867978468769231,1.48971214378701,0.154532213846288,0.472500094818086,-5.40660591581798
"302","Rv1249c",0.260371333166666,0.690350973307692,1.48922761709971,0.154658529839879,0.472530662496214,-5.40726462097987
"4154",NA,0.746661026083333,1.84067451815385,1.48899758719043,0.154718528485234,0.472530662496214,-5.40757728510282
"3152","Rv3777",0.320617959805556,1.23602397661538,1.48861700130626,0.154817838899126,0.472564701878882,-5.40809450872821
"670","Rv1568",0.282923493444444,1.58967239484615,1.48818213961154,0.15493137664094,0.472642105176687,-5.4086853705123
"2459","Rv3154",-0.251262881111112,2.02611838861538,-1.48731632168827,0.155157637547359,0.473063104239956,-5.40986139455045
"5265",NA,-0.224550992083334,2.01096992461538,-1.48613321753761,0.155467255460249,0.473737628918097,-5.41146753604824
"785","Rv0163",0.399096774777778,1.10951473115385,1.48483793069631,0.155806817192944,0.474146046667915,-5.4132248513669
"1869","Rv2629",0.202610346166667,0.767842486692308,1.4846427375229,0.155858040544911,0.474146046667915,-5.41348956820536
"524","Rv1440",-0.321306038999999,2.12438679461538,-1.48432922239861,0.15594034353735,0.474146046667915,-5.41391469499889
"3802","Rv0818",-0.280013472861111,0.894492721538462,-1.4842729228594,0.155955126917077,0.474146046667915,-5.4139910299449
"1853","Rv2615c",-0.345462403361112,4.270471907,-1.48322476292732,0.156230568936451,0.474714200396472,-5.41541179532392
"423","Rv1350",0.259756232888889,0.967270403153846,1.48241410299761,0.15644387479401,0.474863821699898,-5.41651010572179
"2846","Rv3504",0.370890321944445,1.52258902538462,1.48209623058911,0.156527580994452,0.474863821699898,-5.41694064480869
"3180","Rv3802c",0.302998435222222,1.30135408446154,1.48202785268632,0.156545591967112,0.474863821699898,-5.41703324932541
"106","Rv1073",-0.187834777416667,1.37137465346154,-1.48088428207493,0.156847066184075,0.475509205173439,-5.41858150707916
"1730","Rv2510c",0.27679380536111,1.71633736638462,1.48008228573914,0.157058778682699,0.475881884533219,-5.41966676755511
"4998",NA,0.31007487875,0.893457803,1.47824121193234,0.157545681465057,0.476708022325195,-5.42215640069937
"4351",NA,0.272393111222222,1.65776069323077,1.47795051263812,0.15762267553722,0.476708022325195,-5.42254928797096
"3452","Rv0504c",-0.303420824722222,1.34454130153846,-1.47737503849968,0.157775186131963,0.476708022325195,-5.42332688057619
"1955","Rv2707",-0.252599506388889,1.00698716015385,-1.47725027590783,0.157808266432622,0.476708022325195,-5.42349543172197
"1068","Rv1929c",-0.296586956916667,1.53835450353846,-1.476980540381,0.15787980528861,0.476708022325195,-5.42385980033291
"684","Rv1582c",0.206201498361111,0.617031991230769,1.47684121446393,0.157916767581123,0.476708022325195,-5.42404798686925
"3951","Rv0950c",0.239440050916667,1.27806663884615,1.47670089215348,0.157954001427154,0.476708022325195,-5.42423750545115
"1079","Rv1939",0.3232026125,1.47390704930769,1.4758791318891,0.158172196978315,0.477097904222717,-5.425347092983
"2736","Rv3402c",-0.200712279694444,0.787966713076923,-1.47550561695282,0.158271455629327,0.477128797622719,-5.42585127733352
"3502","Rv0551c",-0.212757910222222,1.00025243615385,-1.47491444861254,0.158428658963931,0.477289953783797,-5.42664905798848
"2219","Rv2945c",0.220050941055555,1.06032174269231,1.47453732533294,0.158529010753637,0.477289953783797,-5.42715785688397
"4848",NA,-0.224889878749999,2.04773364076923,-1.47430050993025,0.15859205367331,0.477289953783797,-5.42747730718173
"1838","Rv2602",0.355289422888889,1.47947419146154,1.47353799970608,0.158795182921045,0.477499823087025,-5.4285056215388
"2490","Rv3181c",0.269077480277778,1.20140053392308,1.47336643521348,0.158840916470198,0.477499823087025,-5.42873693550383
"5303",NA,-0.310643079722222,1.30791306784615,-1.47303594309849,0.158929045594637,0.477499823087025,-5.42918246725888
"2298","Rv3014c",0.274910351444444,2.034855321,1.47221849040349,0.159147200934993,0.477515006748792,-5.43028413358362
"2108","Rv2847c",-0.278158456472223,1.47690141615385,-1.47214786684867,0.159166059971179,0.477515006748792,-5.43037928961237
"2018","Rv2765",-0.257876576083334,2.09144573546154,-1.47201567421285,0.159201365123151,0.477515006748792,-5.43055739251196
"2698","Rv3366",0.438173334527777,2.05922159430769,1.47038952516265,0.159636194721765,0.478174313054843,-5.4327472936062
"873","Rv1747",-0.21335863075,1.16653100646154,-1.47036947610419,0.159641561907889,0.478174313054843,-5.43277428163369
"3927","Rv0928",0.322168688555556,1.04824324330769,1.47015660056049,0.159698558425543,0.478174313054843,-5.43306081582937
"4526",NA,0.209687015694444,1.71069841669231,1.4698599197959,0.159778021395751,0.478174313054843,-5.43346010005677
"3021","Rv3662c",0.400935104472222,1.95691099469231,1.46912803864662,0.159974187718591,0.478494222193999,-5.43444482821523
"1893","Rv2650c",-0.249469009194445,1.42363887169231,-1.46771670710834,0.160353027405063,0.479359858834991,-5.43634267394788
"5157",NA,-0.233576765638889,1.49655185715385,-1.4672420042102,0.160480616445091,0.479473859612981,-5.43698070067313
"4659",NA,0.530737887333333,2.082880721,1.46680805577869,0.160597324750333,0.479555242708517,-5.43756381204247
"3056","Rv3692",-0.239680099555556,2.15659855038462,-1.46543370095769,0.160967411863882,0.480392721375506,-5.43940970250326
"4855",NA,-0.385009336,1.48529552207692,-1.46487672556081,0.16111759426286,0.480573347383935,-5.44015739410029
"2931","Rv3579c",-0.282682023111111,1.46059014892308,-1.464098279424,0.161327687011226,0.480932370623009,-5.44120202389266
"4894",NA,-0.396622124277779,3.05599162892308,-1.46311306976093,0.161593905680469,0.48095133546419,-5.44252350433798
"167","Rv1129c",-0.226849846305555,0.903658661153846,-1.4626350808155,0.161723195699597,0.48095133546419,-5.44316439273
"5029",NA,-0.218953835944444,2.09540939761538,-1.4624011233706,0.161786509259981,0.48095133546419,-5.4434780243655
"4730",NA,-0.28372379575,1.41958339346154,-1.46191377831423,0.161918460025245,0.48095133546419,-5.44413121040457
"1521","Rv2329c",0.295495574777778,1.04578574746154,1.46172525935805,0.161969526071803,0.48095133546419,-5.44438383630354
"5093",NA,-0.195217052694445,1.728156181,-1.46165315312132,0.16198906172214,0.48095133546419,-5.44448045602676
"2728","Rv3395c",-0.377918883666667,1.61071281776923,-1.46147237415718,0.162038048452628,0.48095133546419,-5.44472267705843
"1946","Rv2699c",-0.646113266916667,2.07712375246154,-1.46130306285274,0.162083938769071,0.48095133546419,-5.44494951189565
"4529",NA,-0.231330935888889,1.58109582361538,-1.46097378595167,0.162173216927741,0.48095133546419,-5.44539060255385
"1689","Rv2473",0.240090789333333,2.47891013030769,1.46049507160572,0.162303084762135,0.48095133546419,-5.4460317387589
"35","Rv1003",0.368946727083334,1.36122291646154,1.46042877879189,0.162321075719164,0.48095133546419,-5.44612051111386
"4169",NA,-0.263464066611111,1.38462573653846,-1.45982850356799,0.162484056783399,0.481071491617179,-5.44692419479619
"2365","Rv3072c",0.303820445222222,1.39483999730769,1.45961840433806,0.162541132708715,0.481071491617179,-5.44720542767267
"4737",NA,-0.285493556305555,1.12618043461538,-1.45780985884366,0.163033126977163,0.482111742356581,-5.44962500191542
"3863","Rv0872c",-0.233564217194445,1.11255729653846,-1.45766532711797,0.163072497927702,0.482111742356581,-5.44981826456385
"1261","Rv0205",0.3973738135,1.14684824430769,1.45732768446759,0.163164503407557,0.482117827047687,-5.45026969049961
"1398","Rv2223c",0.439308385055555,1.06845083476923,1.45678516277391,0.163312426416915,0.482289038895132,-5.45099486898338
"3288","Rv3898c",0.292178849833334,1.66794336476923,1.45455927138027,0.163920487321328,0.483489967729312,-5.45396798935969
"456","Rv1378c",-0.276832719361111,1.75767029515385,-1.45444564647386,0.16395157675005,0.483489967729312,-5.45411966363592
"68","Rv1032c",-0.250488616083333,1.101039867,-1.45430635956758,0.163989694278337,0.483489967729312,-5.4543055807889
"334","Rv1276c",-0.289752901861111,1.50926033792308,-1.45309063849283,0.164322699782348,0.484205426516429,-5.4559277138095
"339","Rv1281c",0.445774737694445,1.51556063869231,1.45266049737196,0.16444065514941,0.484286764615844,-5.45650139825508
"3492","Rv0542c",0.255904379555556,1.16059521446154,1.45203084451561,0.164613446851093,0.484529420714915,-5.45734093670747
"2395","RVnc0046",-0.549929946555555,3.34427650276923,-1.45122076519419,0.164835970913348,0.484856522417037,-5.45842062941146
"4754",NA,-0.358406741055556,1.94067935569231,-1.45077282787055,0.164959122575636,0.484856522417037,-5.45901745031995
"476","Rv1396c",-0.222233766638889,1.81748273761538,-1.45063892609762,0.164995950912066,0.484856522417037,-5.45919583009862
"4078",NA,-0.22587562175,1.28142109930769,-1.44889632596505,0.165475850676843,0.485775183296731,-5.46151610386699
"2273","Rv2992c",-0.252692206277778,1.15465827930769,-1.44884562950356,0.165489829235043,0.485775183296731,-5.46158357388344
"1876","Rv2636",-0.206784124944445,1.25195260315385,-1.44836986714133,0.165621058576141,0.48589429335967,-5.46221665892379
"1834","Rv0255c",0.234241732722222,1.18141262392308,1.44688729244432,0.166030543648508,0.486429440320375,-5.46418844933288
"4280",NA,0.407917341833333,2.16755456107692,1.44667345470451,0.166089673731135,0.486429440320375,-5.46447271932445
"5245",NA,0.223407898722222,1.23083286830769,1.44656406189195,0.166119929533338,0.486429440320375,-5.46461813050346
"312","Rv1258c",-0.231433022194445,1.33202992423077,-1.44639580459265,0.16616647485571,0.486429440320375,-5.46484177106373
"3567","Rv0609A",-0.259638743111111,2.24965279692308,-1.44533599906185,0.166459896422324,0.487022404379724,-5.46624995600072
"1881","Rv2639c",-0.488399886083334,3.60805195069231,-1.44339199462264,0.166999223524434,0.487996699734486,-5.4688309099035
"5260",NA,-0.29998927325,1.65913993676923,-1.44317574035515,0.167059307486776,0.487996699734486,-5.46911785267334
"2296","Rv3013",-0.335066619888889,1.58567250261538,-1.44315153305386,0.167066034330743,0.487996699734486,-5.46914997070052
"2060","Rv2802c",0.244614601861111,0.699975120769231,1.44237460359671,0.167282049091539,0.488102575843635,-5.4701805712693
"2109","Rv2848c",0.305818533194445,1.15298707723077,1.44236612064644,0.167284408922529,0.488102575843635,-5.47019182156199
"4530",NA,-0.336610438694444,1.88705473723077,-1.4410540657976,0.167649731250067,0.488706844909197,-5.47193128096142
"3113","Rv0369c",0.286844971805555,1.29338630023077,1.44096749101444,0.167673859661943,0.488706844909197,-5.47204601436628
"1558","Rv0232",-0.249283455944444,1.75630702038462,-1.43952019137147,0.16807764330795,0.489617482679679,-5.47396325704342
"3302","Rv3911",0.227120475,2.49828482992308,1.43816091530587,0.168457593034487,0.490066933081972,-5.47576252934817
"498","Rv1416",0.270904938527778,2.06348580207692,1.43735705361387,0.168682621609766,0.490066933081972,-5.47682597755892
"2850","Rv3507",-0.228113986194444,2.45194207538462,-1.43682445725825,0.168831848966243,0.490066933081972,-5.47753030724734
"1208","Rv2053c",-0.559609360944445,3.55647222023077,-1.43670692663238,0.168864794221257,0.490066933081972,-5.47768570772146
"4454",NA,-0.202738916583333,1.27117179776923,-1.43634876647963,0.168965223246,0.490066933081972,-5.47815921052509
"2971","Rv0356c",-0.346129888833334,1.55631752192308,-1.43634543589654,0.168966157379057,0.490066933081972,-5.47816361326463
"4739",NA,-0.336644150055555,1.45628316984615,-1.43632686926336,0.168971364864646,0.490066933081972,-5.47818815658411
"4271",NA,0.322932475416667,1.45038614207692,1.43614693718844,0.169021838197166,0.490066933081972,-5.47842599683471
"117","Rv1082",0.313634307249999,1.32430887223077,1.43602943476809,0.169054805833688,0.490066933081972,-5.47858130294551
"7","Rv0980c",-0.256667828527777,1.24136529669231,-1.43416663885633,0.169578152498242,0.491318322913826,-5.481042087528
"4592",NA,-0.351736385944444,1.28618469184615,-1.43295833609682,0.169918328441374,0.491798086386451,-5.48263694422092
"2831","Rv3490",-0.292140066611112,1.88683860215385,-1.43292667602895,0.169927249251438,0.491798086386451,-5.48267871871971
"4891",NA,0.456605891527777,3.19464195930769,1.43192749503267,0.170208983531482,0.492149055830656,-5.48399673781585
"3272","Rv3884c",-0.232493794027778,1.08658479923077,-1.4318453775285,0.170232154759335,0.492149055830656,-5.48410502707513
"4368",NA,-0.181793925444444,1.919042688,-1.4309310884041,0.170490315169164,0.492629697739471,-5.48531038289281
"3767","Rv0785",0.259678143166667,1.12106838653846,1.42883343656619,0.1710838197142,0.494078272450492,-5.48807355712011
"4258",NA,0.26028949675,1.38220922807692,1.42762436383509,0.171426676869916,0.494577822130287,-5.48966479421466
"3826","Rv0837c",-0.306924706472222,0.749093445,-1.42757269154848,0.171441342074267,0.494577822130287,-5.48973277565523
"4082",NA,-0.400553882944445,3.43949492115385,-1.42535161632106,0.172072677113054,0.496132086781048,-5.49265306339015
"1658","Rv0022c",0.346202830083333,1.31197285761538,1.42424695387752,0.172387379535947,0.496610515700004,-5.49410415855188
"772","Rv1661",-0.22432859775,1.01533812692308,-1.42411882388687,0.172423912260766,0.496610515700004,-5.4942724143759
"2393","Rv3098c",0.273772082833333,1.27503036038462,1.4236676003641,0.172552616402086,0.496714298558099,-5.49486485103821
"2373","Rv3080c",-0.233559911361111,0.802162973,-1.42281863469825,0.172794982155737,0.49714498355059,-5.49597910742498
"974","Rv1845c",0.331556816527778,1.13692971076923,1.42067586303376,0.173407941557607,0.498640861989684,-5.49878915318429
"2439","Rv3136A",0.257376704638889,1.26117820469231,1.41937835314442,0.173779965836441,0.499065741972034,-5.50048910419411
"4208",NA,-0.408026758277777,2.08495830307692,-1.41916769977504,0.173840425982406,0.499065741972034,-5.50076497985922
"2168","Rv2902c",-0.240721390888889,1.79860490538462,-1.41912664593456,0.173852210939937,0.499065741972034,-5.50081874101448
"2247","Rv2970c",-0.253934950222222,1.50299340861538,-1.41886221112828,0.173928135448463,0.499065741972034,-5.50116499659788
"4563",NA,-0.168367393972223,1.29723105976923,-1.41834524944591,0.174076643396106,0.499224616695093,-5.50184176922484
"1831","Rv2597",0.373406109583333,1.21665854876923,1.41752107721428,0.17431361727672,0.499250296529517,-5.50292032208995
"888","Rv1765c",0.224702196222222,1.34262920792308,1.41745208392931,0.174333466784006,0.499250296529517,-5.50301058784521
"1594","Rv2395",-0.270615719583333,0.876076178923077,-1.41734239277044,0.174365028937175,0.499250296529517,-5.50315409262156
"389","Rv1321",-0.397793569055556,1.63751968669231,-1.41700480730418,0.174462193773133,0.499261803856912,-5.50359568821589
"1325","Rv2157c",0.254952741777778,1.78025938130769,1.41641022774902,0.174633434486895,0.499485170143948,-5.50437325718644
"5317",NA,-0.230571136111111,3.61804709184615,-1.41580589308748,0.174807624748883,0.499560400305483,-5.50516332118267
"3717","Rv0072",-0.235966990472222,0.866711746615385,-1.41567233424515,0.174846140106919,0.499560400305483,-5.50533789078801
"2225","Rv2950c",-0.236262406194444,1.04570434153846,-1.41406807001062,0.175309313130133,0.500150617679219,-5.50743375256587
"1780","Rv2549c",0.257117992805556,1.370723167,1.41400920784316,0.175326326392125,0.500150617679219,-5.50751061649441
"5289",NA,-0.465648674833333,3.472708988,-1.41389758266107,0.175358593729217,0.500150617679219,-5.50765637300168
"4192",NA,0.276190634722222,0.781500284461538,1.41366458041894,0.175425962917338,0.500150617679219,-5.5079605905879
"169","Rv1131",-0.235799874944444,0.797801686230769,-1.41306120272356,0.175600518510737,0.500382126112467,-5.5087482030539
"3467","Rv0518",-0.288286085194444,1.56495354638462,-1.41244617648089,0.175778589220939,0.500623399694067,-5.50955074904898
"2187","Rv0286",-0.205148414166667,1.60798423530769,-1.41121095920099,0.176136669220513,0.50118192412106,-5.51116175133805
"3289","Rv3899c",-0.282560249972222,1.49804304415385,-1.41112466916013,0.17616170616494,0.50118192412106,-5.511274251651
"4485",NA,0.263530209638889,1.32522782353846,1.41058289426,0.176318967506355,0.501363217949106,-5.51198046508133
"2242","Rv2966c",0.370373543055555,1.76201977338462,1.41018706132699,0.176433938242311,0.501424129893312,-5.51249630573803
"5332",NA,-0.165241221416667,1.53052368707692,-1.40924803246074,0.176706925190019,0.501731827486668,-5.51371957192675
"4780",NA,0.271946463277778,1.21059019092308,1.40917070723918,0.176729419831125,0.501731827486668,-5.51382027438684
"1598","Rv2396",-0.204181333694445,2.41738925130769,-1.40859162707915,0.176897953644796,0.501830416384191,-5.51457428600156
"1641","Rv2433c",-0.338510619111112,2.07867270146154,-1.4084080904811,0.176951396822038,0.501830416384191,-5.51481321538717
"347","Rv1288",0.260158021666667,0.953165926615385,1.40717004477207,0.177312240061578,0.502504011243763,-5.51642427311604
"658","Rv1558",0.265479379277778,1.25988394492308,1.40695007293703,0.177376415909179,0.502504011243763,-5.51671040384167
"1486","Rv2300c",0.453537670555555,1.28249933507692,1.40619462726506,0.177596957474533,0.502863017466191,-5.51769278982052
"1872","Rv2632c",0.238978036361111,0.921396916615385,1.40517948967105,0.177893662594922,0.503133710313986,-5.5190122265605
"4460",NA,-0.177538464888888,1.87807372407692,-1.40509852128268,0.177917345392309,0.503133710313986,-5.51911743384335
"3632","Rv0663",-0.261880976,0.936205387846154,-1.40490430425489,0.177974163200619,0.503133710313986,-5.51936977269383
"2714","Rv3383c",0.20762006675,1.28006009753846,1.40252018512407,0.178672832051536,0.504842184934585,-5.52246512936041
"5358",NA,-0.426488450527778,2.88697751876923,-1.4021998419339,0.178766878172732,0.504842184934585,-5.5228807225337
"1218","Rv2061c",-0.228559468916667,1.28334209776923,-1.40025517176096,0.17933865419767,0.506190198261987,-5.52540200912976
"2724","Rv3392c",-0.196152202416667,0.901144573153846,-1.39929087038813,0.179622729004152,0.506725172348555,-5.5266512129369
"4732",NA,0.349882121444444,1.98677602507692,1.39886933282647,0.179747024712307,0.506809075464475,-5.52719708028693
"4093",NA,-0.266702924000001,1.76147981915385,-1.3971097562672,0.180266610417904,0.508006851650875,-5.52947423055653
"2844","Rv3502c",0.280302126555555,1.25455883338462,1.39635311241383,0.180490413355362,0.508178709804233,-5.5304527428594
"1259","Rv2098c",0.2127356655,1.79119726615385,1.39626255665189,0.180517213333444,0.508178709804233,-5.53056982396786
"375","Rv0127",0.241924697111111,0.905916466769231,1.39526219196827,0.18081348555672,0.508664637088219,-5.53186281357106
"2987","Rv3631",0.361906766944445,1.31922672515385,1.39503904765065,0.180879626546669,0.508664637088219,-5.53215113178849
"2960","Rv0355c",0.328334689472222,1.46580070392308,1.39235481877889,0.181676778606184,0.510456058278885,-5.53561648811555
"3801","Rv0817c",0.260019985333333,1.335519837,1.39196356385888,0.181793208787929,0.510456058278885,-5.53612115992658
"2495","Rv3190c",-0.247318807527778,1.00484507784615,-1.3919328420071,0.181802353592237,0.510456058278885,-5.53616078267119
"842","Rv1721c",0.231918963111111,0.950119265153846,1.39099620795593,0.182081334783581,0.510822292437293,-5.53736845103801
"3183","Rv3805c",-0.239957568055555,0.897436365307692,-1.39085509593975,0.182123395680535,0.510822292437293,-5.53755034096042
"2058","Rv2801c",0.373700422083333,1.34969449307692,1.38920285905526,0.182616457977823,0.511756326003121,-5.53967894692958
"2150","Rv2886c",0.214673784833334,1.69553044507692,1.38888214540954,0.182712290525693,0.511756326003121,-5.54009189582341
"1801","Rv0252",-0.200151178138889,1.454290768,-1.38877994596042,0.182742837307831,0.511756326003121,-5.54022347133421
"1210","Rv2055c",-0.238783573277778,0.907354449923077,-1.38801283127121,0.182972254811542,0.512131219733611,-5.5412108395502
"3397","Rv0458",-0.221139243166666,0.907651492384615,-1.38664184562155,0.183382848384158,0.513012561241695,-5.54297438531859
"145","Rv1109c",-0.322469231833333,1.12189308576923,-1.38580088447582,0.183635073822819,0.5134501803288,-5.54405545896894
"2046","Rv2790c",-0.269137777444444,0.905243897384615,-1.38468052799449,0.183971531769123,0.514122737373565,-5.54549489354161
"3146","Rv3771c",0.375906449138888,1.75955693007692,1.38411517412053,0.184141503751331,0.514329577960987,-5.54622090999154
"3332","Rv0400c",0.2961254735,1.62439724769231,1.38217472595293,0.184725857403903,0.515018236690118,-5.54871100649873
"3660","Rv0688",-0.270366582055556,1.140531679,-1.38204156409538,0.184766013009527,0.515018236690118,-5.54888178592324
"5248",NA,-0.370622108527777,1.69246475307692,-1.38181712408974,0.184833709909559,0.515018236690118,-5.54916959956334
"5204",NA,0.200573994166667,1.59476788153846,1.38177724428089,0.184845740781206,0.515018236690118,-5.54922073608673
"250","Rv1203c",0.24515675,0.960890920846154,1.38170185287794,0.184868486453692,0.515018236690118,-5.5493174047193
"2744","Rv3409c",-0.266599741916667,1.24046753615385,-1.38110628207122,0.185048250164127,0.515115050352679,-5.55008091243273
"4517",NA,0.352800718833333,2.901432548,1.38094999818699,0.185095445331951,0.515115050352679,-5.55028122139233
"2570","Rv3251c",-0.331504879305556,1.26733035976923,-1.37876468540303,0.185756390549868,0.516686171949814,-5.55308024931465
"2464","Rv3158",-0.265312605027778,1.56478147592308,-1.37648653677141,0.186447436320826,0.518043458481131,-5.5559944339102
"4580",NA,0.223352239722222,1.50491887215385,1.37615627483479,0.186547788382415,0.518043458481131,-5.55641658361038
"2664","Rv3334",-0.288292954194444,1.59874447392308,-1.37613649640372,0.186553799556303,0.518043458481131,-5.55644186237665
"3150","Rv3775",0.21348210475,1.30957748553846,1.37588267939678,0.186630954911766,0.518043458481131,-5.55676623964792
"3631","Rv0662c",0.539045901055555,2.08975786330769,1.37383727058301,0.187253656521557,0.519502898010116,-5.55937852748664
"4434",NA,-0.193933827,0.982186918769231,-1.37307129699967,0.187487278239605,0.51988195104205,-5.56035599231669
"1907","Rv2663",-0.305842470666667,1.56408811192308,-1.37264983223049,0.187615924814453,0.519969677872526,-5.56089364167159
"2687","Rv3356c",-0.34587941575,1.86123716161538,-1.37175814263738,0.187888335284078,0.520234811358637,-5.56203070881601
"4804",NA,-0.19915687575,1.55576991769231,-1.37170131131242,0.187905707983269,0.520234811358637,-5.56210315918938
"5294",NA,-0.158551885305556,1.49779120492308,-1.37078492454689,0.188186015481018,0.520499639976934,-5.56327106791899
"1568","Rv2373c",0.227450106722222,1.26946871,1.37064157939422,0.188229892766884,0.520499639976934,-5.56345370097309
"1728","Rv2508c",0.260363992805555,1.10177105376923,1.37043648037032,0.188292686924492,0.520499639976934,-5.56371498687425
"3425","Rv0483",0.222123170611111,1.01321533015385,1.37005701670329,0.188408909834029,0.520552451912576,-5.56419832245615
"720","Rv1614",0.35109852425,1.50728485784615,1.36941079073313,0.188606969925436,0.520655509382901,-5.56502119657657
"5297",NA,-0.182280134,1.44360160407692,-1.36930149268533,0.188640484929402,0.520655509382901,-5.56516034103557
"851","Rv1729c",-0.173640011722222,1.23065506369231,-1.36852898031853,0.188877503509312,0.520846873210948,-5.56614355367454
"855","Rv1733c",-0.254808924777778,1.66967615730769,-1.36844213326303,0.188904164463075,0.520846873210948,-5.56625406032247
"4417",NA,0.17926944775,0.566626942923077,1.36795793765049,0.189052861838338,0.520988863472233,-5.56687006199531
"5318",NA,-0.19812184686111,2.98604210415385,-1.36728205987248,0.18926058234395,0.521293279220745,-5.5677296341457
"3312","Rv3918c",-0.253063506222222,1.179712081,-1.36635311408799,0.189546378363759,0.521499149339848,-5.56891050174039
"4908",NA,0.328977964111111,1.91360893215385,1.36632168303264,0.189556054382477,0.521499149339848,-5.56895044541747
"2625","Rv3301c",0.39008924625,1.10184670861538,1.36580078713751,0.189716469406189,0.521499149339848,-5.56961231124208
"1595","RVnc0024",-0.262557707777777,2.74005807923077,-1.36560907590306,0.189775536195701,0.521499149339848,-5.56985585453358
"4440",NA,-0.316951000861111,2.45279741376923,-1.36514496859754,0.189918590128068,0.521499149339848,-5.57044532733435
"3988",NA,0.267781683055555,2.05432960653846,1.36514333701001,0.189919093192422,0.521499149339848,-5.57044739936708
"4319",NA,-0.203619329611112,5.98888370430769,-1.36439182952156,0.190150917808841,0.52165294531082,-5.57140156526764
"1206","Rv2051c",-0.273652129361111,1.39127785707692,-1.36418123672344,0.190215922072987,0.52165294531082,-5.57166887320157
"3128","Rv3755c",-0.310707888333333,1.05160957784615,-1.36400809015133,0.190269381061513,0.52165294531082,-5.57188862551481
"1295","Rv2131c",-0.345426220888889,1.73123761015385,-1.36329835632955,0.190488637295706,0.52165294531082,-5.57278916507621
"4450",NA,-0.352663694861111,1.994432162,-1.36311541515558,0.19054518568088,0.52165294531082,-5.57302122770068
"1550","Rv2353c",0.264420925361111,1.74094214838462,1.36307059376929,0.190559042335557,0.52165294531082,-5.57307808026259
"3984",NA,-0.285401174833334,1.35171879576923,-1.36268048186018,0.190679680637851,0.521716737222501,-5.57357284484978
"2346","Rv3055",0.22918758,1.50190167761538,1.3613126517668,0.191103152699368,0.52259286804188,-5.57530671941128
"956","Rv1829",0.279894897555556,0.911083189615385,1.36101665496986,0.191194890714576,0.52259286804188,-5.57568174462148
"4080",NA,-0.319007002250001,3.24148239369231,-1.36051124286634,0.191351614224391,0.522754664751649,-5.57632194639203
"3925","Rv0089",0.246831850972222,1.03926614138462,1.35957138112315,0.191643330227582,0.523081229275147,-5.57751195677142
"1107","Rv0002",-0.2113552675,1.680973365,-1.35926155263608,0.191739573427818,0.523081229275147,-5.57790410343256
"1700","Rv2485c",0.303362424694445,1.21589046392308,1.35913669216706,0.191778370256849,0.523081229275147,-5.57806211780686
"3246","Rv3860",-0.185411951805555,2.10624155776923,-1.35886918842045,0.191861510588608,0.523081229275147,-5.57840061210511
"269","Rv1220c",-0.191453229194444,0.750330712461538,-1.35813326843963,0.192090383982711,0.523194295337748,-5.57933155661088
"3764","Rv0780",-0.276854127138889,1.35609978738462,-1.35810813648178,0.19209820395983,0.523194295337748,-5.57936334160811
"1858","Rv2619c",-0.259259954694445,1.95184005930769,-1.35720895538594,0.192378157996047,0.523690668795739,-5.58050024807442
"1215","Rv2060",0.441523170277778,2.62401613561538,1.35680789992471,0.192503129260544,0.523764859307877,-5.58100714017048
"5046",NA,0.38708015125,2.277166765,1.35647610715402,0.192606566988276,0.523780415554114,-5.58142640083315
"4174",NA,-0.485134500305555,2.95643948238462,-1.3556151162361,0.192875191939565,0.524227632270108,-5.582513984994
"1419","Rv2238c",-0.287127733583333,1.16315428161538,-1.35532227087318,0.192966626580023,0.524227632270108,-5.58288377457254
"212","Rv1169c",-0.242069882916667,1.01594506723077,-1.35408597551329,0.193353015565376,0.524766284109349,-5.58444419734502
"3207","Rv3826",-0.298018166194445,0.762763580846154,-1.35384496135282,0.193428413653883,0.524766284109349,-5.58474826683069
"4703",NA,-0.204369491,1.78622011830769,-1.35374844156772,0.193458615186581,0.524766284109349,-5.58487002644037
"705","Rv1601",0.218889879805556,0.875022515307692,1.35246097081376,0.193861832247549,0.525408063920303,-5.58649350409631
"569","Rv1479",0.2511580325,1.15191754738462,1.35236709387553,0.193891259409395,0.525408063920303,-5.5866118328057
"1373","Rv2201",0.337852725611111,1.26822949830769,1.35151520465086,0.194158460440857,0.52542804082502,-5.58768530935808
"4672",NA,0.255716790444445,1.97984412607692,1.35145765422295,0.19417652214872,0.52542804082502,-5.58775780983241
"3428","Rv0048c",-0.174688602111111,0.784164808,-1.35130747427803,0.194223661162677,0.52542804082502,-5.58794699080959
"2361","Rv3069",0.341828398777778,1.46100084592308,1.35089936784417,0.194351805274011,0.52542804082502,-5.58846099541699
"5171",NA,-0.183338573638889,1.44737671492308,-1.35078168589606,0.194388769581346,0.52542804082502,-5.58860919112855
"4567",NA,0.234130402833333,1.41941288538462,1.35038475293691,0.19451348904773,0.525500151862819,-5.58910896849755
"1816","Rv2583c",0.349231930805556,0.944746284846154,1.34838053541892,0.195144207098588,0.526688158375311,-5.59163067406594
"3284","Rv3895c",0.308973206833334,1.47134033030769,1.34794653734535,0.195280999289892,0.526688158375311,-5.59217633425894
"634","Rv1535",-0.231798926027778,2.51817140969231,-1.34712642127514,0.195539701434446,0.526688158375311,-5.59320707055537
"2680","Rv3350c",-0.178102545944444,1.35793716492308,-1.34697356327864,0.195587950091976,0.526688158375311,-5.59339912947609
"2182","Rv2915c",-0.267218151055556,1.786188449,-1.34658148305439,0.195711751198522,0.526688158375311,-5.59389167990246
"114","Rv1079",0.303785842916667,1.25279658961538,1.34566773449444,0.196000514284476,0.526688158375311,-5.59503912866034
"5128",NA,-0.182921845138889,1.84116019076923,-1.3455777096864,0.196028982347389,0.526688158375311,-5.59515214433677
"2294","Rv3011c",-0.261298909722222,1.13652940930769,-1.34550643335795,0.196051524020191,0.526688158375311,-5.59524161916844
"4247",NA,-0.165166185972223,1.91002292869231,-1.34539915962709,0.196085454041778,0.526688158375311,-5.59537627519675
"2648","Rv3320c",0.279266577,1.63102469446154,1.34505927407964,0.196192988705595,0.526688158375311,-5.5958028617061
"4574",NA,-0.223121641361111,1.94473571361538,-1.34504139197389,0.19619864763746,0.526688158375311,-5.59582530293659
"820","Rv1703c",0.205074007722222,0.866335218538462,1.34496208331738,0.196223747050746,0.526688158375311,-5.59592482880838
"2849","Rv0345",-0.242311562888889,1.83272379207692,-1.34494029162762,0.196230644081249,0.526688158375311,-5.5959521747692
"5230",NA,-0.245680477416667,1.52110762138462,-1.34323312351395,0.196771561262249,0.52787565984267,-5.59809335937745
"3967","Rv0964c",0.269978306222223,1.98299172115385,1.34256719589445,0.196982883053788,0.528178215691997,-5.59892799412935
"1265","Rv2103c",0.196736828027778,1.30002595815385,1.34113620805722,0.197437597238592,0.52893399621963,-5.60072038422394
"3062","Rv3697c",0.285684026444444,1.12259856607692,1.34105913108211,0.197462113140948,0.52893399621963,-5.60081688367828
"2252","Rv2974c",0.390685696916666,1.985199877,1.3401675765627,0.197745866655542,0.52942534713245,-5.60193277489694
"1224","Rv2066",0.199725959,1.58915104276923,1.33979750897669,0.197863742841528,0.52942534713245,-5.60239578501875
"317","Rv1263",-0.253606682166667,1.31230849661538,-1.33953222027291,0.197948278676894,0.52942534713245,-5.60272763767742
"1065","Rv1926c",-0.287409733916667,0.936931816615385,-1.33924248247205,0.198040638246374,0.52942534713245,-5.60309001354304
"2870","Rv3526",-0.201389667861111,1.39171168053846,-1.33828861712012,0.198344944055655,0.529530759627702,-5.60428256957422
"2299","Rv3015c",0.281502682305555,1.26678815461538,1.33804536221985,0.198422607759487,0.529530759627702,-5.60458658589971
"1836","Rv2601",0.302094437222222,1.68853057269231,1.3379753433837,0.198444967079951,0.529530759627702,-5.60467408614025
"603","Rv1508c",-0.203500818305556,1.15761658884615,-1.33788054724207,0.198475241808219,0.529530759627702,-5.6047925438888
"1411","Rv2231B",-0.230611846527778,1.43822641246154,-1.33699774320234,0.198757356696243,0.529871479964059,-5.60589537568756
"4204",NA,-0.355149134805555,1.71713296630769,-1.33686232029158,0.198800661605919,0.529871479964059,-5.60606449916165
"4394",NA,0.230130715916667,1.05752854661538,1.33555172878665,0.199220144790108,0.530558797633252,-5.60770052351676
"580","Rv1489",0.321793646527778,1.57237635007692,1.33543823624562,0.199256503663383,0.530558797633252,-5.60784213652539
"828","Rv1710",0.227058960805555,1.08689793992308,1.33435992064393,0.199602220246348,0.530961542712229,-5.60918714630708
"1438","Rv2254c",0.306485178777778,2.50426878484615,1.33397820331959,0.199724716205831,0.530961542712229,-5.60966306181174
"514","Rv1431",-0.204180781111111,1.49899321061538,-1.33377951740625,0.199788499676909,0.530961542712229,-5.60991073492412
"1763","Rv2536",-0.341237044555557,2.18858763615385,-1.33373124627703,0.19980399844227,0.530961542712229,-5.60997090309571
"3773","Rv0789c",0.226592051888889,1.04056184053846,1.33325512323643,0.199956922016043,0.531104609517339,-5.61056427868739
"2977","Rv3623",-0.201575095472223,1.14848658907692,-1.33212417698529,0.200320538247651,0.531617999260295,-5.61197305240928
"329","Rv1273c",-0.223993983638889,1.50798448484615,-1.33183053173997,0.200415035561113,0.531617999260295,-5.61233867657028
"217","Rv1174c",-0.323348009027778,2.62593168930769,-1.33172887790702,0.200447756810645,0.531617999260295,-5.61246523283716
"289","Rv1237",-0.232690212277777,1.18270456761538,-1.33108245487884,0.20065593267896,0.53190692342197,-5.61326982953333
"2087","Rv0277A",-0.246470414527778,1.11895240184615,-1.3306252820664,0.200803265631822,0.532034356790195,-5.61383867785825
"448","Rv1372",0.285429510138889,1.22114547223077,1.32897686656216,0.201335214201746,0.532382617332083,-5.61588844831605
"4665",NA,-0.169489782722222,1.77108187615385,-1.32894345027904,0.201346009304727,0.532382617332083,-5.61592997954546
"4690",NA,-0.264543481472222,2.08794809407692,-1.32868398810127,0.201429843999514,0.532382617332083,-5.61625242186761
"1488","Rv2302",0.258446758555556,1.684578822,1.32866197813448,0.201436956904871,0.532382617332083,-5.61627977204861
"4383",NA,-0.208390482666667,0.841481652846154,-1.32859423601238,0.201458850207647,0.532382617332083,-5.61636394794758
"2266","Rv0293c",0.237442075361111,1.323053841,1.32808739778642,0.20162271319877,0.532382617332083,-5.6169936316329
"273","Rv1224",-0.250926074722222,1.41180691276923,-1.32806491694725,0.201629983803009,0.532382617332083,-5.61702155679292
"4850",NA,-0.287644964999999,2.33165832007692,-1.32713091248394,0.201932237465729,0.532918164852934,-5.61818141710027
"1650","Rv2440c",0.238974450166666,1.49960147361538,1.32642850567861,0.202159780672782,0.533191140115344,-5.61905324150551
"194","Rv1155",0.263340677361111,1.26759549538462,1.32619760595959,0.202234624599719,0.533191140115344,-5.61933975177782
"1089","Rv1948c",-0.207346973277778,0.940005129923077,-1.32576746946299,0.20237410787929,0.533296567469516,-5.61987337603307
"3604","Rv0638",0.229312237861111,1.79499848046154,1.32490464824001,0.202654131016007,0.533772060071646,-5.62094336377087
"1929","Rv2684",0.223050753333333,1.17506417530769,1.32435064329168,0.202834091862512,0.533940498491129,-5.62163009025648
"2789","Rv3449",0.292163801888889,1.36844827246154,1.32385930297214,0.202993803063814,0.533940498491129,-5.62223894526556
"1267","Rv2104a",-0.225373465111111,1.35060574946154,-1.32377650210225,0.203020727482339,0.533940498491129,-5.62234153175816
"1565","Rv2370c",0.265802514333333,1.25239298030769,1.32348190715439,0.203116544108845,0.533940498491129,-5.62270647932857
"1172","Rv2022c",-0.174970127361111,1.00630591115385,-1.32155502184442,0.20374414608406,0.535213532095595,-5.62509190516073
"1256","Rv2095c",-0.326876503,1.63891481653846,-1.32138215301151,0.203800525934162,0.535213532095595,-5.62530577399646
"2096","Rv2837c",-0.228976708722222,1.42569250669231,-1.32088994657056,0.203961123062351,0.535372977284135,-5.62591459492906
"3491","Rv0541c",-0.21083027175,1.27277922484615,-1.31920056524972,0.204513097651335,0.536559081454311,-5.6280028299177
"5140",NA,-0.237349533972222,1.09368525461538,-1.31796036885293,0.204919062191194,0.537192767390952,-5.62953445119273
"2222","Rv0289",0.289880709111111,1.58048709876923,1.31785044181816,0.204955076364645,0.537192767390952,-5.62967015284999
"4414",NA,-0.173211970333333,1.86013773753846,-1.31736642534675,0.205113708944423,0.537345786872976,-5.63026754762782
"1240","Rv2079",-0.264788643222223,1.23514947746154,-1.31694628359969,0.205251485911824,0.537367847985654,-5.63078596108289
"743","Rv1635c",0.276903814694444,1.48816808769231,1.31663387714437,0.205353980774439,0.537367847985654,-5.6311713528821
"2121","Rv0280",-0.30357446713889,2.02282042646154,-1.31642389268432,0.205422895619889,0.537367847985654,-5.6314303528717
"1860","Rv2621c",0.333793401611111,1.18222278207692,1.31594126158899,0.205581359834104,0.537520043273561,-5.63202551489148
"3728","Rv0073",-0.199969274722222,1.40555457238462,-1.31494943509482,0.205907313995828,0.538109801568814,-5.63324804114622
"1471","Rv2286c",-0.270996699055556,1.02867759415385,-1.31162481870055,0.207002900873938,0.540709331717498,-5.63734050773147
"4365",NA,-0.230832430583333,1.22250607292308,-1.31114934918164,0.207159962149928,0.540856014185882,-5.63792510343994
"176","Rv1139c",-0.262341922472223,1.65008203530769,-1.31031538523095,0.207435671984706,0.541122929991727,-5.63895005653764
"1371","Rv2200c",-0.375038620583333,1.09746172630769,-1.31022942087907,0.207464108420336,0.541122929991727,-5.63905567777015
"1048","Rv1911c",0.250079439611111,1.13456543823077,1.3098610630965,0.207585993611889,0.541177493073797,-5.63950820163134
"1721","Rv2502c",-0.299692335777778,1.37315826361538,-1.30799062127351,0.208205773880098,0.542529386483872,-5.64180442433251
"1144","Rv1993c",0.277150243666666,1.27549686061538,1.30766094238521,0.208315165997755,0.542550675290557,-5.64220887354889
"2727","Rv0334",0.32124707725,1.60039488646154,1.30684207811653,0.208587073136894,0.542554687749423,-5.64321309528137
"3374","Rv0438c",0.202152538861111,0.869096861923077,1.30649016490083,0.20870401338354,0.542554687749423,-5.64364451004912
"883","Rv0172",-0.361365164666666,1.13224736976923,-1.30606265612305,0.208846143550595,0.542554687749423,-5.64416847115244
"5039",NA,0.299065815583334,2.64392759138462,1.30594207113724,0.208886247216701,0.542554687749423,-5.64431623666735
"4863",NA,-0.224400383472222,1.74537566161538,-1.30592446890542,0.208892101804072,0.542554687749423,-5.64433780561174
"2234","Rv2958c",-0.343200088111111,1.284316946,-1.30564650125444,0.208984572362446,0.542554687749423,-5.64467838268422
"2184","Rv2917",-0.189663164861111,0.937307010769231,-1.30552420394347,0.209025266828835,0.542554687749423,-5.64482820754279
"1221","Rv2063A",0.350958563833334,1.72025500592308,1.30498594437949,0.209204447202542,0.542756939499334,-5.64548748659734
"4427",NA,0.168648822055555,2.04698837430769,1.30403357534475,0.209521776762372,0.543279632472249,-5.64665343901457
"4719",NA,0.218978361083333,1.42187788007692,1.30377309695771,0.209608634319517,0.543279632472249,-5.64697221295793
"3358","Rv0424c",0.237503078694444,1.22850232907692,1.303384037855,0.20973842052471,0.5433532788847,-5.64744824763363
"4476",NA,0.387727825055556,1.91152573030769,1.30261616189783,0.209994762230417,0.543754553408231,-5.64838744541082
"3561","Rv0604",0.263171028055555,1.24567358761538,1.30203189509926,0.210189974760206,0.543997230668616,-5.64910176663994
"2044","Rv2788",-0.285527744277777,1.46831019476923,-1.30128546578872,0.210439576415009,0.5440182179357,-5.65001396686647
"1291","Rv2128",-0.216596987416666,1.87925544223077,-1.30109336943878,0.21050385011621,0.5440182179357,-5.65024865599439
"122","Rv0105c",-0.279381022472222,1.37299066830769,-1.30101100844001,0.210531412100616,0.5440182179357,-5.65034926992737
"3431","Rv0487",-0.216376799527777,1.104083928,-1.3003201771784,0.210762709752267,0.5440182179357,-5.65119299952763
"1662","Rv2450c",0.365243334999999,2.00048999538462,1.30022042027884,0.21079612596399,0.5440182179357,-5.65131480494956
"2375","Rv3081",0.2240565435,1.89040608007692,1.30017480744705,0.210811406579231,0.5440182179357,-5.65137049670636
"1625","Rv2419c",0.371985015805556,1.28469653061538,1.29988487793802,0.210908555386266,0.5440182179357,-5.65172445378733
"4674",NA,-0.221385704111111,0.963265127076923,-1.29956381993527,0.211016175804558,0.544034007846286,-5.65211633861814
"4382",NA,0.17236044325,1.95456908546154,1.299016472635,0.211199749401797,0.544047259369145,-5.65278425114228
"308","Rv1255c",0.277088651055555,0.997462830076923,1.29873940923302,0.211292721030173,0.544047259369145,-5.65312225633222
"4335",NA,-0.373778582333334,1.60843915023077,-1.29854438313456,0.211358183483174,0.544047259369145,-5.65336014434088
"4207",NA,0.215157555555555,1.02437947976923,1.298338459527,0.211427321131703,0.544047259369145,-5.6536112932278
"4892",NA,0.390533863916667,2.96344890484615,1.29689557902642,0.211912259600287,0.544765871631498,-5.65537014975335
"5049",NA,-0.318332881388889,1.685461188,-1.29682784098961,0.211935047216342,0.544765871631498,-5.65545268249888
"4800",NA,-0.218912950138888,2.30230907592308,-1.29660063838818,0.212011494071512,0.544765871631498,-5.65572948287312
"1343","Rv2174",0.228675232666667,1.12030326961538,1.29512696158278,0.212507869201481,0.545779673655935,-5.65752389833696
"488","Rv1407",0.276563238138889,1.05459922492308,1.29440668478286,0.21275081084983,0.546141928235195,-5.65840033358131
"3694","Rv0718",-0.275746134083334,1.133403136,-1.29385261104791,0.212937842630405,0.546163422394698,-5.65907426134161
"3739","Rv0758",-0.284060174777778,1.17601075992308,-1.2935527927196,0.213039102488467,0.546163422394698,-5.65943883634152
"4612",NA,0.226275053166667,0.876753935384615,1.29347650889634,0.213064872430469,0.546163422394698,-5.6595315854135
"2272","Rv2991",-0.179988625472222,1.33669499830769,-1.29146882335718,0.213743983627397,0.547571508476978,-5.6619710064792
"4865",NA,0.327769627444444,1.53414427238462,1.29124882887439,0.213818501351178,0.547571508476978,-5.66223812056123
"5058",NA,0.239096326944444,1.93609901284615,1.29009461153011,0.214209798742069,0.548245710286825,-5.66363894454535
"3162","Rv3786c",-0.212510457305556,0.926480570461538,-1.28976449807106,0.214321815682947,0.548245710286825,-5.66403940062339
"337","Rv1279",-0.27549597975,0.862843945769231,-1.28936755954643,0.214456569210799,0.548245710286825,-5.66452081024827
"2419","Rv3119",-0.27863215925,1.36259037307692,-1.28926644717795,0.214490905684976,0.548245710286825,-5.66464342061184
"3325","Rv0395",0.230734203666667,1.07272973607692,1.28856752666375,0.214728368303655,0.548591064874924,-5.66549072686938
"2082","Rv2825c",-0.326849756277778,2.066768845,-1.28808160676826,0.214893584264595,0.548669222167856,-5.66607958939063
"4184",NA,-0.375086442138889,1.37765796307692,-1.28787551256333,0.214963687789645,0.548669222167856,-5.66632928996061
"1553","Rv2359",-0.265136669527778,1.83550205892308,-1.28688251705983,0.215301709722472,0.548972167398073,-5.66753192956324
"2277","Rv2995c",-0.279254504111111,1.19921539469231,-1.28659769754269,0.215398741043845,0.548972167398073,-5.66787674083412
"4683",NA,-0.231364343888888,1.018308571,-1.28643801550769,0.215453155977261,0.548972167398073,-5.66807002947591
"1108","Rv1963c",0.233868389666667,1.14919842615385,1.28632387080964,0.215492059739841,0.548972167398073,-5.6682081849724
"685","Rv1583c",0.311383949472223,3.00096873323077,1.28532257019532,0.215833567831408,0.549577023433833,-5.66941968283955
"4540",NA,0.199984262805555,1.34795709623077,1.28494604093559,0.215962098404726,0.549577023433833,-5.66987505475781
"676","Rv1574",-0.245924247944445,0.863567223923077,-1.28472644253647,0.216037087383412,0.549577023433833,-5.67014058509665
"4186",NA,-0.224182246111112,2.50046053053846,-1.28374712991088,0.216371754041079,0.550041738574268,-5.67132428130171
"2397","Rv3099c",0.241510035111111,1.81316094407692,1.28357945075883,0.21642909683712,0.550041738574268,-5.67152688109234
"3095","Rv3723",-0.238279588027778,1.57522547253846,-1.28329142147674,0.216527624699945,0.550041738574268,-5.67187484433698
"2555","Rv3237c",0.283701698638889,1.08428095653846,1.28229105263058,0.216870099941652,0.550349777466605,-5.67308287549662
"4139",NA,-0.465705536944445,4.14121287492308,-1.28221847174434,0.216894964445568,0.550349777466605,-5.67317049308547
"4257",NA,-0.237789410111111,3.86415191223077,-1.28203765457614,0.216956917870697,0.550349777466605,-5.67338875276004
"2385","Rv0304c",0.310177484277778,2.09119793184615,1.2817326976939,0.217061436735025,0.550354446972439,-5.6737568010487
"3331","Rv0399c",0.300547465055555,1.03464607146154,1.28080623523158,0.217379208287667,0.550899553863781,-5.67487449540612
"265","Rv0117",0.233723345194444,0.81460447,1.27999520355401,0.21765768681834,0.551098475484961,-5.67585238853741
"3153","Rv0373c",0.178759244277778,0.948389122384615,1.27997876401745,0.217663334440608,0.551098475484961,-5.67587220508457
"4378",NA,-0.179630041500001,1.243688649,-1.27910307069717,0.217964335201191,0.551473234009076,-5.6769274814781
"2864","Rv3520c",-0.227965402527778,0.884760879,-1.27871204065075,0.218098848611786,0.551473234009076,-5.67739851067757
"698","Rv1594",-0.2842977625,1.50597574661538,-1.27865054040168,0.218120010466276,0.551473234009076,-5.67747258223851
"3510","Rv0558",0.30406731575,1.32071593892308,1.27818643824457,0.218279756989755,0.551616924783161,-5.67803145754811
"2528","Rv0317c",0.284376135416667,0.979955048307692,1.27746345062752,0.218528795783078,0.551986025163664,-5.67890175277298
"4844",NA,-0.270216446833333,2.26220772476923,-1.27470477629863,0.219481086511196,0.554130298492704,-5.68221878615498
"4307",NA,0.381288259305555,3.81572658515385,1.27408070512256,0.219696964581563,0.5542028816913,-5.68296835271345
"3212","Rv3830c",-0.251213193638889,1.01223632538462,-1.27402388629575,0.219716627536196,0.5542028816913,-5.68303658233387
"58","Rv1024",0.355489357166667,1.37985675,1.27293565797949,0.220093489864087,0.554732643148697,-5.68434287418256
"2052","Rv2796c",-0.298009143416667,1.52084902938462,-1.27281979464219,0.220133644025612,0.554732643148697,-5.68448190060835
"1618","Rv2413c",0.231419647472222,1.16968507384615,1.27049473247497,0.220940639706845,0.556504618810475,-5.68726958226568
"1556","Rv2362c",-0.2069662535,1.39973823815385,-1.26925123299708,0.221373187933493,0.556856143253193,-5.688758780148
"264","Rv1216c",-0.203104366694445,0.974346236846154,-1.26911777666213,0.221419649652443,0.556856143253193,-5.68891853428323
"2819","Rv3479",-0.272492338944444,0.941279572153846,-1.26890515304731,0.221493688531493,0.556856143253193,-5.68917302717452
"3935","Rv0936",0.275402393638889,1.14383505184615,1.26889919227838,0.221495764443248,0.556856143253193,-5.68918016121626
"759","Rv1649",-0.280660053833333,1.26717913030769,-1.2678642781688,0.221856416419301,0.557501355840344,-5.69041836163994
"441","Rv0133",0.32951471775,1.89266205007692,1.26746281678813,0.221996442975927,0.557591815534661,-5.69089845734545
"3883","Rv0889c",-0.261694847222222,1.31066144623077,-1.26688413754077,0.222198403060615,0.557837677004635,-5.69159026221687
"3857","Rv0867c",-0.205547926527778,2.26842029607692,-1.26464788999336,0.22298020489617,0.558811908854575,-5.69426122504029
"2303","Rv3019c",-0.388629857805556,2.05148318523077,-1.26408069466461,0.223178839434988,0.558811908854575,-5.69493806178732
"5285",NA,-0.289520728583333,2.11959569176923,-1.26386132753941,0.223255699839783,0.558811908854575,-5.69519976642296
"4487",NA,0.30324553775,1.09324353469231,1.26349617776618,0.223383684359589,0.558811908854575,-5.69563530645667
"2450","Rv3146",-0.298532106944444,1.05400001346154,-1.26335929614001,0.223431675924219,0.558811908854575,-5.69579854813179
"2013","Rv2760c",0.204268968333333,1.02351308007692,1.26327024341626,0.223462902687018,0.558811908854575,-5.69590474239672
"4890",NA,0.170658776861111,0.862235882230769,1.263237561612,0.223474363570843,0.558811908854575,-5.69594371349277
"1379","Rv2207",0.260593890027777,1.72416645238462,1.26306503209848,0.223534873964482,0.558811908854575,-5.69614943083039
"1691","Rv2474c",0.324249733416667,1.53772151292308,1.26199876509768,0.223909123655818,0.558811908854575,-5.69742029089557
"2659","Rv3330",0.240914445861111,1.30202441030769,1.26177432735083,0.223987961346655,0.558811908854575,-5.69768768045885
"3089","Rv3720",-0.186365804,0.901449070307692,-1.26147497383792,0.224093148164443,0.558811908854575,-5.69804426172292
"110","Rv0104",0.197534619583333,1.10947886938462,1.2612742513494,0.224163699564695,0.558811908854575,-5.69828331744964
"3039","Rv3678c",0.361047694138888,1.44353272069231,1.26092764441684,0.224285568216939,0.558811908854575,-5.69869604416971
"1085","Rv1944c",0.187401380027778,1.25442702869231,1.26088301322933,0.224301264504573,0.558811908854575,-5.69874918253298
"5017",NA,-0.1922181615,3.11092143369231,-1.2608441649431,0.224314927707091,0.558811908854575,-5.69879543444903
"207","Rv1165",0.214172609666667,0.728959786153846,1.26075947109788,0.224344717346581,0.558811908854575,-5.69889626500248
"5126",NA,-0.172712545194445,1.52946166515385,-1.26071940451922,0.224358811166986,0.558811908854575,-5.69894396351338
"2210","Rv0027",0.186566872111111,1.53608128169231,1.26030850869396,0.224503387683569,0.558912288891747,-5.69943305506768
"2248","Rv2970A",0.22404237375,0.768874713,1.25916183930721,0.224907234849589,0.559657743172607,-5.70079724562569
"413","Rv1342c",0.307021641527778,1.36647068938462,1.25842919625679,0.225165561380585,0.560040561020852,-5.701668332805
"116","Rv1081c",0.432574077611111,2.01016822092308,1.25793065629356,0.225341476222531,0.560218141258241,-5.7022608400702
"819","Rv1702c",-0.220229078583334,1.45024057607692,-1.25636209834273,0.225895655173157,0.561182347852188,-5.70412378217499
"1258","Rv2097c",0.22652471425,1.40808335792308,1.25600177602872,0.226023108332326,0.561182347852188,-5.70455145777643
"4622",NA,-0.261384084305556,1.46318190553846,-1.25572814095657,0.226119935841808,0.561182347852188,-5.70487617436166
"1790","Rv0251c",0.297196142861111,1.19484538607692,1.25564853681439,0.226148110328494,0.561182347852188,-5.70497062782309
"3860","Rv0869c",0.234162276388889,1.48017341669231,1.25500915056213,0.226374508861584,0.561484205228178,-5.70572910529365
"738","Rv1631",0.32124724425,1.06972647907692,1.2536492612488,0.226856614135793,0.562150134399899,-5.70734122329256
"3096","Rv3725",-0.23762461025,0.909524397692308,-1.25352592462807,0.226900378621027,0.562150134399899,-5.70748736455388
"3774","Rv0790c",-0.259038246916666,1.26277595330769,-1.25300260518758,0.2270861450651,0.562150134399899,-5.70810731215884
"4871",NA,-0.232508731888889,1.91881941138462,-1.25270011262648,0.227193576884183,0.562150134399899,-5.70846556067843
"3044","Rv3682",-0.225546901555556,1.17650093907692,-1.25248062094286,0.227271555219257,0.562150134399899,-5.70872546464046
"1634","Rv2427A",0.217695761666667,1.53588020338462,1.25245918061032,0.227279173394103,0.562150134399899,-5.70875085049458
"1342","Rv2173",-0.312417615944445,1.48700139876923,-1.25218350543841,0.227377143913989,0.562150134399899,-5.70907722429
"3487","Rv0537c",-0.165038817944444,1.30052135630769,-1.25161641146178,0.227578783112441,0.562188595326122,-5.70974842389075
"1132","Rv1984c",-0.228524604805555,1.38854820146154,-1.25154981297518,0.227602472361508,0.562188595326122,-5.70982723183874
"3898","Rv0903c",0.281206847888889,1.24442522292308,1.25078211509876,0.227875682684876,0.562604172819408,-5.71073542064031
"261","Rv1213",-0.261709503027778,1.31333412615385,-1.2503222861826,0.228039449674064,0.562749286488482,-5.7112791786158
"3614","Rv0647c",-0.206564202944445,0.967875653846154,-1.24944752934226,0.228351244435608,0.563145855366887,-5.71231314099728
"1677","Rv2463",0.287123994027778,1.17057159546154,1.24928201216686,0.228410277904405,0.563145855366887,-5.71250871482206
"3286","Rv0385",-0.3123233735,1.42059646253846,-1.24862148501646,0.228645979892232,0.563295040682158,-5.71328897488095
"5296",NA,0.173396856666667,1.11799039569231,1.24818138446959,0.228803129736925,0.563295040682158,-5.71380866208907
"896","Rv1772",-0.193127198083334,1.81632806592308,-1.24793542156822,0.228890993953968,0.563295040682158,-5.71409903816085
"602","Rv1507A",-0.194510581111111,1.23332688746154,-1.247899668875,0.228903767905342,0.563295040682158,-5.71414124271911
"3781","Rv0799c",-0.174657864388889,0.840255193461538,-1.24764087251296,0.228996248814631,0.563295040682158,-5.71444671111466
"2853","Rv3510c",0.318480710138889,1.21293928423077,1.24649433620851,0.229406312263767,0.564044877859537,-5.71579938513991
"4083",NA,-0.222778222555556,1.50087429584615,-1.24584986648997,0.229637059318293,0.564353341561692,-5.71655927248855
"4306",NA,-0.200802680944444,2.63098688984615,-1.24437777593651,0.230164803861972,0.565391085563781,-5.71829377615729
"2745","Rv3410c",0.220714568305556,0.906706320692308,1.24272748059692,0.230757551391143,0.566587483030932,-5.72023622821405
"5168",NA,-0.405137245000001,3.15168406884615,-1.24212342318455,0.230974809973522,0.566708107337479,-5.72094668880794
"4471",NA,-0.258320950472222,1.33293928515385,-1.24200301088899,0.231018137039625,0.566708107337479,-5.7210882771456
"2480","Rv3173c",0.193731777833333,0.886848409538462,1.24151217182047,0.231194817129769,0.566882076768326,-5.72166531862727
"3524","Rv0570",-0.171720041944445,1.12302888353846,-1.24102695721608,0.231369575441076,0.566925414889344,-5.72223556170277
"2465","Rv3159c",-0.267924751638889,2.90582319423077,-1.24087581905588,0.231424031301844,0.566925414889344,-5.72241314733593
"3191","Rv3812",-0.262468123361111,1.72666522846154,-1.24017313534376,0.231677342135106,0.567115013055469,-5.72323855685233
"546","Rv1460",-0.237930418611111,0.842812981461538,-1.24007416551495,0.231713037050649,0.567115013055469,-5.72335478085457
"2343","Rv3052c",-0.290292977722223,1.271092244,-1.23933230495577,0.231980735393529,0.567511064221504,-5.72422573031468
"84","Rv1051c",0.2197580705,1.36145746715385,1.23901884657167,0.232093917855019,0.567525577521997,-5.72459360249388
"3675","Rv0700",0.266564913333333,0.929448416,1.23849810794038,0.232282038744889,0.567525577521997,-5.72520456612074
"4478",NA,-0.370777453305556,1.99939685269231,-1.23843647233685,0.232304312888668,0.567525577521997,-5.72527686679718
"4072",NA,0.495817130416667,2.30035460761538,1.23786570726724,0.232510656930537,0.567770898017165,-5.72594625171152
"118","Rv1083",-0.183943930333334,1.06273025607692,-1.23518762235313,0.233480735656753,0.569565341185689,-5.72908364390717
"4138",NA,-0.415365866777777,2.04617961630769,-1.23472163197256,0.233649849550268,0.569565341185689,-5.72962897706107
"2051","Rv2795c",0.265815005888889,1.59905051330769,1.23467250034752,0.23366768555963,0.569565341185689,-5.72968646420205
"1544","Rv2349c",0.220169380027778,0.880919990153846,1.23466459098927,0.23367055695286,0.569565341185689,-5.72969571847876
"4745",NA,-0.155282457222222,1.87291032338462,-1.2340999640898,0.233875608075878,0.569597414622169,-5.73035622787339
"2170","Rv2904c",0.246297997527778,0.857297458538462,1.23366010611437,0.234035444103973,0.569597414622169,-5.73087060639072
"1807","Rv2575",0.27562537,1.19318178484615,1.23339761648847,0.234130868018086,0.569597414622169,-5.731177494177
"234","Rv1188",-0.320478436305556,1.63566884507692,-1.23256345172161,0.23443431469791,0.569597414622169,-5.73215239079343
"5274",NA,0.273016849222222,1.19462320284615,1.23242285749222,0.234485488970168,0.569597414622169,-5.73231665058505
"1018","Rv1884c",0.254792069083333,0.923766097615385,1.23220255394668,0.234565693621229,0.569597414622169,-5.73257400540805
"3321","Rv0391",-0.256073556888889,2.27683431776923,-1.23213208008669,0.234591355104924,0.569597414622169,-5.73265632367473
"4077",NA,-0.22506940875,2.47938345276923,-1.23180197591877,0.234711584011788,0.569597414622169,-5.73304185562472
"716","Rv1611",-0.230259684694444,1.53101157230769,-1.23169428775959,0.234750815943419,0.569597414622169,-5.73316760708993
"3512","Rv0560c",-0.220108221333333,1.14050117623077,-1.23163005031728,0.234774220729931,0.569597414622169,-5.73324261517859
"2009","Rv2757c",-0.230849351111111,1.08074103246154,-1.23132957298953,0.234883722963814,0.569597414622169,-5.73359343006173
"2787","Rv3447c",0.173029692888889,1.02879528838462,1.23112325559275,0.234958933531645,0.569597414622169,-5.73383426955969
"138","Rv1101c",0.218499853333334,0.799081437230769,1.2305809544584,0.235156711588403,0.569631137136519,-5.73446715102916
"2847","Rv3505",0.314978805,1.27228985561538,1.23050234014997,0.235185393000582,0.569631137136519,-5.73455887697532
"1756","Rv0248c",-0.269376241111111,0.946328937153846,-1.22963835714306,0.235500783790985,0.570137398879711,-5.73556663714327
"2741","Rv3406",0.241874657861111,1.31206690446154,1.22884282124405,0.235791476743778,0.570427038926963,-5.73649403814359
"4750",NA,0.263811989527778,1.79061971092308,1.22872851287787,0.235833268332491,0.570427038926963,-5.73662725273966
"1622","Rv2417c",0.348254771194444,1.70436432323077,1.22798436915589,0.236105469783276,0.570827838537825,-5.73749422286765
"918","Rv1793",-0.311380180944445,2.650660894,-1.22758181981527,0.236252819790279,0.570855375273462,-5.73796303343311
"4259",NA,0.232356911388889,1.50530909861538,1.22723329781722,0.236380450736107,0.570855375273462,-5.7383688200194
"4660",NA,-0.219327899416667,1.35567887284615,-1.22693697113715,0.236489009206651,0.570855375273462,-5.73871375965327
"4947",NA,0.254633154666666,1.39087447869231,1.22678998619991,0.236542870985515,0.570855375273462,-5.73888483197229
"3934","Rv0935",0.268103916583333,1.63908519953846,1.22570495359154,0.236940767282814,0.571558286514798,-5.74014714704457
"3254","Rv3867",0.266810294333333,1.13390963715385,1.22540790561286,0.237049788657589,0.571564042827115,-5.74049256694085
"1094","Rv0190",-0.295723841722222,2.43992490007692,-1.22455031344169,0.237364755464962,0.572043112853984,-5.74148941921947
"2683","Rv0330c",0.194871935138889,1.21260579346154,1.22428591277249,0.237461926511215,0.572043112853984,-5.74179663712778
"4581",NA,-0.402727906611112,3.27140610684615,-1.22212055138676,0.238258880359345,0.573705120721513,-5.74431057446155
"2823","Rv3483c",0.253451490166666,1.81793464676923,1.22131999912766,0.238554041232966,0.574070617374869,-5.74523905712634
"1030","Rv1894c",-0.318624587833334,1.21051712038462,-1.22112799027301,0.23862487602821,0.574070617374869,-5.74546167394468
"4358",NA,0.20289765,1.31793246784615,1.22007822109575,0.239012436731379,0.574745025069623,-5.74667826886748
"3641","Rv0671",-0.190076213611111,1.77440245469231,-1.21940799245248,0.23926012909948,0.575082642140453,-5.74745455060632
"2996","Rv3640c",0.179461991166667,1.07418436946154,1.21860747840532,0.239556228698049,0.575536255410822,-5.74838126608367
"3032","Rv3672c",0.253001542055555,1.48920016023077,1.21784198178771,0.23983963904907,0.575720480232868,-5.74926696768755
"2408","Rv3109",0.189103415583333,0.831445408,1.21771144153243,0.239887994751903,0.575720480232868,-5.74941796006809
"3070","Rv3703c",0.291817509611111,1.08405874715385,1.21744000071658,0.239988567871392,0.575720480232868,-5.74973188497645
"949","Rv1823",0.281108386083333,1.16969959130769,1.21724038047241,0.240062550992623,0.575720480232868,-5.74996271108885
"534","Rv1449c",0.158940694833333,0.922874728153846,1.21670661907975,0.240260459304544,0.575937415864202,-5.75057975784503
"67","Rv1031",-0.222758904166667,1.27357572961538,-1.21625532527494,0.240427887953195,0.576081126253519,-5.75110129256298
"2726","Rv3394c",-0.352758687666667,1.722487376,-1.21522519212594,0.240810399795853,0.576404223008463,-5.75229115262739
"1474","Rv2289",-0.250124556527778,0.854721211230769,-1.2151618940938,0.240833919014652,0.576404223008463,-5.75236423779813
"3946","Rv0946c",0.234430159138889,0.869137137230769,1.21502350101389,0.24088534692891,0.576404223008463,-5.75252401811092
"410","Rv1339",-0.179759285138889,1.37585731138462,-1.21429918875069,0.241154644310883,0.576791117138034,-5.75336001692925
"4889",NA,0.323534432972222,1.80912212492308,1.21298312466218,0.241644544427352,0.577705066070743,-5.75487794558795
"2328","Rv3039c",0.252373888666667,1.17174222346154,1.21055822763107,0.242549201506558,0.579358965934306,-5.75767117480433
"4353",NA,-0.237954810972223,4.39041444169231,-1.21030768570355,0.242642818984893,0.579358965934306,-5.75795950608917
"4298",NA,-0.157127094583333,1.075112144,-1.20999674543926,0.242759043395954,0.579358965934306,-5.75831727605844
"2413","Rv3114",-0.154489957916666,1.346965369,-1.20972568316674,0.242860396851395,0.579358965934306,-5.75862909927651
"2781","Rv3442c",-0.229907931472222,1.00780885676923,-1.20960893023859,0.242904062166341,0.579358965934306,-5.75876339086283
"4486",NA,0.311697251277777,1.80172117323077,1.20898536974435,0.243137374120931,0.579358965934306,-5.75948043879532
"1351","Rv2181",-0.180411303722223,1.08327792515385,-1.2088169881218,0.243200405358301,0.579358965934306,-5.75967401191095
"826","Rv1708",0.170884484611111,1.71332138069231,1.20852003024749,0.243311597756122,0.579358965934306,-5.76001534241503
"3342","Rv0409",-0.268326051,1.04673771384615,-1.20825373087643,0.243411343536846,0.579358965934306,-5.76032137349157
"2600","Rv3278c",0.268191219861111,1.68944905076923,1.2077866243561,0.24358637977389,0.579358965934306,-5.76085803540426
"1229","Rv2070c",-0.213095985583334,1.14500255323077,-1.20776667043049,0.243593859143138,0.579358965934306,-5.76088095673123
"4160",NA,0.231166182,1.337995685,1.20766114626118,0.243633415898493,0.579358965934306,-5.76100216839901
"39","Rv1007c",0.22738646675,1.01497140730769,1.2072614096458,0.243783305625468,0.579458322905769,-5.76146125033652
"1533","Rv2339",0.232805990722222,1.29775035269231,1.20592907461338,0.244283402560995,0.580356598588911,-5.76299046445653
"1890","Rv2645",-0.23684326625,1.84729592315385,-1.20534451113443,0.244503068205818,0.580356598588911,-5.7636609616016
"3711","Rv0733",0.211712676611111,1.05345276407692,1.20517216106288,0.244567862268464,0.580356598588911,-5.76385859588488
"1005","Rv1873",-0.252633719972222,1.39965572107692,-1.20510179390782,0.244594320188871,0.580356598588911,-5.76393927926803
"2153","Rv2889c",0.194040430027778,0.729788793076923,1.20387178635292,0.245057154368869,0.581000500048107,-5.76534897417081
"3094","Rvnt41",-0.488100407138889,2.51510488076923,-1.20380451461971,0.245082487053875,0.581000500048107,-5.76542603852651
"903","Rv1779c",0.199947052638889,1.33440534484615,1.20086470999456,0.246191492761488,0.58164032242714,-5.76879025163064
"771","Rv1660",-0.263559680555555,1.23046616276923,-1.2008423445921,0.24619994450531,0.58164032242714,-5.76881581934985
"3840","Rv0851c",-0.180045098194444,1.04427138530769,-1.20057056955303,0.246302664275968,0.58164032242714,-5.76912647562512
"65","Rv1030",-0.238295040083333,1.33901015746154,-1.20044445385073,0.246350341932164,0.58164032242714,-5.76927061387353
"1616","Rv2411c",0.243897145416667,0.977126009153846,1.19994717051613,0.246538407056649,0.58164032242714,-5.76983883736687
"24","Rv0995",0.265331852166666,1.51084079976923,1.19975089656979,0.246612665090773,0.58164032242714,-5.77006305637834
"573","Rv1483",0.206019672305555,0.835121259153846,1.19971643881939,0.246625703553803,0.58164032242714,-5.77010241696765
"1628","Rv2422",-0.171920914694445,2.10087569353846,-1.19960583011864,0.246667560319333,0.58164032242714,-5.77022875726275
"1978","Rv2728c",-0.321399626555556,1.69511325223077,-1.19952360955093,0.246698677904381,0.58164032242714,-5.77032266550695
"2619","Rv3295",-0.287127305,1.35432344507692,-1.19934390421798,0.246766700466626,0.58164032242714,-5.77052789716208
"1766","Rv2539c",0.21822881625,1.36561261192308,1.19907017945474,0.246870339034197,0.58164032242714,-5.77084045359442
"4113",NA,0.253069058138888,1.50049108138462,1.19898373386868,0.246903076246954,0.58164032242714,-5.77093915022606
"4316",NA,-0.214684413000001,3.10336862646154,-1.19862573096358,0.247038688335747,0.58164032242714,-5.77134782550261
"3723","Rv0745",-0.187194827888889,1.79905971169231,-1.19840318685919,0.247123017052409,0.58164032242714,-5.77160181716505
"1694","Rv2477c",-0.244811950888889,1.05942595623077,-1.19823432207501,0.247187019700762,0.58164032242714,-5.77179451765032
"4293",NA,0.247963116222222,2.65122238776923,1.19802635934008,0.247265858520863,0.58164032242714,-5.77203180347832
"2254","Rv2975a",-0.219010532194445,2.25753258461538,-1.19794914766422,0.247295134404993,0.58164032242714,-5.77211989331057
"1049","Rv1912c",-0.226128962944444,0.813711453,-1.19746010787602,0.247480622083626,0.58164032242714,-5.77267772174628
"468","Rv1389",-0.19350374775,1.58724906269231,-1.19725943669672,0.247556765265411,0.58164032242714,-5.77290656401562
"3129","Rv3756c",-0.243810107388889,1.39996702569231,-1.19689604298659,0.247694697773765,0.58164032242714,-5.77332089038305
"5069",NA,-0.343692273972223,3.38628068669231,-1.19615361651816,0.247976681049217,0.58164032242714,-5.77416704510765
"1868","Rv2628",-0.221357041361111,2.03497921976923,-1.19573100877053,0.248137302275814,0.58164032242714,-5.77464850023109
"943","Rv1817",0.261274574138889,1.61515373323077,1.19570013390781,0.248149040044259,0.58164032242714,-5.77468366875045
"1002","Rv1870c",-0.301477155194445,0.953803575153846,-1.19568704453511,0.248154016389317,0.58164032242714,-5.77469857818465
"3383","Rv0447c",0.201314927472222,0.904667564615385,1.19492674207618,0.248443200329136,0.58164032242714,-5.77556436401305
"2755","Rv3419c",0.23688781475,1.41239312861538,1.1943392037177,0.248666848657248,0.58164032242714,-5.77623309908846
"4161",NA,-0.164687025583333,1.87471568561538,-1.19423965307397,0.24870475811775,0.58164032242714,-5.77634638001064
"3187","Rv3808c",0.190470767416667,1.04620852169231,1.19417743254412,0.248728454291298,0.58164032242714,-5.7764171781166
"3939","Rv0939",-0.200948138333333,0.980514282076923,-1.19410599288581,0.248755663614996,0.58164032242714,-5.7764984624477
"3475","Rv0527",-0.29649312563889,1.90169420915385,-1.19390940319179,0.248830550716923,0.58164032242714,-5.77672212185402
"3350","Rv0417",-0.294701838583333,1.75763291046154,-1.19386941834718,0.24884578428418,0.58164032242714,-5.77676760867644
"4466",NA,0.204263097944444,1.44741649146154,1.19344105166275,0.249009029517832,0.58164032242714,-5.77725483879217
"3954","Rv0953c",0.325412361111111,0.925757890769231,1.19313485988186,0.249125765395516,0.58164032242714,-5.77760301524688
"3686","Rv0710",-0.17120803675,1.24444394592308,-1.19311335918414,0.249133964120864,0.58164032242714,-5.7776274612685
"154","Rv1118c",-0.195100801055555,1.66151703515385,-1.19281714832625,0.249246937256972,0.58164032242714,-5.77796421149789
"5131",NA,-0.149840956944444,0.624117083384615,-1.19219788371251,0.249483247295057,0.58164032242714,-5.77866800099245
"4934",NA,-0.2894613825,2.16772794476923,-1.1921846719531,0.249488290731878,0.58164032242714,-5.77868301270111
"2982","Rv0357c",-0.170826853944444,1.23437810346154,-1.1918054941157,0.249633070586817,0.58164032242714,-5.77911378938604
"2685","Rv3354",0.232823196555556,0.964979732923077,1.19171617081047,0.249667185830162,0.58164032242714,-5.77921525107915
"2799","Rv3459c",-0.295409611027778,1.44649890615385,-1.19164863613827,0.249692981698666,0.58164032242714,-5.77929195896817
"3367","Rv0432",0.262683728083333,1.39988546484615,1.19093666536079,0.249965052939467,0.581853134197324,-5.78010041364435
"3365","Rv0430",-0.186765818444445,1.44624764823077,-1.1908414662209,0.250001449264261,0.581853134197324,-5.78020848298658
"1993","Rv2741",-0.230820008611111,1.588161446,-1.19015249809569,0.250264974259489,0.582213655395339,-5.78099037731568
"3783","Rv0078",-0.168644881777777,1.90941853807692,-1.18978312322913,0.25040634430444,0.582289807146116,-5.78140941540038
"1194","Rv2041c",0.316161491305556,1.41570627569231,1.18925058045753,0.2506102701756,0.582511295811455,-5.78201336660266
"970","Rv1842c",-0.277252774194445,1.54772640346154,-1.18865748834892,0.250837530776423,0.58278680752563,-5.78268571778911
"4511",NA,-0.200882997111111,2.50586132984615,-1.18818487851844,0.251018737242816,0.582895637264691,-5.78322128327679
"4805",NA,-0.242874546805556,3.19744396523077,-1.18773113618856,0.251192803233122,0.582895637264691,-5.78373529890101
"1391","Rv2218",-0.259971507527778,1.42575800330769,-1.18768470679199,0.251210619791313,0.582895637264691,-5.78378788644945
"921","Rv1796",-0.236642135694444,1.05140591638462,-1.186825519759,0.251540492839784,0.583191067479331,-5.78476071850378
"1128","Rv1982c",0.296663954472222,0.968471174461538,1.1867863223303,0.251555550002279,0.583191067479331,-5.78480508642305
"1464","Rv2280",0.21912522925,0.838140069538462,1.18511143960039,0.252199573681982,0.584363327630466,-5.78669974553891
"4643",NA,0.315139214805556,1.66771119030769,1.18467308124208,0.252368337268582,0.584363327630466,-5.78719525183919
"2795","Rv3455c",0.288268608805555,1.59977742007692,1.18438852456706,0.252477934642042,0.584363327630466,-5.78751682276911
"1572","Rv2376c",0.256868451722222,1.38509716953846,1.18396453151922,0.252641303156344,0.584363327630466,-5.78799584650358
"5007",NA,-0.188219394527778,1.28841021507692,-1.18362211356987,0.252773298589469,0.584363327630466,-5.78838260165214
"160","Rv1123c",0.225500612527777,1.50847404792308,1.1833911037413,0.252862377937287,0.584363327630466,-5.78864346987742
"3171","Rv3794",-0.2155472745,1.05579907830769,-1.18321911601848,0.252928713334324,0.584363327630466,-5.78883765936153
"1832","Rv2598",0.199473020833333,1.83070375723077,1.18320701645044,0.252933380616172,0.584363327630466,-5.7888513199557
"2178","Rv2911",0.229613056777777,1.29125350946154,1.18228324524768,0.253289908745583,0.584934903436591,-5.78989392304957
"4183",NA,-0.249732816916667,2.02134693707692,-1.18079753409497,0.253864116410363,0.585996188577054,-5.79156930936249
"2447","Rv3143",-0.272802777972222,1.32539174607692,-1.1804687714041,0.253991312136534,0.585996188577054,-5.79193980332514
"5117",NA,0.213042420805555,1.01107316946154,1.1802461968931,0.254077451912887,0.585996188577054,-5.79219058066888
"1770","Rv2541",-0.304130454888889,2.93924171961538,-1.17945628211246,0.254383339955194,0.586096157118862,-5.79308026426639
"2142","Rv2877c",0.294491254527778,1.39131984807692,1.17938979417084,0.254409099599638,0.586096157118862,-5.7931551268696
"1315","Rv2148c",0.275811827388889,1.29347677223077,1.1791868635027,0.25448773393102,0.586096157118862,-5.793383596127
"2635","Rv3310",0.256637564055555,1.34924064123077,1.17900510022363,0.254558181674013,0.586096157118862,-5.79358820587525
"4767",NA,-0.212959902833334,2.13545308261538,-1.17846777620208,0.25476652394499,0.586323988125869,-5.79419291204616
"85","Rv1052",0.187261175333333,1.13941056515385,1.17801026836686,0.254944020078136,0.586480664214082,-5.79470760902631
"3165","Rv3788",0.245292252666667,1.18909357638462,1.17768667059488,0.255069620616331,0.586517874947892,-5.79507155489862
"4514",NA,-0.275373672222222,5.12112281046154,-1.17727383838292,0.255229924459471,0.586624961263822,-5.79553573867767
"4036",NA,-0.245771365166666,1.49743031184615,-1.17700313405362,0.255335081087406,0.586624961263822,-5.79584004074484
"3143","Rv3769",0.228376363666666,1.85538905730769,1.17445804432922,0.256325340473323,0.58819184828405,-5.79869811069087
"3772","Rv0077c",-0.160906169722222,0.817630576461538,-1.17442205436213,0.256339364485556,0.58819184828405,-5.7987384889304
"527","Rv1443c",0.220593979027778,1.00285983130769,1.17414398553914,0.256447737605119,0.58819184828405,-5.79905042747944
"984","Rv1854c",-0.178010122055556,1.03346864869231,-1.17401312708335,0.256498749703919,0.58819184828405,-5.79919720329089
"3278","Rv3889c",0.261537153027777,1.41675616761538,1.1738412268875,0.256565772628379,0.58819184828405,-5.79938999201964
"3610","Rv0643c",0.213416213444444,0.944253048230769,1.17303305321606,0.256881052598466,0.588662865296186,-5.80029605078517
"4601",NA,0.166217965333333,0.702381203,1.17222546342459,0.257196397408564,0.589133628252096,-5.80120092680801
"846","Rv1725c",0.347922169888889,1.62292217153846,1.17174218193939,0.257385247397998,0.589314363969786,-5.80174217417726
"3943","Rv0943c",0.268525418777778,1.157981518,1.1698170270606,0.258138573080484,0.590786828228605,-5.80389635848958
"1443","Rv2259",0.322557169694444,1.19841585753846,1.16857498072893,0.258625477198919,0.591483839079698,-5.80528457287316
"1177","Rv2025c",0.267846865916667,1.21886032638462,1.16819779248436,0.258773478861778,0.591483839079698,-5.80570590222764
"5354",NA,0.237940293972222,0.842136986076923,1.16817718709582,0.258781565875365,0.591483839079698,-5.8057289156735
"2043","Rv0274",0.186378937055556,1.60959318130769,1.16791487839729,0.258884531059883,0.591483839079698,-5.80602184908941
"3755","Rv0773c",0.279446655305555,1.27540745430769,1.16756889097542,0.259020390319458,0.591542092932379,-5.80640814540998
"2203","Rv2933",-0.28809491225,1.43298603438462,-1.1671331392235,0.259191574002836,0.591680935543101,-5.80689452576998
"4461",NA,-0.192038102305557,2.27163235130769,-1.1661131011731,0.259592626547078,0.592344179775368,-5.80803247623956
"925","Rv1800",0.231512660611111,0.809470798307692,1.16511677219468,0.259984809115047,0.592896191525268,-5.80914316150769
"2113","Rv2851c",-0.257548789361111,1.25851562323077,-1.16443307439067,0.260254189852445,0.592896191525268,-5.80990486612212
"577","Rv1486c",0.194625107111111,0.885522500769231,1.16353243199271,0.260609369114264,0.592896191525268,-5.81090768810268
"3696","Rv0719",0.357193170833333,1.20463188130769,1.16349241035663,0.260625160607051,0.592896191525268,-5.81095223497337
"2117","Rv2855",-0.212982012472222,1.13527371969231,-1.16347263597168,0.260632963329331,0.592896191525268,-5.81097424476172
"3211","Rv3829c",-0.263933959833334,1.23578779584615,-1.16319127721801,0.260744003012525,0.592896191525268,-5.81128737540046
"4354",NA,-0.248244813888889,3.45624271276923,-1.16287590337396,0.260868509302472,0.592896191525268,-5.81163828573498
"3787","Rv0804",0.305129857083332,2.73939727746154,1.16283815225637,0.260883416050227,0.592896191525268,-5.8116802852502
"1239","Rv0203",0.253020270444444,1.77872125153846,1.16272786410627,0.260926969103661,0.592896191525268,-5.81180297826191
"2407","Rv0306",0.330180372666667,1.77272900684615,1.16269311372347,0.260940693247781,0.592896191525268,-5.81184163520897
"425","Rv1352",-0.254221413861111,1.86937198138462,-1.16160154134921,0.261372070370943,0.593592220384151,-5.81305542000594
"1555","Rv2361c",-0.230563756388889,2.01404492438462,-1.16107754475471,0.26157933865781,0.593592220384151,-5.81363773901383
"3255","Rv3868",0.252808975694444,1.15394446830769,1.1610754890233,0.261580152051691,0.593592220384151,-5.81364002311455
"3873","Rv0880",-0.261333937166667,2.34764400053846,-1.16079790106799,0.261690003128311,0.593592220384151,-5.81394841648532
"5360",NA,0.30025504375,1.20287081969231,1.156375725403,0.263444696645123,0.597235915917477,-5.81885288520142
"2693","Rv3362c",0.27186845336111,2.12226326730769,1.1561884394301,0.263519205437469,0.597235915917477,-5.81906024541218
"1680","Rv2465c",0.274577529666666,1.35192840792308,1.15560169582248,0.263752734752394,0.597512535195618,-5.81970969399472
"1754","Rv2529",0.178355355666667,2.31317897969231,1.15506118561947,0.263968000362051,0.597747563135021,-5.82030771984724
"677","Rv1575",-0.201246393083333,1.20900845176923,-1.15393792948274,0.264415774752811,0.598508679339133,-5.82154973949375
"2347","Rv3056",0.152757490472222,1.20458100846154,1.15323542563169,0.264696110474151,0.598862247756801,-5.82232599690181
"5326",NA,0.170882200916667,1.48880087992308,1.15278784608781,0.264874834449727,0.598862247756801,-5.82282035629889
"2572","Rv0320",-0.218264417611111,2.18400100223077,-1.15268929802059,0.264914198064425,0.598862247756801,-5.82292918238981
"3785","Rv0802c",0.211855605861111,1.37393969784615,1.15237847753142,0.265038379631015,0.598862247756801,-5.82327236781894
"2941","Rv3588c",-0.183131789944444,1.05244219261538,-1.15214767940886,0.265130618269942,0.598862247756801,-5.82352714733104
"3504","Rv0553",0.279791893694444,1.563230785,1.15169455439457,0.265311780104664,0.599019014895113,-5.82402722839065
"1370","Rv2199c",0.266971534944444,1.87413061776923,1.15133472084924,0.265455709675055,0.599091622677176,-5.82442423101052
"1887","Rvnt33",-0.647280057305555,5.01452639,-1.15057100952773,0.26576138017074,0.599529039442409,-5.82526647960523
"2085","Rv2828c",0.248994933388889,2.10423799923077,1.15016363155618,0.265924538515537,0.599615728515287,-5.82571555595604
"805","Rv1690",-0.204630371388889,0.723021189307692,-1.14967391152885,0.2661207749913,0.599615728515287,-5.82625522322892
"2559","Rv3241c",0.248034440138889,1.05508228261538,1.1496373902718,0.266135413831692,0.599615728515287,-5.82629546148776
"3701","Rv0724",-0.205802648277777,2.434152457,-1.14910665262768,0.266348217924126,0.599843045408957,-5.82688009265272
"1633","Rv2427c",0.196536311111111,0.792418347,1.14860685962467,0.266548731102938,0.600042502608881,-5.82743042639092
"5123",NA,-0.154125812,1.92104264776923,-1.14824010974289,0.26669594035875,0.600121847322796,-5.82783413331772
"5337",NA,-0.248646955916667,1.244359087,-1.1476633089346,0.266927584957402,0.600391042959159,-5.82846883526563
"3747","Rv0766c",0.176373025111111,1.079268813,1.14696775710284,0.267207120754248,0.600766810667571,-5.82923384689555
"310","Rv1256c",0.226920257611111,1.62916713138462,1.14653107853464,0.267382729838677,0.600766810667571,-5.82971393117402
"2758","Rv3422c",-0.313113933027778,2.40211208584615,-1.14641134006355,0.267430897435229,0.600766810667571,-5.8298455443509
"3464","Rv0515",-0.217221923222223,2.88433612261538,-1.14595633183399,0.267613994400322,0.600926271464485,-5.83034556964912
"3436","Rv0492c",0.226775089333333,1.02041500376923,1.14504689937982,0.267980234646192,0.601328206076543,-5.83134447057804
"824","Rv1706A",0.299807593611111,2.02996150776923,1.14495474714148,0.268017366477026,0.601328206076543,-5.83144565081775
"4630",NA,0.210011727027778,1.72589757684615,1.14454330490201,0.268183200040384,0.601448515571741,-5.83189731652915
"4190",NA,0.173175794138889,1.85982043515385,1.14324735812037,0.268706038902069,0.602369037438348,-5.83331905161834
"2906","Rv3557c",-0.464351167888889,2.13513095453846,-1.1428813001147,0.268853859981842,0.602448448788743,-5.83372039102354
"202","Rv1160",0.313228892694444,1.70390016761538,1.14239867256958,0.269048846990341,0.602633439142594,-5.83424936732348
"4096",NA,0.268611508666667,1.56303403769231,1.14153642147523,0.269397469474395,0.603067954792759,-5.83519394870998
"4171",NA,0.180525410888889,1.64922800861538,1.14136241501239,0.269467864128481,0.603067954792759,-5.83538449590259
"2405","Rv3107c",0.240060825333334,1.098751845,1.139198993868,0.270344229018545,0.604776739373707,-5.83775149379245
"2041","Rv2786c",0.24126122775,1.19199806107692,1.13774693386608,0.270933626732213,0.605842402705324,-5.83933803753382
"3535","Rv0580c",-0.192692113583333,0.861285399769231,-1.13701675193622,0.271230373179477,0.606114355571271,-5.84013519161485
"3721","Rv0743c",0.255825121444444,1.15554438546154,1.13667421651535,0.271369663386597,0.606114355571271,-5.84050899339995
"3529","Rv0574c",0.256786739083333,1.224570955,1.13661318392131,0.271394487569226,0.606114355571271,-5.84057558688304
"1942","Rv2696c",-0.181365663583333,0.767086726230769,-1.13598223603532,0.271651216421471,0.60630841652784,-5.84126384321629
"4300",NA,0.167075981916667,1.19089376923077,1.13561250565022,0.271801741645809,0.60630841652784,-5.84166700386129
"5036",NA,-0.152239874,1.42895204215385,-1.13538088243038,0.271896072157638,0.60630841652784,-5.84191951273146
"4539",NA,0.155443987333333,1.22240397015385,1.13511215116514,0.272005545836081,0.60630841652784,-5.84221242044211
"3340","Rv0040c",-0.286761353027778,2.22229324669231,-1.13488270950647,0.27209904003249,0.60630841652784,-5.84246245686571
"2322","Rv3033",0.203493668027778,0.969196605461538,1.13473293486603,0.272160083986191,0.60630841652784,-5.84262565198181
"3771","Rv0788",0.26015103475,1.71457656076923,1.13375794946864,0.272557710421727,0.606759619033574,-5.84368754951184
"3913","Rv0917",-0.238643899138889,1.81542521315385,-1.13368121595642,0.272589022879262,0.606759619033574,-5.8437710900134
"2800","Rv3460c",-0.371569869861111,1.57177803761538,-1.1327730134364,0.272959834597456,0.607092158017517,-5.84475949073713
"760","Rv1650",0.150544757611111,1.40385153623077,1.1325382252706,0.273055757827927,0.607092158017517,-5.84501490130324
"1586","Rv2388c",0.221695270444444,1.91026281807692,1.13247598987973,0.273081188447364,0.607092158017517,-5.84508259547537
"1158","Rv2006",-0.228017386416666,1.03367476015385,-1.13192324849968,0.273307127024356,0.607092158017517,-5.84568367893546
"1884","Rv2642",0.150769361305555,1.85226842984615,1.13180267365154,0.273356431700203,0.607092158017517,-5.84581476569781
"3689","Rv0713",-0.220705859444444,1.81113490176923,-1.13165213560124,0.273417998032516,0.607092158017517,-5.84597841110447
"3887","Rv0893c",0.202641806611111,0.815543252,1.13130921102885,0.273558284249871,0.60715213398729,-5.84635112447862
"2321","Rv3032A",0.19630393536111,1.32794067723077,1.13048136668916,0.273897166084203,0.607652653233166,-5.84725048205895
"869","Rv1744c",-0.237728240638889,2.30933545907692,-1.1294645413498,0.27431383579108,0.608116754907563,-5.84835437324343
"4447",NA,-0.264938822944444,1.37559790638462,-1.12941714919107,0.274333267419121,0.608116754907563,-5.84840580258711
"3031","Rv3671c",0.178985732111111,0.930093511153846,1.12696140348413,0.275341569198639,0.608907661772077,-5.85106821188013
"1837","Rv2601A",-0.170972648944445,1.51692758646154,-1.12689812486793,0.275367587067787,0.608907661772077,-5.85113674999826
"3853","Rv0863",-0.20403060225,1.18198296284615,-1.12683061593926,0.275395346303282,0.608907661772077,-5.85120986639652
"549","Rv1463",0.236451334388889,1.59643362215385,1.12612950813599,0.275683760327282,0.608907661772077,-5.85196898778928
"5051",NA,-0.216516410833333,0.740843602769231,-1.1257265783445,0.275849614726891,0.608907661772077,-5.85240507473464
"881","Rv1758",-0.189496550472223,0.994800954692308,-1.12559763144469,0.275902707651738,0.608907661772077,-5.85254460439665
"3856","Rv0866",0.262371189277778,1.39854942807692,1.125534567892,0.275928676364807,0.608907661772077,-5.85261283862266
"3786","Rv0803",-0.213867511666667,1.29393366753846,-1.12528077562404,0.276033202933661,0.608907661772077,-5.85288740650729
"3172","Rv3795",0.253303110527778,1.08423746715385,1.12508453807551,0.276114045257427,0.608907661772077,-5.85309967175648
"175","Rv1138c",0.222591362972222,1.24564229607692,1.12494314844832,0.276172303250441,0.608907661772077,-5.85325258967868
"4868",NA,-0.169475137916666,2.06839312661538,-1.12484816171316,0.276211446586538,0.608907661772077,-5.85335531195178
"1023","Rv1888A",0.201237943638888,1.70815459061538,1.1244200421221,0.276387922686128,0.608907661772077,-5.85381820434026
"2293","Rv3010c",0.255135460166666,1.64940113115385,1.12441578107105,0.276389679564067,0.608907661772077,-5.85382281072251
"2421","Rv3121",0.160427053861111,1.02267348869231,1.12417794287702,0.276487756007711,0.608907661772077,-5.85407990042449
"4023",NA,0.188820132166667,0.900826400461539,1.12398474518245,0.276567443243028,0.608907661772077,-5.85428870187724
"834","Rv1715",-0.260932227805555,1.31907566776923,-1.12386525055297,0.27661673910116,0.608907661772077,-5.854417832153
"4069",NA,-0.167977018777777,1.17129768876923,-1.12385420083648,0.276621297838621,0.608907661772077,-5.85442977228596
"2869","Rv3525c",-0.239818372166666,1.29321172869231,-1.12284527257043,0.277037782531028,0.609232069383839,-5.85551957776887
"1450","Rv2266",-0.220865673888889,1.524205866,-1.12279650028595,0.2770579274775,0.609232069383839,-5.85557223840633
"2511","Rv3200c",-0.180286812944444,1.18616269707692,-1.12262505486886,0.277128750071181,0.609232069383839,-5.8557573366512
"1162","Rv0196",0.225942939,1.28314312769231,1.12239616330802,0.277223324109549,0.609232069383839,-5.85600441783045
"2092","Rv2833c",-0.137751516805556,0.811927761538462,-1.12188414118764,0.277434969537302,0.609320077853272,-5.85655697272192
"1560","Rv2365c",-0.230317157305555,1.33055738707692,-1.12174929247123,0.277490729485044,0.609320077853272,-5.8567024603067
"4861",NA,-0.295519073194444,1.58489015415385,-1.12014908703305,0.278153049474711,0.610154560099336,-5.85842776605768
"3103","Rv3731",0.315852447194444,1.17122809707692,1.12004048919132,0.278198040230222,0.610154560099336,-5.85854477709911
"3746","Rv0765c",-0.255494963416667,0.937091698230769,-1.11974128898609,0.278322023127676,0.610154560099336,-5.85886710622835
"668","Rv1566c",0.175638888111111,1.45522790230769,1.11973145065282,0.278326100642328,0.610154560099336,-5.85887770383192
"1329","Rv2159c",0.204976302611111,1.89541675253846,1.11932239154275,0.278495675127145,0.610276704285159,-5.8593182610748
"2672","Rv0329c",0.190169457972222,1.47343525984615,1.11838418205249,0.278884896946247,0.610879872346499,-5.86032819110672
"137","Rv1100",-0.170758699527778,1.96489306653846,-1.11802384918306,0.279034490303372,0.610957870925683,-5.8607158756673
"2404","Rv3106",0.333234262472222,1.068447487,1.11735179926714,0.279313652859716,0.611319387230739,-5.86143865152885
"3540","Rv0006",-0.130331335305556,1.94738624876923,-1.1165264496737,0.279656777539922,0.611768977537828,-5.86232578638642
"860","Rv1736c",0.230941231166666,1.76897212930769,1.11630872685104,0.27974734401963,0.611768977537828,-5.86255971379132
"3537","Rv0582",0.199746777388889,1.427391373,1.11561213976908,0.280037250274305,0.61193279732655,-5.86330788236669
"3233","Rv3848",0.246793180944444,1.36385693507692,1.1151520465595,0.280228854230471,0.61193279732655,-5.86380182449985
"623","Rv1525",-0.168645497444444,1.01804116584615,-1.11509615054266,0.280252138510032,0.61193279732655,-5.86386182082038
"4626",NA,0.271345042111111,1.72994324692308,1.11437589680361,0.280552298557346,0.61193279732655,-5.86463467777582
"5141",NA,0.144720753,0.997803345538462,1.11417718287416,0.280635152872966,0.61193279732655,-5.86484782895132
"3058","Rv0364",0.178034630083333,0.980785149153846,1.11412243971337,0.280657981364105,0.61193279732655,-5.86490654363855
"2691","Rv3360",0.158243025388888,2.11648091823077,1.11385055111875,0.28077138221317,0.61193279732655,-5.86519812049076
"2567","Rv3248c",-0.390010582944445,1.68549337084615,-1.1136928784659,0.280837160752625,0.61193279732655,-5.86536718260881
"2181","Rv2914c",-0.228504702722223,1.33823252007692,-1.1136626952896,0.280849753996887,0.61193279732655,-5.8653995437125
"1054","Rv1916",-0.165333373805556,0.970667388769231,-1.1132822998471,0.281008501160317,0.612029892815644,-5.8658073225927
"3499","Rv0548c",-0.2205419695,1.20366717153846,-1.11230996882237,0.281414577348308,0.612406380624514,-5.86684910314163
"3427","Rv0485",0.218376273472222,1.08550749869231,1.11213006260719,0.281489759419414,0.612406380624514,-5.86704177332223
"5136",NA,-0.283708347666667,1.52245750553846,-1.11204783435879,0.281524127212463,0.612406380624514,-5.86712982654907
"1536","Rv2341",-0.353984371666667,2.00716016753846,-1.11162416647778,0.281701250932038,0.612509283719928,-5.86758341777683
"787","Rv1674c",0.224685702694444,1.17424342807692,1.11124478400222,0.281859930058669,0.612509283719928,-5.86798946934093
"5343",NA,0.172049317833333,0.775825585692308,1.11101924530612,0.281954294354292,0.612509283719928,-5.86823080589849
"1835","Rv2600",-0.191198295472222,0.774587915538462,-1.11043581702047,0.282198506228208,0.612509283719928,-5.86885490453556
"4624",NA,-0.202018591305556,1.456543806,-1.1102509544959,0.282275918727028,0.612509283719928,-5.86905259473292
"17","Rv0989c",-0.242539056638889,1.20659983215385,-1.10947554742531,0.282600796881373,0.612509283719928,-5.8698814984136
"3324","Rv0394c",-0.172923275944445,1.10352238238462,-1.10945810882258,0.282608106438486,0.612509283719928,-5.86990013439309
"2792","Rv3452",-0.26171019,1.99336145930769,-1.10943083808508,0.282619537508852,0.612509283719928,-5.86992927709923
"2617","Rv3293",0.251060688555555,1.37717258592308,1.10921470295899,0.282710146911393,0.612509283719928,-5.87016022672606
"4915",NA,0.274973982694444,0.915768782153846,1.10920510023009,0.282714173119982,0.612509283719928,-5.87017048675234
"4788",NA,-0.160050666805556,1.02177215146154,-1.10832949032263,0.283081474677626,0.613057254251344,-5.87110570934544
"1507","Rv2314c",-0.204572965611111,1.20913882076923,-1.10745366383166,0.283449219394087,0.613605741499315,-5.87204052595906
"4736",NA,0.28271277236111,1.78252712576923,1.10661499209622,0.283801693792306,0.614120742320049,-5.87293508770444
"3164","Rv0374c",-0.306809420277777,1.35807442376923,-1.10619526000193,0.283978218886879,0.614254743032151,-5.87338257162617
"1708","Rv2490a",-0.281853095472223,2.02884797815385,-1.10566667044275,0.284200640948256,0.614487872320554,-5.87394590200559
"1607","Rv2403c",0.213477750472222,1.53565501753846,1.10446892146605,0.284705109950139,0.614669632348225,-5.87522151133933
"2521","Rv3208",0.258666205222222,0.990368375615385,1.10444131367092,0.284716745604401,0.614669632348225,-5.87525089972082
"2886","Rv3539",-0.165904172527778,1.08865856492308,-1.10442184110553,0.284724952774055,0.614669632348225,-5.87527162780307
"4576",NA,-0.188202095972222,0.866728214,-1.10437804183458,0.284743413641911,0.614669632348225,-5.8753182499311
"667","Rv1565c",-0.155725521027778,1.57345606315385,-1.10321722952471,0.28523300370707,0.615478623136028,-5.87655329449162
"5100",NA,0.228132323638889,1.32625086476923,1.1023331571677,0.285606290382467,0.616036103199205,-5.87749314941169
"800","Rv1686c",-0.217614526833334,2.11458854461538,-1.10205429223055,0.285724111656533,0.616042332453346,-5.87778947492516
"529","Rv1445c",-0.209535242472222,1.25949414207692,-1.10138393721533,0.286007485097001,0.616189479102005,-5.87850153786135
"1513","Rv2320c",0.228472757166667,0.963968749769231,1.10134895005839,0.286022280598095,0.616189479102005,-5.87853869155742
"729","Rv1623c",-0.187078647361111,1.70208500261538,-1.10056095854473,0.286355658699285,0.616614774506948,-5.87937520833708
"2961","Rv3607c",0.17935434925,1.02297195438462,1.10033862452599,0.286449773978041,0.616614774506948,-5.87961114029223
"193","Rv1154c",0.163062823055555,0.797492722230769,1.09942415769485,0.28683711244855,0.616997129376609,-5.88058110256665
"1154","Rv2002",-0.218370794555556,1.22396941915385,-1.09918913929063,0.286936720827718,0.616997129376609,-5.88083027070541
"1122","Rv1976c",-0.160571381361111,1.12755737976923,-1.09910418842861,0.286972732002964,0.616997129376609,-5.88092032486396
"621","Rv1523",-0.221982852027778,1.76237604623077,-1.09849505467046,0.287231044804768,0.617089107343682,-5.88156587512282
"508","Rv0139",0.271357118416667,1.39962062769231,1.09846034489104,0.2872457691833,0.617089107343682,-5.88160265067462
"2350","Rv3059",-0.164800373138889,1.02503635923077,-1.09732822779051,0.287726333582171,0.61787385737197,-5.88280159534538
"3282","Rv3893c",-0.234568819027778,1.68814598346154,-1.0967227346475,0.287983597529756,0.618178647480775,-5.88344239108058
"2438","Rv3136",0.271002369361111,1.39341014769231,1.09526131685275,0.288605225854201,0.619076254986804,-5.88498775437134
"3948","Rv0947c",0.175457858805555,1.08206122807692,1.09505263949113,0.28869406915662,0.619076254986804,-5.88520827288514
"2399","Rv3101c",-0.172752945222222,0.959042470153846,-1.09492539367379,0.288748253258771,0.619076254986804,-5.88534272126598
"1537","Rv2342",-0.208627832333333,1.88377881384615,-1.09450285652473,0.2889282325558,0.619214444821706,-5.88578907848797
"480","Rv1400c",0.215677362805555,1.27680360207692,1.09419670272139,0.28905868992834,0.619246434059113,-5.88611239819203
"2751","Rv3415c",-0.209279459361112,1.26515305169231,-1.09330834155155,0.289437480589433,0.619803085836396,-5.88705012600783
"3090","Rv3721c",0.213240433444444,1.46606239338462,1.09304496493505,0.289549852418576,0.619803085836396,-5.8873280118274
"769","Rv1658",0.249141588805555,1.34909972815385,1.09277414189785,0.289665434705256,0.619803085836396,-5.88761369381824
"1652","Rv2442c",0.222126932055555,1.61876609023077,1.09203482915413,0.28998113210329,0.620230992846622,-5.88839325745093
"3592","Rv0632c",-0.229092995972223,1.37281070038462,-1.09122428293536,0.290327537172859,0.620515404779507,-5.88924740751428
"612","Rv1515c",-0.185911615111111,0.994900650769231,-1.09118194191101,0.290345640893097,0.620515404779507,-5.88929201119843
"2670","Rv3341",0.164831412666667,0.999792609923077,1.09011689506966,0.290801294471684,0.621149743715256,-5.89041347966089
"4178",NA,-0.160931948055556,1.45202962792308,-1.08904604732556,0.291259957981454,0.621149743715256,-5.89154009930114
"1715","Rv2496c",0.1978310505,0.804029319538462,1.08899262727249,0.291282852630445,0.621149743715256,-5.89159627644049
"4147",NA,-0.224549778027778,1.67132303861538,-1.08866162392379,0.291424742711771,0.621149743715256,-5.89194431008347
"368","Rv1306",0.166396505333333,1.69394082261538,1.08864311650508,0.291432677718363,0.621149743715256,-5.89196376701047
"2107","Rv2846c",0.289986225638889,0.933072384923077,1.08819865368832,0.291623287508171,0.621149743715256,-5.89243094648148
"3402","Rv0463",0.207105360361111,3.55798128484615,1.08800061006792,0.291708248764302,0.621149743715256,-5.8926390589024
"3414","Rv0473",-0.171744530916667,0.830920855384615,-1.08796981333468,0.291721462275638,0.621149743715256,-5.89267141843121
"4877",NA,-0.137485831805556,1.82061858130769,-1.08759181484444,0.29188368035545,0.621149743715256,-5.89306853392987
"5190",NA,0.150031388888888,3.19968705861538,1.08741871958716,0.291957986240576,0.621149743715256,-5.8932503434061
"3343","Rv0410c",-0.134515155,0.881388096461538,-1.08702960451169,0.29212507511119,0.621149743715256,-5.89365895625692
"3921","Rv0923c",0.24631430375,1.32437046346154,1.08686179735775,0.292197154333951,0.621149743715256,-5.89383513274078
"517","Rv1434",-0.2581535025,2.09269178092308,-1.08674964477435,0.292245335169034,0.621149743715256,-5.89395286574536
"3260","Rv3873",-0.181035291111111,1.17410736738462,-1.08670419808781,0.292264860755574,0.621149743715256,-5.89400057074016
"1557","Rv2363",-0.238075143638889,1.68963496546154,-1.08523252703472,0.292897661493254,0.621705528532389,-5.89554443552789
"402","Rv1332",-0.212218481027778,1.37231637538462,-1.08506926786493,0.292967922671973,0.621705528532389,-5.89571559160045
"2536","Rv3221c",-0.146820780277778,0.956395589923077,-1.0850487066186,0.292976772405131,0.621705528532389,-5.89573714581688
"998","Rv1866",-0.245815889305555,1.19556978369231,-1.08454748457683,0.293192563061882,0.621705528532389,-5.89626246386554
"4338",NA,-0.13313112775,1.07300297992308,-1.08431981531235,0.293290619675294,0.621705528532389,-5.8965010086367
"4054",NA,-0.149672938972222,1.10914015676923,-1.08378769546697,0.293519895945222,0.621705528532389,-5.89705837769909
"1498","Rv2308",0.240227167138889,1.04760661246154,1.08367561658255,0.293568204452604,0.621705528532389,-5.8971757444711
"782","Rv1670",0.205503222361111,0.880081256384615,1.08366628914642,0.293572225048269,0.621705528532389,-5.89718551150115
"3295","Rv3905c",0.212804592166667,2.11040643361538,1.08352318681618,0.293633914420045,0.621705528532389,-5.89733534896924
"2381","Rv3087",-0.191698934527778,1.37765528276923,-1.08339821406959,0.293687796137373,0.621705528532389,-5.89746618952768
"86","Rvnt17",0.606190810222222,1.06169490992308,1.08263119503916,0.294018652948806,0.621705528532389,-5.89826893515502
"1360","Rv2190c",0.264670414555556,0.900140698923077,1.08247281373794,0.294087005286541,0.621705528532389,-5.89843463212057
"1465","Rv2281",-0.163907249,0.758351501692308,-1.08246672801559,0.294089631922568,0.621705528532389,-5.89844099852364
"5162",NA,0.232485337694444,1.86031901838462,1.08230805390493,0.294158122715973,0.621705528532389,-5.89860697990062
"2094","Rv2835c",0.226855352583333,1.14916949138462,1.08157906444267,0.294472936698743,0.621705528532389,-5.89936926921647
"1328","Rv0020c",0.210834912166667,1.216256273,1.08145755866031,0.294525432868975,0.621705528532389,-5.89949628193964
"5252",NA,0.145978834527777,1.83630002930769,1.08144807733758,0.294529529530474,0.621705528532389,-5.89950619245785
"5000",NA,-0.191938323111112,1.33018979146154,-1.08125216738702,0.294614187028408,0.621705528532389,-5.89971095386249
"4267",NA,0.233421303611111,1.59241401153846,1.08076400715174,0.294825210347806,0.621905992705328,-5.90022102957131
"2500","Rv3193c",-0.207842116666667,0.898293167846154,-1.08048880111936,0.294944225842868,0.621912293673396,-5.9005085024891
"4260",NA,-0.213447441944444,3.48267681753846,-1.07758531849261,0.296202002113697,0.624192170967498,-5.9035375259896
"232","Rv0115",0.170379491472222,1.16817084630769,1.07745539966894,0.296258373683081,0.624192170967498,-5.90367289661017
"1959","Rv2711",-0.223506256416667,1.37049315015385,-1.07694309855394,0.296480736552418,0.624242342552846,-5.90420655712493
"437","Rv1363c",0.144241537555556,1.403140297,1.07664217870394,0.296611406682122,0.624242342552846,-5.90451992033199
"111","Rv0009",-0.153183271083333,1.80049264084615,-1.07654057098155,0.296655537857157,0.624242342552846,-5.90462571244023
"604","Rv1508A",0.175235869611111,1.232596882,1.07622706712075,0.296791731820601,0.624242342552846,-5.90495207220522
"2964","Rv3610c",0.235903318111111,1.00923702576923,1.07605960077333,0.296864502083433,0.624242342552846,-5.90512637199032
"3539","Rv0058",-0.134585079,1.52287146653846,-1.0752774680269,0.297204539576637,0.624502130306944,-5.90594010706258
"4895",NA,0.180431942111111,0.713258107461539,1.07523946275007,0.297221069853174,0.624502130306944,-5.90597963483946
"4501",NA,-0.15397967613889,2.250456486,-1.07454085247832,0.297525047523027,0.624755900912671,-5.90670601502171
"3705","Rv0728c",-0.211511888583333,1.86054219276923,-1.07442617925944,0.297574965490681,0.624755900912671,-5.90682520727184
"2737","Rv3403c",-0.241152746555555,1.07024272553846,-1.07257975636904,0.298379564681249,0.62586668582407,-5.9087428692096
"2433","Rv3131",-0.166247470444445,1.02726165938462,-1.072491359032,0.298418124471078,0.62586668582407,-5.90883460507859
"4422",NA,0.206929441944445,1.37707669992308,1.07240834916647,0.298454337493717,0.62586668582407,-5.90892074401169
"5070",NA,0.185683894361111,1.03823772215385,1.07152212056036,0.298841153686923,0.626432766430154,-5.90984001722047
"262","Rv1214c",-0.237422982972222,2.10902706230769,-1.07103886399234,0.299052236430506,0.626630174850473,-5.91034101397981
"977","Rv1848",0.195339457944444,1.62883483384615,1.07058113617503,0.299252268373698,0.626804282330215,-5.91081536329269
"1877","Rv2637",-0.218437025083333,2.228302597,-1.07008751776823,0.299468093886662,0.627011321575199,-5.91132670852174
"4144",NA,-0.164244866027778,1.35972473907692,-1.06940718175916,0.299765743622142,0.627389451704289,-5.91203113998405
"548","Rv1462",0.236630466583333,1.533595874,1.06849664833424,0.300164441972486,0.627978692026746,-5.91297331081314
"3159","Rv3783",0.175951277888889,1.47398330715385,1.06759000819761,0.300561818153588,0.628564707492482,-5.91391075798528
"3440","Rv0049",-0.203003459972222,1.96586131684615,-1.0671369014134,0.300760555865873,0.628735015382636,-5.91437900102743
"4057",NA,0.199893391361111,1.51984263623077,1.06605084791776,0.301237299435971,0.62940302030962,-5.91550062900628
"2730","Rv3396c",-0.214259963777778,1.51933566492308,-1.06580235831584,0.301346455662481,0.62940302030962,-5.91575711804246
"3548","Rv0592",0.265647028138889,0.966612029769231,1.06549910891539,0.301479705590357,0.62940302030962,-5.91607005905438
"3052","Rv3688c",-0.194415317722223,1.55043454253846,-1.06498759243423,0.301704566399121,0.62940302030962,-5.91659774715992
"1445","Rv2261c",-0.132559512583333,1.070186194,-1.06475953544119,0.301804858634876,0.62940302030962,-5.91683294293654
"2636","Rv3311",-0.205966212638889,1.35059780638462,-1.06465971970565,0.301848762037775,0.62940302030962,-5.91693586934025
"3387","Rv0450c",-0.156262251666667,1.06640287315385,-1.06417208247289,0.302063313182856,0.62940302030962,-5.91743858231035
"4111",NA,-0.218805433861112,2.99055213376923,-1.06403055118219,0.3021256049695,0.62940302030962,-5.91758445153742
"3618","Rv0650",0.257416858,1.54881912492308,1.06390132505617,0.302182489051051,0.62940302030962,-5.91771762365949
"1115","Rv1970",-0.189373058222222,1.11701866507692,-1.06348607478912,0.302365330736033,0.62940302030962,-5.91814545827981
"790","Rv1677",0.1796005135,1.08878544753846,1.06347141578135,0.302371786809192,0.62940302030962,-5.91816055887191
"907","Rv1782",-0.173798588777778,1.47541927607692,-1.062265399895,0.302903278767156,0.629869096384592,-5.91940228210438
"556","Rv1468c",-0.238214228194445,1.98413273715385,-1.06220365137127,0.302930509584729,0.629869096384592,-5.91946582575869
"1985","Rv2735c",-0.157372017416667,1.15768211153846,-1.06198687936745,0.30302611909233,0.629869096384592,-5.91968887414558
"1364","Rv2193",0.140888231722222,0.818131789076923,1.06189704879639,0.303065746189526,0.629869096384592,-5.91978129400854
"449","Rv1373",0.318148781222222,1.19249146953846,1.06090757195683,0.303502484029899,0.630431041547082,-5.92079883995385
"893","Rv1770",-0.164872418722222,0.780402888769231,-1.06075160804422,0.303571365341981,0.630431041547082,-5.92095915261186
"1470","Rv0224c",-0.235219491361111,1.268059132,-1.06033591810941,0.303755009687599,0.630568106865039,-5.92138633268507
"5015",NA,0.200653855416666,0.818832087846154,1.0598308063699,0.303978267197646,0.630787267587837,-5.92190520944509
"129","Rv1093",0.146266576416667,1.06002050623077,1.05873245407359,0.304464144663855,0.631458633142325,-5.92303274788979
"1327","Rv0211",-0.232934505083333,0.815662145076923,-1.05828100836076,0.304664013279755,0.631458633142325,-5.92349589347002
"803","Rv1689",0.150341994916667,0.859300077307692,1.05781782816124,0.304869175719652,0.631458633142325,-5.92397089822993
"4847",NA,0.176013747055556,1.90586611353846,1.05779708867877,0.304878364465186,0.631458633142325,-5.92399216292097
"2998","Rv3642c",-0.345097417527778,2.945596205,-1.05776891454772,0.304890847494839,0.631458633142325,-5.92402104995255
"1059","Rv1921c",-0.198172304527778,0.888967924923077,-1.05704493421668,0.30521174611664,0.631494549026773,-5.92476311873176
"2131","Rv2867c",-0.182741592388889,1.14588119738462,-1.05696650212141,0.30524652518286,0.631494549026773,-5.92484348376618
"4151",NA,-0.146091043055556,0.724149462615385,-1.05651462117862,0.305446958101406,0.631494549026773,-5.92530639965162
"2812","Rv3471c",0.17832014875,1.25015413992308,1.05647222595505,0.305465767488102,0.631494549026773,-5.92534982128701
"1268","Rv2107",0.18129439575,1.433029329,1.05620128988476,0.305585992810987,0.631494549026773,-5.92562728088939
"732","Rv1625c",-0.188850081083334,1.58990987492308,-1.05604999894277,0.305653141614275,0.631494549026773,-5.92578218750205
"3901","Rv0906",0.154721741638889,0.781740356153846,1.05569741516267,0.305809673382562,0.631494549026773,-5.92614312229995
"3372","Rv0437c",0.258042207583333,1.311046079,1.05560498446358,0.305850718148041,0.631494549026773,-5.92623772480136
"2692","Rv3361c",0.153058048111111,1.42021798807692,1.05524454956605,0.3060108108458,0.63158180444108,-5.92660655947072
"5103",NA,-0.146085101000001,2.19013433384615,-1.05439094824432,0.306390192386209,0.631891630540603,-5.92747961415166
"1417","Rv2237",-0.212171959472222,1.21150761161538,-1.0542053311561,0.30647273449849,0.631891630540603,-5.92766937959667
"4722",NA,-0.19634900825,1.22769275946154,-1.05389570786193,0.306610456689283,0.631891630540603,-5.92798585761915
"2783","Rv0339c",0.199300007555555,0.912789793307692,1.05369793302766,0.306698451434698,0.631891630540603,-5.92818796840576
"1377","Rv2205c",-0.173750815694445,1.801589902,-1.05358124479974,0.306750377363181,0.631891630540603,-5.92830719930153
"183","Rv1145",0.265122116777778,1.11191070184615,1.05237402146929,0.307287960750113,0.632750485697743,-5.92954005015811
"3158","Rv3782",0.173983752611111,0.998544732769231,1.05204695559367,0.307433721990779,0.632750485697743,-5.92987384616745
"1422","Rv2241",-0.145376013444445,0.766943176615385,-1.05185014321533,0.307521458067653,0.632750485697743,-5.9300746646441
"1644","Rv2436",0.226338970333334,1.21715939223077,1.05052839463287,0.308111142144472,0.633720537948722,-5.93142246504195
"1615","Rv2410c",0.182406120472222,1.05888943907692,1.05016337899836,0.308274133539015,0.633812564545118,-5.93179441368463
"833","Rv1714",-0.1491687915,0.700438000692308,-1.04735259182508,0.309531323626096,0.635966035185136,-5.93465479490006
"1469","Rv2285",0.319804105111111,1.557313687,1.0472911621618,0.309558840633959,0.635966035185136,-5.93471723343213
"5057",NA,-0.195511465055555,3.35947225230769,-1.04659515801821,0.309870734054066,0.63612574132306,-5.9354244439475
"3709","Rv0731c",0.160586130638889,0.961230223769231,1.04636169181423,0.309975405580237,0.63612574132306,-5.93566157689134
"83","Rv1050",-0.227534297666667,1.21225458346154,-1.04621387579045,0.310041690118033,0.63612574132306,-5.93581169048655
"87","Rv1056",0.239702450472222,1.04058338507692,1.04585144030081,0.310204258748116,0.63612574132306,-5.93617968079476
"3120","Rv3747",0.213694712916667,2.00325204530769,1.04579411114627,0.310229979070612,0.63612574132306,-5.9362378783577
"1912","Rv2668",0.258261653694444,2.03212477623077,1.04552131481965,0.310352388245266,0.636133384701578,-5.93651476861716
"981","Rv1852",0.27176465025,1.98090071261538,1.04507469973296,0.310552868372112,0.636300984126345,-5.93696794945219
"3830","Rv0841",-0.150641512388889,1.53900815369231,-1.04473107389408,0.310707181253055,0.636373898172095,-5.93731651140573
"2132","Rv0281",-0.212751189388889,1.10426407353846,-1.04369793478112,0.311171467575512,0.636387631912424,-5.93836388582132
"88","Rv0102",-0.157788346611111,1.16459726938462,-1.04369387804897,0.311173291628193,0.636387631912424,-5.93836799665838
"3726","Rv0748",-0.168834286916667,1.12347647769231,-1.04353145095642,0.311246331004983,0.636387631912424,-5.93853257853636
"4467",NA,0.1451502955,1.89431925861538,1.04335771807222,0.311324467948474,0.636387631912424,-5.93870859131912
"461","Rv1383",-0.176468063972222,1.37247245561538,-1.04325502986899,0.311370658938016,0.636387631912424,-5.93881261501184
"2629","Rv3304",0.220937458777778,2.02175852123077,1.04248239130834,0.311718363506163,0.636387631912424,-5.9395950138876
"520","Rv1436",-0.180678907805556,0.881897339538461,-1.04230710917533,0.311797283174226,0.636387631912424,-5.93977243948147
"4809",NA,-0.167012071833334,1.92267169346154,-1.04214799358603,0.311868936385334,0.636387631912424,-5.93993347816729
"248","Rv1201c",0.221796591694444,1.09977148430769,1.04213282318924,0.311875768562534,0.636387631912424,-5.93994883078939
"1714","Rv2495c",0.202488518583333,0.893430234769231,1.0420764074017,0.311901177058571,0.636387631912424,-5.94000592251701
"861","Rv0170",-0.230866390361111,1.06838217130769,-1.04101889687367,0.312377732931991,0.63711744616266,-5.94107560150458
"385","Rv1318c",-0.250807710444444,1.00611600376923,-1.04016947509579,0.312760894215505,0.637656292504796,-5.94193410689109
"128","RVnc0034",-0.365905519861111,1.55454897569231,-1.03933406666332,0.313138063153646,0.637771216411401,-5.94277784891672
"1683","Rv2468c",0.272692291138889,1.50065322053846,1.03932853288876,0.313140562621237,0.637771216411401,-5.94278343590862
"79","Rv1045",-0.128011295611111,1.23002194784615,-1.0390971509284,0.31324508487717,0.637771216411401,-5.94301701964668
"2776","Rv3437",-0.178641155333334,2.852554734,-1.03874141561351,0.313405830127776,0.637771216411401,-5.94337605096461
"2260","Rv2980",-0.262278152166667,1.52050356723077,-1.03867976870469,0.313433692379671,0.637771216411401,-5.94343825807537
"730","Rv0158",0.222815994388889,1.51005442438462,1.03846408984157,0.313531185679858,0.637771216411401,-5.94365587135143
"737","Rv1630",-0.207221933277778,1.12106932307692,-1.03803654557021,0.313724512760148,0.637922377994839,-5.94408713290792
"1687","Rv2471",0.225543485166666,1.08942205223077,1.03702559090754,0.314181986433224,0.638610332681866,-5.94510625669971
"1943","Rv0265c",-0.219100134361111,1.39670189484615,-1.0365909244694,0.314378827067093,0.638667861821354,-5.9455441672851
"2134","Rv2869c",-0.282278549416667,1.26899513261538,-1.03643690120985,0.314448598385551,0.638667861821354,-5.94569930139064
"2428","Rv3128c",-0.170123747138889,1.60520705846154,-1.03557161609496,0.314840771925106,0.639071594310185,-5.94657045048454
"2135","Rv2870c",-0.193334162222222,1.24240071230769,-1.03501120302479,0.315094955012268,0.639071594310185,-5.94713432019116
"5345",NA,-0.149662141361111,2.30427085953846,-1.03499568822534,0.315101994053451,0.639071594310185,-5.94714992686913
"1056","Rv1918c",-0.160218983666667,1.34192378815385,-1.03494653513957,0.315124295477951,0.639071594310185,-5.94719936968117
"2746","Rv3411c",0.194217398472222,1.41281552069231,1.03454337417604,0.315307257746818,0.639200794827135,-5.94760482911454
"1270","Rv2109c",-0.156517579194444,1.05041772669231,-1.03412359982248,0.315497840290367,0.639345339870083,-5.9480268490505
"2270","Rv2989",-0.194387114027777,1.11538548292308,-1.03380040884572,0.315644628998305,0.639401062521132,-5.94835166632445
"271","Rv1222",-0.189714136305556,1.78496798384615,-1.03328221629111,0.315880086616389,0.639636291750602,-5.94887228007625
"1892","Rv2647",0.214367841333333,1.86963209653846,1.03229953688749,0.316326943962328,0.639863082405509,-5.94985892043028
"3914","Rv0088",-0.141094599166667,1.10431012315385,-1.03221091548575,0.3163672653046,0.639863082405509,-5.94994785844928
"4870",NA,-0.17667424975,0.798362901615385,-1.0320340732195,0.316447736735464,0.639863082405509,-5.95012531244301
"2073","Rv2817c",-0.181494739111111,0.870772842,-1.03179287851907,0.316557515100706,0.639863082405509,-5.95036729835519
"2937","Rv3585",0.177494207527777,1.34219003346154,1.03172377350903,0.31658897286183,0.639863082405509,-5.95043662088505
"343","Rv0124",-0.202404551277778,2.23232295969231,-1.03119360132876,0.316830390491537,0.640109646827983,-5.95096832596985
"4421",NA,0.213220207472222,1.61756162853846,1.03077571473475,0.317020770805603,0.640252950835732,-5.95138725132812
"3852","Rv0862c",0.132750948111111,1.87309026453846,1.02984013910325,0.317447295688273,0.640765125859436,-5.95232461074289
"3621","Rv0653c",-0.201636685694445,1.40847655969231,-1.02969507747065,0.317513465351243,0.640765125859436,-5.95246988186355
"2986","Rv3630",0.222447583944444,0.848381169,1.02857415406348,0.31802510521282,0.641445619296297,-5.95359181654281
"135","Rv1098c",0.235655570305555,1.04155520930769,1.02843204880474,0.31809001046447,0.641445619296297,-5.95373397315795
"4457",NA,-0.161628457166666,1.46696093430769,-1.0281333504638,0.318226468974042,0.641479456074038,-5.95403272306192
"3718","Rv0739",0.188933385805556,1.56810980007692,1.02756719047101,0.318485230353405,0.641759712291071,-5.95459877107429
"3775","Rv0791c",-0.207051994666667,1.23118796338462,-1.02637842582134,0.319029039476356,0.642613923935839,-5.95578640686865
"4324",NA,-0.150712421805556,1.66219232430769,-1.02521594599854,0.319561464578584,0.64344457180361,-5.95694661143944
"1512","Rv2319c",-0.154560715361111,1.30244800507692,-1.02491756343661,0.319698228296923,0.643478221431284,-5.9572442231299
"1681","Rv2466c",-0.219696572166667,1.57397704561538,-1.02423165637958,0.320012772124607,0.643869541511972,-5.95792806864689
"1207","Rv2052c",-0.208856959666667,1.35026931223077,-1.02394939875761,0.320142274083614,0.643888401158788,-5.95820936072647
"1670","Rv2457c",-0.162677810833334,1.20885607469231,-1.02337434324167,0.320406229473259,0.644177565632659,-5.95878223762821
"4927",NA,-0.141925900472222,2.21004486061538,-1.02302364188196,0.320567280466428,0.64425970127486,-5.9591314710608
"3559","Rv0602c",0.268162396777778,1.19331537007692,1.02244042059384,0.320835238172039,0.644501027568822,-5.95971201744668
"5188",NA,-0.210100203194445,2.23436464592308,-1.02223894124517,0.320927843765146,0.644501027568822,-5.95991250487587
"294","Rv1242",0.336467989055555,1.83126725853846,1.02146783242685,0.321282442906833,0.644971495872893,-5.96067949547455
"3002","Rv3646c",-0.1826187025,1.499415827,-1.02001786352392,0.321949974931544,0.64591170164335,-5.96212033786675
"5028",NA,-0.145594044722223,1.29160396138462,-1.01992707749021,0.321991803505789,0.64591170164335,-5.96221049239299
"3536","Rv0581",0.188830287416667,1.52769446776923,1.01959515906481,0.322144763826654,0.645976780438033,-5.96254004172392
"2016","Rv2763c",-0.210530924722222,2.10620479584615,-1.01797112020802,0.322893925987574,0.647059432244195,-5.96415112397453
"3832","Rv0843",0.196927638222222,1.26574521576923,1.01790139871538,0.322926115905452,0.647059432244195,-5.9642202384742
"3869","Rv0084",-0.186927430083333,1.737753575,-1.01746780621991,0.32312635366121,0.647122380836754,-5.96464996231077
"481","Rv1401",-0.24088849925,2.27847631523077,-1.01728339926556,0.323211541537138,0.647122380836754,-5.96483267492762
"205","Rv1163",0.16213894811111,1.177379173,1.01704925932369,0.323319726843438,0.647122380836754,-5.96506462144673
"3679","Rv0704",0.191349947916666,1.16610910361538,1.01620398130995,0.323710504974988,0.647354143550823,-5.96590158852531
"158","Rv1121",-0.165509252638889,0.88711578,-1.01608579475161,0.323765170184543,0.647354143550823,-5.96601856407577
"284","Rv1233c",-0.161866511555556,1.55886467092308,-1.01545750947941,0.324055883015507,0.647354143550823,-5.96664020981844
"5349",NA,0.168384395722222,0.993117424923077,1.01520190978086,0.324174204126236,0.647354143550823,-5.96689301121725
"475","Rv0136",0.15999501075,1.02978819192308,1.01495896623635,0.324286694920059,0.647354143550823,-5.96713324290505
"1278","Rv2116",0.182260140305555,2.01558840038462,1.01466471159435,0.324422981514236,0.647354143550823,-5.96742414490601
"1440","Rv2256c",0.157345714444444,1.83480091246154,1.0146318361087,0.324438210604348,0.647354143550823,-5.96745664119076
"3079","Rv3711c",-0.217728240472222,1.29085197253846,-1.01451461899143,0.324492513855343,0.647354143550823,-5.96757249870018
"880","Rv1754c",-0.134012187361111,1.41093110007692,-1.0139619013889,0.3247486585849,0.647354143550823,-5.96811864592132
"1316","Rv0210",0.245274395527777,1.451722046,1.01392007304347,0.324768048840387,0.647354143550823,-5.96815996633096
"2545","Rv3228",0.230538523861111,1.91743288169231,1.01374974040057,0.324847017973116,0.647354143550823,-5.96832821500938
"3527","Rv0573c",0.216152890916667,1.21598530884615,1.01366820922265,0.32488482204323,0.647354143550823,-5.96840873983933
"4034",NA,0.273513747444444,0.943402858307692,1.01234527884271,0.32549866945225,0.648001797078742,-5.96971454109987
"3206","Rv3825c",0.220193321777778,1.23639077446154,1.01232139505664,0.325509759217446,0.648001797078742,-5.96973810178862
"799","Rv1685c",-0.176799975361111,1.08358314930769,-1.01218618622542,0.325572544689002,0.648001797078742,-5.96987147226346
"2308","Rv0297",-0.243565079305556,1.73338507476923,-1.01152562765977,0.325879404546363,0.648371792267448,-5.97052282315142
"1577","Rv2381c",-0.171513715833333,1.12107756269231,-1.01115902656816,0.326049796014359,0.648470095227073,-5.97088415186674
"1197","Rv2043c",0.22178515525,1.01398118276923,1.01014225857857,0.326522706871928,0.64895007962662,-5.97188569075785
"879","Rv1753c",-0.159604813555556,1.57117641984615,-1.01005440960955,0.32656358925096,0.64895007962662,-5.97197218210266
"2050","Rv2794c",0.209964729055556,1.20118723853846,1.00985940917863,0.326654349782205,0.64895007962662,-5.97216414520557
"2189","Rv2921c",0.212398204611111,1.31722466738462,1.00923644957333,0.326944418236904,0.649285691644981,-5.97277718189626
"2123","Rv2860c",0.205854461888889,1.09758018246154,1.00889860198655,0.327101806302004,0.649357659918052,-5.97310950805095
"2124","Rv2861c",-0.20537105125,1.11519887469231,-1.007999402933,0.327520964078959,0.649949043859023,-5.97399353176816
"4256",NA,-0.225582093666667,2.44914285530769,-1.00768080708075,0.327669567277308,0.650003286678894,-5.97430658346807
"4039",NA,-0.181816102,1.338071098,-1.00701619346142,0.327979717586207,0.650377834355186,-5.97495934964151
"1139","Rv1990c",0.18404744325,1.53577480446154,1.00621644635949,0.328353204690389,0.65087765426793,-5.97574433498302
"4001",NA,0.157273851777778,0.947832650384615,1.00510532714271,0.328872603318816,0.651666230605861,-5.97683402853714
"3003","Rv3647c",-0.218020366444444,1.58308433923077,-1.00483404565821,0.328999503397884,0.651676769479917,-5.97709991697488
"1724","Rv2504c",-0.184877599861111,1.20252939023077,-1.00422415211905,0.329284925713405,0.651783769787279,-5.97769745377553
"3461","Rv0513",-0.183690460138889,1.14179464769231,-1.00419894628015,0.32929672548208,0.651783769787279,-5.977722142017
"5108",NA,0.195127340166667,1.18844631607692,1.00349354067518,0.329627072554825,0.652005860750883,-5.97841283958508
"5104",NA,0.172216728611111,0.558989176461538,1.00329913757438,0.329718154178368,0.652005860750883,-5.97860311370898
"3210","Rv3828c",-0.203663394888889,1.60004859107692,-1.00318025911353,0.329773859793963,0.652005860750883,-5.97871945118643
"675","Rv0154c",0.169260507277778,0.937723556692308,1.00282402702473,0.329940827429553,0.652095440642479,-5.97906799580178
"1155","Rv2003c",-0.198139733777778,1.37063798015385,-1.00196356198042,0.330344377408811,0.652652363771186,-5.97990943953214
"742","Rv1634",0.166204887722223,1.01341922576923,1.0006754634338,0.330949133865834,0.65360624816539,-5.98116786697752
"2957","Rv3604c",0.253365538833333,1.280337624,1.00027618511193,0.331136751585871,0.653735907366581,-5.98155765661698
"1087","Rv1946c",-0.222923998722222,1.47151142138462,-0.999056426547833,0.33171037067134,0.654627241089243,-5.98274757373693
"3778","Rv0794c",-0.22002482075,0.958192532846154,-0.998318261831861,0.332057849095564,0.654977582998035,-5.98346705376676
"1170","Rv2019",-0.164939557166666,0.948525287307692,-0.998160195787733,0.332132289288929,0.654977582998035,-5.98362105746557
"728","Rv1622c",-0.178959757888889,1.325367641,-0.99716683136479,0.332600376834493,0.655285059449825,-5.98458839689989
"2854","Rv3511",0.189781885222223,1.320645106,0.996970901915331,0.332692756385512,0.655285059449825,-5.9847790923218
"2641","Rv3313c",0.259297283888889,1.40079204823077,0.996922853677113,0.332715413595776,0.655285059449825,-5.98482585193011
"1967","Rv2718c",-0.184468718833333,1.12137736746154,-0.996791782111485,0.332777226086273,0.655285059449825,-5.98495339805286
"1882","Rv2640c",0.269434550611111,1.47235793946154,0.99583672200857,0.333227870086916,0.655931466641891,-5.98588232048322
"4357",NA,0.163701634916667,1.38880044984615,0.995405881660473,0.333431302018107,0.656090961386584,-5.98630111108314
"5223",NA,-0.175861335694444,1.90978902076923,-0.994968938769735,0.333637704586554,0.656256182232634,-5.98672566923753
"1169","Rv2018",0.265570752583333,1.16017734061538,0.993649019040714,0.334261752100156,0.657242476616594,-5.98800717192969
"57","Rv1023",0.283555730388889,0.907996408846154,0.993324261865113,0.334415420329221,0.657303503104006,-5.9883222452826
"4133",NA,0.280990212250001,1.80863334815385,0.992313469792784,0.334894023313056,0.658002919706005,-5.98930231141682
"601","Rv1507c",-0.138153274416667,0.657379577153846,-0.991552466149469,0.335254670408006,0.658470147814918,-5.99003959724315
"2766","Rv3428c",0.233235351833333,1.20642548769231,0.991239755333051,0.335402946123385,0.658499706946395,-5.9903424162682
"2862","Rv3518c",-0.233609410722222,1.21029527746154,-0.990577116788842,0.335717296470801,0.658499706946395,-5.99098381347394
"5160",NA,0.192117230388889,0.810185378923077,0.990492662175228,0.335757375899042,0.658499706946395,-5.99106553344948
"3651","Rv0007",-0.131460335722223,2.51714387084615,-0.990418518807093,0.335792564710359,0.658499706946395,-5.99113727095287
"4887",NA,-0.145324553166667,1.85788769446154,-0.989992877279054,0.335994626349419,0.658499706946395,-5.9915490085648
"3394","Rv0456B",0.149231359611111,1.31770854069231,0.989967140874591,0.336006846734775,0.658499706946395,-5.99157389922584
"4587",NA,-0.34803780938889,2.81738332184615,-0.989686425819136,0.33614015856171,0.658520193673526,-5.99184535214057
"2817","Rv3477",-0.168117811194445,1.92576108784615,-0.989279718123186,0.336333370190308,0.658523761060476,-5.99223851919139
"2118","Rv2856",-0.143013089027778,0.858167536615385,-0.989010367708042,0.336461371356444,0.658523761060476,-5.99249882296005
"2249","Rv2971",-0.206312108111111,0.890392737538461,-0.988579697904314,0.336666105941689,0.658523761060476,-5.99291489695765
"643","Rv1543",-0.195446494388889,0.870228742,-0.988513806781988,0.336697437387311,0.658523761060476,-5.99297854075554
"2703","Rv3371",0.166451799555556,0.773621289230769,0.988151152618842,0.336869917209137,0.658523761060476,-5.99332875849191
"571","Rv1481",0.198878486194444,1.26428636107692,0.987709878936579,0.337079872284978,0.658523761060476,-5.99375474553932
"4305",NA,-0.195572678805556,1.62164566130769,-0.987674677826329,0.33709662468575,0.658523761060476,-5.99378871992254
"1580","Rv0234c",-0.1492903535,1.15157704238462,-0.987615370235392,0.337124850811557,0.658523761060476,-5.99384595826171
"4770",NA,0.293877529083332,2.90267811423077,0.987217091938162,0.337314445379663,0.658654071852457,-5.99423026136698
"2871","Rv0347",0.225577800805556,0.986199661461538,0.986649176669767,0.337584922293076,0.658671153183032,-5.99477801057545
"884","Rv0016c",-0.176817393666667,0.956720932230769,-0.986612076782204,0.33760259687213,0.658671153183032,-5.99481378332967
"586","Rv0146",0.157014551638889,0.969817877153846,0.98622739235558,0.337785900719315,0.658671153183032,-5.99518463633217
"3623","Rv0655",-0.221006534083333,1.36844557415385,-0.986166885545587,0.337814738824656,0.658671153183032,-5.99524295589442
"1335","Rv2165c",-0.209448926972222,1.60592556946154,-0.985669381733707,0.338051919086589,0.658893922292406,-5.99572235484768
"1159","Rv2007c",-0.249969679944444,1.09124809523077,-0.983176452828995,0.339242154344211,0.660889889820865,-5.99812132019499
"654","Rv1554",0.170390827861111,1.23163023007692,0.982604616942764,0.339515586836177,0.660889889820865,-5.99867083987061
"1921","Rv0263c",0.175768121972222,1.03013997415385,0.982535957650234,0.339548427730613,0.660889889820865,-5.99873680055494
"3390","Rv0453",-0.232783099055556,1.26446892438462,-0.982483827404406,0.339573363986519,0.660889889820865,-5.9987868791148
"551","Rv1465",0.216940651444445,0.847761245769231,0.982234865558638,0.339692471353822,0.660889889820865,-5.99902600995671
"3178","Rv3800c",-0.194374609472222,1.29091765992308,-0.981886140360876,0.339859356193468,0.660974655006165,-5.99936087395488
"4700",NA,0.172537130083333,0.961244921615385,0.981540372620364,0.340024882261463,0.661056717055293,-5.99969279349395
"3287","Rv3897c",0.159830377333333,1.05270099869231,0.980548602617936,0.340499975131905,0.661477075018318,-6.00064426483206
"357","Rv1296",0.241605965833333,1.81183371915385,0.980174885545197,0.340679118975616,0.661477075018318,-6.00100257435324
"3532","Rv0577",-0.169847745333334,2.23144037438462,-0.98010496187154,0.34071264467329,0.661477075018318,-6.00106960170984
"4483",NA,-0.132801448361112,1.893682126,-0.980058881735014,0.340734739575667,0.661477075018318,-6.00111377082649
"278","Rv1228",0.153112757777778,1.523308188,0.979669018870513,0.340921714416148,0.661503053120307,-6.00148739137897
"2658","Rv3329",-0.172499907611111,1.34027223053846,-0.979516353919759,0.340994950703621,0.661503053120307,-6.00163365997373
"292","Rv1240",0.151184978944444,0.782326841384615,0.978930242024054,0.341276221724815,0.661809170928005,-6.0021950262551
"1842","Rv2606c",0.301891582222222,1.31642617861538,0.978158233565256,0.34164695013311,0.66207126246887,-6.00293398356145
"3327","Rv0397",0.203418474694444,3.01815120753846,0.977847878488361,0.341796065751847,0.66207126246887,-6.00323090530403
"3690","Rv0714",0.188973073305555,1.49746851753846,0.977603698703111,0.341913418164913,0.66207126246887,-6.00346445703119
"3472","Rv0525",-0.198697560416667,1.52799258723077,-0.977416427176042,0.342003439590237,0.66207126246887,-6.00364354223068
"1134","Rv1985c",0.174479088027778,1.20832112853846,0.977121288944012,0.342145346075531,0.66207126246887,-6.00392571679522
"2843","Rv3501c",-0.161410846444444,1.81495850238462,-0.976724899294175,0.342336000185037,0.66207126246887,-6.00430457585436
"1369","Rv2198c",-0.1834489945,1.41104629346154,-0.976636605128027,0.342378477684358,0.66207126246887,-6.00438894648754
"2035","Rv2780",-0.17968397625,1.36513657530769,-0.976592825610894,0.342399540963378,0.66207126246887,-6.00443077804958
"1271","Rv2110c",0.261356157222222,1.22397295607692,0.976191569692328,0.342592635984431,0.662205744275713,-6.00481410232083
"2304","Rv3020c",0.188606917361111,0.957718929461538,0.975890616289541,0.34273751254482,0.662246960072182,-6.00510151427916
"5008",NA,0.189113796111112,1.52202202976923,0.975553345329513,0.342899922789554,0.662277689465419,-6.0054235157616
"512","Rv1429",-0.189424732,0.696459100923077,-0.97534446435483,0.343000534693284,0.662277689465419,-6.00562289015805
"1375","Rv2203",-0.223928719361111,0.959979831307692,-0.974487201491046,0.343413668629697,0.66257788092278,-6.00644073844467
"4052",NA,0.331039485305556,1.07617904138462,0.974481500216857,0.343416417358813,0.66257788092278,-6.00644617544253
"4957",NA,-0.138575326388889,1.34038538207692,-0.974222827856533,0.343541145984481,0.66257788092278,-6.00669282747526
"3636","Rv0667",0.135850600527778,1.022330998,0.973996160534056,0.343650468090546,0.66257788092278,-6.00690891369556
"3659","Rv0687",-0.139267454,1.36855452430769,-0.973481277425289,0.343898887196492,0.662818423363249,-6.00739959473905
"2622","Rv3298c",-0.142980107777778,0.911421079538462,-0.972656220284628,0.344297218491155,0.663163203357526,-6.00818538731591
"4984",NA,-0.172174886416667,1.68908119046154,-0.972455629075962,0.344394110866129,0.663163203357526,-6.00837634250631
"3667","Rv0693",0.143297254194445,0.814455012615385,0.972342121229298,0.344448947415551,0.663163203357526,-6.00848438207883
"4954",NA,-0.1396419885,0.754805349692308,-0.971783306929263,0.344719003592775,0.6633418107003,-6.00901611119986
"1027","Rv1892",-0.185243799944445,1.91561612084615,-0.971638036097079,0.344789232203551,0.6633418107003,-6.00915429620893
"1140","Rv0194",0.188102652361111,0.921761523923077,0.97055096854762,0.345315071387239,0.663779785203913,-6.01018775482973
"4153",NA,0.405266071083332,2.86596923069231,0.970426310057777,0.345375407111057,0.663779785203913,-6.01030619974347
"3577","Rv0617",0.236122602611111,1.86431290561538,0.970097304122368,0.345534683830404,0.663779785203913,-6.01061874119931
"2688","Rv3357",0.157133675916667,1.89647064030769,0.970072075692551,0.345546899398257,0.663779785203913,-6.01064270321317
"3426","Rv0484c",-0.231070391722223,1.49898686984615,-0.969887915749426,0.345636078452261,0.663779785203913,-6.01081760184213
"723","Rv1617",0.193226395055555,1.19558374615385,0.968634674318888,0.346243382372062,0.664094472289962,-6.012007030659
"919","Rv1794",0.13471160625,0.866422114,0.968575531881249,0.346272060290434,0.664094472289962,-6.01206312773287
"4641",NA,-0.18474981,2.16882248338462,-0.968209458799526,0.346449604262776,0.664094472289962,-6.01241028288015
"2291","Rv3008",-0.179589705444445,1.19001690246154,-0.968187660290054,0.346460178444581,0.664094472289962,-6.01243095118697
"40","Rv1008",-0.156097137527778,1.24855575469231,-0.968029168028687,0.346537067773624,0.664094472289962,-6.01258121348766
"982","Rv1853",-0.210613188777778,1.04585689530769,-0.968016264523034,0.346543328170713,0.664094472289962,-6.01259344599086
"983","Rv0181c",0.166208930694444,0.925179226,0.967595708819398,0.346747412244861,0.664175339418593,-6.01299205238343
"874","Rv1748",-0.162518111527778,0.947790039,-0.967418661095983,0.346833353550866,0.664175339418593,-6.0131598134769
"5106",NA,-0.153552111694444,1.32431169615385,-0.967123819272998,0.346976506457686,0.664212169504713,-6.01343912916794
"1653","Rv2443",-0.118363860583334,1.84289081407692,-0.966215607983615,0.347417722710479,0.66481934799292,-6.01429903657874
"2088","Rv2829c",-0.228076097638889,2.49549453092308,-0.965631621139853,0.347701633518989,0.664972169612236,-6.01485158218545
"3703","Rv0726c",-0.196353317777778,1.05557728969231,-0.965410314931039,0.347809265656721,0.664972169612236,-6.01506089547021
"959","Rv1832",-0.230861573194445,0.853570692769231,-0.965285932050896,0.347869769326998,0.664972169612236,-6.01517851902239
"2235","Rv2959c",-0.140819490305555,1.23877289938462,-0.964489289065391,0.348257453976281,0.665475919184623,-6.01593154877423
"817","Rv1701",-0.227324161388889,1.35168703192308,-0.962119374059939,0.349412536888954,0.667445188070134,-6.01816843197775
"2111","Rv2849c",0.234517946222222,1.03728460715385,0.961475803173161,0.349726666741264,0.667634393763263,-6.01877502689218
"4390",NA,0.143405516611111,0.906621809769231,0.96119429874812,0.349864131701909,0.667634393763263,-6.01904024347027
"2524","Rv3210c",-0.189977526,1.16517538238462,-0.961151031375895,0.349885263447949,0.667634393763263,-6.01908100123019
"5306",NA,-0.173513145111111,1.20226453192308,-0.96034826216304,0.350277495305588,0.66814497325194,-6.01983691002105
"330","Rv1274",-0.230369453388889,2.26073390084615,-0.96004664064651,0.350424945653967,0.668188441375048,-6.02012077873363
"1433","Rv2251",-0.156351182194444,1.55531937161538,-0.95975115751529,0.350569436787211,0.668226237972778,-6.02039879295198
"4867",NA,-0.292919047222222,3.32374887638462,-0.958400792658614,0.351230288556423,0.66904033732063,-6.02166834924736
"3253","Rv0382c",0.156932346583333,1.71700907546154,0.958368348104946,0.351246177093331,0.66904033732063,-6.02169883256328
"5272",NA,-0.226159968972222,1.32052393153846,-0.958021661314979,0.351415985289397,0.669125996856543,-6.02202450481894
"4235",NA,-0.191678656694445,1.94048773976923,-0.956782458065747,0.352023413910501,0.669673332365111,-6.02318773052514
"3987",NA,0.238356352027777,1.25446346676923,0.956404376047422,0.352208885070672,0.669673332365111,-6.02354236320618
"513","Rv1430",0.174253422305555,1.56623333992308,0.956308735586545,0.352255812944921,0.669673332365111,-6.02363205197089
"3557","Rv0600c",0.191787105722222,1.04677835407692,0.956277401600089,0.352271188519923,0.669673332365111,-6.02366143429893
"2503","Rv3196",-0.1641639265,1.20166697438462,-0.956118166746464,0.352349332154461,0.669673332365111,-6.02381073777298
"674","Rv1573",0.214507886722222,1.42225665653846,0.955906809826122,0.352453072873503,0.669673332365111,-6.02400887808448
"204","Rv1162",-0.159360332944444,0.801340097153846,-0.955413549712573,0.352695262607683,0.669719420084328,-6.02447114087479
"2887","Rv3540c",-0.209569533416667,1.07392667769231,-0.955348471551329,0.35272722442128,0.669719420084328,-6.02453211344648
"2334","Rv3044",0.153580735944444,1.39914348038462,0.9543638492594,0.353211045266696,0.670400567503362,-6.02545416462531
"1610","Rv2406c",0.221750626805556,1.65127928246154,0.95364115959035,0.353566449300844,0.670837581682309,-6.02613038624381
"3197","Rv0377",0.177140519666667,1.07417583838462,0.952899512727895,0.353931432128223,0.671133255792719,-6.02682386865738
"3637","Rv0668",0.152854510666667,0.938716095538462,0.952815673398061,0.353972707859331,0.671133255792719,-6.02690223281312
"3932","Rv0933",-0.210627213416667,1.98993257069231,-0.951897284893183,0.354425065363364,0.671753306346405,-6.02776024062161
"3849","Rv0859",0.151194485805556,1.09431711230769,0.951572594878691,0.354585088440132,0.671819043492084,-6.02806340590734
"1493","Rv2306A",0.179453861333332,3.01877600161538,0.950610290918248,0.355059650754595,0.672480469273721,-6.02896137076955
"2820","Rv3480c",0.159070259388889,0.798814382692308,0.949367529437926,0.355673167386733,0.673404513314337,-6.03011983583195
"506","Rv1424c",0.160328066694444,1.20034439661538,0.948548155833047,0.356078067610651,0.673697154961178,-6.03088288748285
"1428","Rv2246",0.199222580833333,1.15980791069231,0.948151458899527,0.356274212407544,0.673697154961178,-6.0312521038853
"3025","Rv0361",-0.180836635,1.16692456353846,-0.948125834349507,0.356286884888398,0.673697154961178,-6.03127594857006
"2997","Rv3641c",-0.171692165611111,1.53055521753846,-0.948037663879986,0.356330491476668,0.673697154961178,-6.0313579903543
"2674","Rv3344c",-0.2635513645,3.69690081853846,-0.947306803080304,0.356692095419126,0.67401938364578,-6.03203778569139
"4272",NA,0.307570984861111,1.256879691,0.947184919130514,0.356752423769231,0.67401938364578,-6.03215110778261
"162","Rv1125",-0.139411533638889,0.918048711615385,-0.94685659531634,0.356914967579528,0.674088874639278,-6.03245630303552
"2708","Rv3375",0.174383565638889,0.861196412153846,0.946255516810912,0.357212676212662,0.674413506340215,-6.03301479276906
"4997",NA,0.161329983222223,1.08516731038462,0.945430779508437,0.357621438226227,0.674762081112058,-6.03378057589308
"821","Rv1704c",0.200820534916667,1.05184522484615,0.944960265053446,0.357854781543311,0.674762081112058,-6.03421718818599
"5176",NA,-0.145366011166666,1.40071135776923,-0.944861418459984,0.357903816030808,0.674762081112058,-6.0343088877322
"1937","Rv2691",0.174647796638889,0.838838523307692,0.944738342022497,0.357964876572769,0.674762081112058,-6.03442305315309
"361","Rv1300",-0.235787188222222,1.65618897784615,-0.944613649794387,0.358026746022891,0.674762081112058,-6.03453870375377
"3650","Rv0066c",-0.142887118333334,1.28495247884615,-0.943333593032357,0.358662305044851,0.675578052420018,-6.03572514852845
"5196",NA,-0.134363255,2.098456558,-0.943234013882753,0.358711779326002,0.675578052420018,-6.03581738473996
"2696","Rv3364c",-0.135820814777778,1.23637167515385,-0.942457540120143,0.359097718062563,0.675872988286872,-6.03653630140866
"837","Rv1718",-0.169351736583334,0.920486142307692,-0.941675763992187,0.359486579495735,0.675872988286872,-6.03725958978888
"2140","Rv2875",0.175680103555555,1.03964108107692,0.941016260598076,0.359814845633044,0.675872988286872,-6.03786933355445
"55","Rv0099",-0.189296350805556,1.08354746546154,-0.941010209384078,0.359817858558929,0.675872988286872,-6.03787492642538
"1313","Rv2146c",0.207319335194446,2.34705400676923,0.940352166234686,0.360145604145318,0.675872988286872,-6.03848293380098
"1306","Rv2141c",0.235145961805555,1.33229310692308,0.939698176779294,0.360471533038788,0.675872988286872,-6.03908681677629
"2523","Rv3209",0.182869350055555,1.18015938623077,0.939457197184284,0.360591680947158,0.675872988286872,-6.03930923806121
"2022","Rv2768c",-0.22385462425,1.17143883792308,-0.939189511543993,0.360725176090068,0.675872988286872,-6.03955624855586
"1692","Rv2475c",-0.132984402722222,0.731666004538462,-0.939058172484318,0.360790687388563,0.675872988286872,-6.03967742027174
"80","Rv1047",-0.124912438861111,1.38428752246154,-0.93895950990413,0.360839905164319,0.675872988286872,-6.03976843506487
"246","Rv1199c",-0.124912438861111,1.38428752246154,-0.93895950990413,0.360839905164319,0.675872988286872,-6.03976843506487
"1733","Rv2512c",-0.124912438861111,1.38428752246154,-0.93895950990413,0.360839905164319,0.675872988286872,-6.03976843506487
"2309","Rv3023c",-0.124912438861111,1.38428752246154,-0.93895950990413,0.360839905164319,0.675872988286872,-6.03976843506487
"2414","Rv3115",-0.124912438861111,1.38428752246154,-0.93895950990413,0.360839905164319,0.675872988286872,-6.03976843506487
"2764","Rv3426",-0.117786973472222,1.72270998346154,-0.938904965866813,0.360867116398461,0.675872988286872,-6.03981874745269
"3415","Rv0474",0.189894114527777,1.15527936446154,0.938867290779672,0.360885912775565,0.675872988286872,-6.03985349808644
"3871","Rv0878c",-0.129506495722222,2.06902603230769,-0.938148551075712,0.361244625452191,0.676308484954154,-6.04051620682352
"4827",NA,-0.212367649833334,2.12332053292308,-0.937676971686184,0.361480116295252,0.676429281709796,-6.04095077511076
"314","Rv1260",-0.199713714472223,1.21764961746154,-0.937513952368559,0.361561547033315,0.676429281709796,-6.04110095440982
"131","Rv1095",-0.133123748638889,0.723589098538462,-0.935767582439246,0.362434672640845,0.67782618470165,-6.0427082993823
"696","Rv1593c",-0.1347738955,0.808363681923077,-0.933865679255248,0.363387195304401,0.679181047184707,-6.04445572690268
"1484","Rv2298",0.2238780865,1.14596456592308,0.933815109168853,0.363412545396593,0.679181047184707,-6.0445021459147
"5214",NA,0.266868869388889,2.42022327461538,0.932427003579461,0.364108854482592,0.680245193456499,-6.04577542407403
"2896","Rv3548c",-0.220944145888889,1.74946277323077,-0.93212726565352,0.364259329907704,0.680289201500102,-6.04605014297295
"3080","Rv0366c",-0.198108711277778,1.35415673076923,-0.930782161327891,0.364935125146054,0.681083153056242,-6.04728199200142
"2295","Rv3012c",0.309218257027778,2.23547916569231,0.93077527920066,0.364938584995807,0.681083153056242,-6.04728829054467
"3699","Rv0722",0.154962997805555,1.01378720915385,0.930299888686033,0.365177631966044,0.681124112614783,-6.0477232677746
"3430","Rv0486",0.220380651527778,1.91472402853846,0.930091980536132,0.365282210686506,0.681124112614783,-6.04791343855852
"3053","Rv3689",-0.125253058361111,1.28406143746154,-0.929973615025218,0.365341758165579,0.681124112614783,-6.0480216887834
"3959","Rv0957",-0.113499993388889,1.158468148,-0.929426748041017,0.365616962483299,0.681400180427845,-6.04852166035736
"3392","Rv0456c",0.144177208194445,0.948362820538462,0.928861321642664,0.365901654839953,0.681658907817841,-6.04903832106563
"1578","Rv2382c",0.159130482638889,0.951242023461538,0.928432853867332,0.366117488859678,0.681658907817841,-6.04942964648338
"1202","Rv2048c",-0.147337830972222,0.985417139,-0.928225470929371,0.366221985888451,0.681658907817841,-6.04961899366306
"4781",NA,-0.201799395972222,1.20374124761538,-0.928017330587114,0.366326884945232,0.681658907817841,-6.04980899402786
"2426","Rv3126c",0.221422820444444,1.28961259684615,0.927434307676291,0.366620826908717,0.681658907817841,-6.05034100041014
"4291",NA,-0.156175319222222,0.759943130153846,-0.927388717262485,0.366643818927402,0.681658907817841,-6.05038258879446
"1435","Rv2253",-0.264325493888889,1.45397198530769,-0.927384366204704,0.366646013290828,0.681658907817841,-6.05038655781018
"2924","Rv3573c",-0.150467344222222,0.914564726153846,-0.926163859569645,0.367261902166751,0.682567196814766,-6.05149923544071
"3552","Rv0595c",0.21891263325,1.43937049269231,0.925489081484602,0.367602708319389,0.682823011591194,-6.05211383098416
"104","Rv1071c",0.152277880555555,0.884412100076923,0.925357859360606,0.367669008821506,0.682823011591194,-6.05223330264865
"109","Rv1076",0.203578497666667,1.19673261592308,0.924985915328091,0.367856979132193,0.682823011591194,-6.05257185739451
"657","Rv1557",-0.211232385777778,1.85118849746154,-0.924861383918214,0.367919928460305,0.682823011591194,-6.05268518222007
"1141","Rv1991c",-0.137422665972222,1.005891021,-0.924630795979663,0.368036507553537,0.682823011591194,-6.05289498319544
"2562","Rv3243c",-0.180344336888889,1.85403728430769,-0.922979738349878,0.368871970201737,0.684090113849458,-6.05439582246476
"1705","Rv2488c",0.166342105888889,1.50693400546154,0.922776849996004,0.368974723719922,0.684090113849458,-6.05458008435874
"2312","Rv3026c",-0.195088055527777,1.14271426923077,-0.922370918096564,0.369180367586659,0.68423470617721,-6.05494863930862
"341","Rv1283c",0.257730479916667,1.13647594353846,0.922059709444902,0.369338077530615,0.684272607586499,-6.0552310936842
"1168","Rv2017",-0.137301166722222,0.886242009615385,-0.921826790111801,0.36945614297674,0.684272607586499,-6.05544243601129
"1378","Rv2206",0.151229646722222,1.52554242523077,0.921201666702082,0.369773140752934,0.684376373389885,-6.05600941136234
"1899","Rv0261c",-0.221754866,1.55087318146154,-0.92115537801171,0.369796620899682,0.684376373389885,-6.05605138053542
"4669",NA,0.158030016527778,1.05438075730769,0.920933045030754,0.36990941437734,0.684376373389885,-6.05625293954702
"521","Rv1437",0.203149295611112,1.23518509153846,0.920709399166504,0.37002289740371,0.684376373389885,-6.05645564443894
"2868","Rv3524",-0.200030070222223,1.64106971569231,-0.920363392360268,0.370198515608619,0.684465002987996,-6.05676916545097
"1196","Rv2042c",0.142600806638889,0.777543231615385,0.919107390401259,0.370836482343888,0.685203318335596,-6.05790634964987
"3977","Rv0973c",-0.159499061333333,0.733950911923077,-0.919060475531906,0.370860326425447,0.685203318335596,-6.05794879919213
"3877","Rv0884c",0.206349739222222,1.16779329076923,0.918822387055537,0.37098134884513,0.685203318335596,-6.05816419638138
"865","Rv1740",0.156145065611111,1.30246138753846,0.918425944509697,0.371182923260504,0.685212163791708,-6.05852274364154
"3526","Rv0572c",0.159541637749999,1.81233987530769,0.918148502076979,0.371324035150636,0.685212163791708,-6.05877358264502
"1453","Rv2269c",0.144063464416666,0.964716340846154,0.91802814765178,0.371385260714886,0.685212163791708,-6.05888237521368
"1844","Rv2608",-0.157114064027778,1.16068593815385,-0.917807566680781,0.371497490294534,0.685212163791708,-6.05908173259982
"1863","Rv2624c",0.182350486444444,1.28427963046154,0.916952355712876,0.371932830531876,0.685779144014742,-6.05985424857358
"3743","Rv0762c",-0.151484963388889,0.921750122076923,-0.916182038338903,0.372325251123105,0.686266625178764,-6.06054952250398
"144","Rv0107c",-0.212312430638889,1.66806021584615,-0.914993187039595,0.372931432866443,0.686748693767824,-6.06162152036401
"2546","Rv3229c",-0.158964605666667,0.970248676692308,-0.914734264972853,0.373063542569889,0.686748693767824,-6.061854825789
"82","Rv1049",-0.239546039722222,1.06595070553846,-0.914723413377,0.373069080064812,0.686748693767824,-6.0618646024706
"968","Rv1840c",-0.175931639694445,1.48516726376923,-0.914481692212674,0.373192443095482,0.686748693767824,-6.06208235254352
"2155","Rv2890c",-0.128235237666667,0.788811930538462,-0.914045707379806,0.373415018685762,0.686748693767824,-6.06247496986881
"3958","Rv0092",0.153548021555556,1.26692205446154,0.913966736022343,0.373455344107078,0.686748693767824,-6.06254606781279
"5085",NA,0.183408601444444,1.30641494461538,0.913911277946963,0.373483664614404,0.686748693767824,-6.06259599341859
"2917","Rv3566A",0.193025521944445,1.65821599715385,0.913454702585605,0.373716876803437,0.686822853112233,-6.0630069169008
"3012","Rv3655c",0.172360687555555,2.38995825584615,0.913250047323327,0.373821443663846,0.686822853112233,-6.06319104887975
"3983",NA,0.203222384833332,2.56212940076923,0.912978577898737,0.37396017908862,0.686822853112233,-6.06343523715501
"287","Rv0119",-0.144781627444445,1.20615549461538,-0.912829168623531,0.37403655004377,0.686822853112233,-6.06356960361706
"121","Rv1086",0.196459127277777,0.793354838538462,0.912555136801181,0.374176649475729,0.686844808626681,-6.06381599367677
"5184",NA,0.207025661,2.10812551361538,0.912114041864283,0.374402234608435,0.687023614344818,-6.06421245450043
"10","Rv0983",-0.185382131222222,1.65108573853846,-0.911618853641911,0.374655593346986,0.687253244469488,-6.06465732827814
"3386","Rv0449c",0.223373035166667,1.180204957,0.910530167615492,0.375213016079423,0.687963767537868,-6.06563462770616
"28","Rv0997",-0.136855906361111,1.57797334853846,-0.910309082116993,0.375326283179238,0.687963767537868,-6.06583296418113
"4232",NA,-0.140525788166667,2.37535157438462,-0.910110601653509,0.375427988814975,0.687963767537868,-6.06601098446858
"4755",NA,0.199817450000001,3.57785167069231,0.909510148009044,0.375735787051681,0.688292487558788,-6.06654932691731
"54","Rv1021",-0.154102384361111,1.48241215615385,-0.908551412621985,0.376227595832668,0.688957947954596,-6.06740822336812
"1156","Rv2004c",0.128065187638889,0.723513900769231,0.90820967005012,0.376403006385281,0.689043754858301,-6.06771417989229
"4982",NA,0.1400283065,2.15106815523077,0.907295454865041,0.376872527517657,0.689667718502779,-6.06853214927096
"5101",NA,-0.173547801861111,1.24955803653846,-0.906516939576757,0.377272666312782,0.689702309105969,-6.06922811650413
"394","Rv1325c",-0.140770378777778,1.80494826892308,-0.9063392115422,0.377364054400571,0.689702309105969,-6.06938692367264
"2601","Rv3279c",0.17667625825,1.20520992738462,0.906138514916932,0.377467270856185,0.689702309105969,-6.06956622028619
"584","Rv1492",0.163204841305555,0.895864734307692,0.906013802200399,0.377531419027666,0.689702309105969,-6.06967761692867
"4156",NA,0.159661587611111,2.13489287576923,0.905871292860514,0.377604730167052,0.689702309105969,-6.06980489296968
"1495","Rv2307A",0.140777572083334,1.07676343130769,0.90551328546899,0.377788942231898,0.689702309105969,-6.07012455172017
"686","Rv0155",-0.137936467888889,1.12028622823077,-0.90527255492006,0.377912843628232,0.689702309105969,-6.0703394315754
"2463","Rv0311",0.19756132025,0.953181742461538,0.905257027876866,0.377920836164968,0.689702309105969,-6.07035328947966
"5268",NA,-0.150112162805555,1.81880515323077,-0.904980150239989,0.378063377825711,0.689727605563584,-6.07060036692625
"4097",NA,0.195394013777778,1.32194130776923,0.904424620574084,0.378349483461221,0.689757993385756,-6.07109589862666
"1225","Rv2067c",0.152500106527778,0.823408551076923,0.904252476857066,0.378438169388356,0.689757993385756,-6.07124939461325
"421","Rv1348",0.244328149472222,1.35160565107692,0.904198281341296,0.378466093012595,0.689757993385756,-6.07129771383556
"4647",NA,-0.206804432111111,2.37482966484615,-0.903701169061869,0.378722288962083,0.689990302119906,-6.07174080290793
"1015","Rv1882c",0.153854990666667,1.25258965253846,0.903162028463598,0.379000276441246,0.690037978175896,-6.07222110319926
"5158",NA,-0.245064072222222,5.24674266669231,-0.902885086452625,0.379143124304668,0.690037978175896,-6.07246771949737
"4164",NA,-0.170931635861111,1.40015404538462,-0.902822744855994,0.379175285341291,0.690037978175896,-6.07252322510636
"4419",NA,-0.163791290916667,2.84740484661538,-0.902541004534397,0.379320653494317,0.690037978175896,-6.07277402821271
"1100","Rv1959c",-0.17739379775,1.174724894,-0.90240246341232,0.379392149567978,0.690037978175896,-6.07289733043903
"1787","Rv2556c",0.266930385583333,1.739546976,0.90209741224595,0.379549607304195,0.690090195098536,-6.07316876685082
"3010","Rv3653",-0.248158371166667,2.44820805123077,-0.901379932710315,0.379920120086984,0.69035534866065,-6.0738068564786
"894","Rv1771",-0.183443086611111,0.984575364538462,-0.9013162133435,0.379953037042708,0.69035534866065,-6.07386350296304
"2673","Rv3343c",-0.116968666583334,1.24578735261538,-0.900870435934708,0.380183375800644,0.690539781189918,-6.07425969725435
"2653","Rv3323c",-0.205292706583333,0.812851347307692,-0.900528862803802,0.380359934172251,0.690561883926663,-6.07456315743249
"3438","Rv0493c",-0.15710433675,0.774463838923077,-0.899935387100625,0.380666830946676,0.690561883926663,-6.07509016443877
"148","Rv1112",0.157122080388889,1.21722537838462,0.899928320301664,0.38067048631159,0.690561883926663,-6.07509643786413
"636","Rv1537",0.236902593694444,1.09045702569231,0.899850213405865,0.380710889366285,0.690561883926663,-6.07516577289767
"1017","Rv0184",-0.141154309249999,1.01732222815385,-0.899498931789689,0.380892635438685,0.690657823393557,-6.07547753602592
"3750","Rv0768",0.187626680861111,1.16305283169231,0.899024547370528,0.381138164563827,0.690869314190772,-6.07589837782955
"2147","Rv2883c",0.146188751638889,1.04703286753846,0.89840111933888,0.381460995785929,0.69122073610973,-6.07645113468857
"4010",NA,-0.137549651972222,1.66094517761538,-0.89717889499199,0.382094433649503,0.691819090151417,-6.07753379888319
"280","Rv1229c",0.163218394777778,1.72773907123077,0.897047922552018,0.382162353948395,0.691819090151417,-6.07764973681327
"4875",NA,-0.161043172916667,1.04834311884615,-0.897016946143771,0.382178419018348,0.691819090151417,-6.07767715514924
"1404","Rv2227",-0.15900359025,1.41272890061538,-0.895867307747321,0.382774966794479,0.692665031066309,-6.07869413352705
"2954","Rv3601c",-0.266792768944444,1.08966372130769,-0.895196628573498,0.383123269510659,0.69294178888666,-6.07928687412475
"5056",NA,0.194476883916667,1.53042670646154,0.894926840008658,0.383263438017011,0.69294178888666,-6.07952519727274
"3991",NA,0.166401667444444,2.92579086638462,0.894763589080707,0.383348271570395,0.69294178888666,-6.07966937657323
"4102",NA,-0.111188403666666,0.972317551846154,-0.894577425109146,0.383445027208551,0.69294178888666,-6.07983376296634
"3500","Rv0549c",0.214203032222222,1.35232146192308,0.894242326677231,0.383619230127017,0.693022943539202,-6.08012958307109
"501","Rv1419",-0.156508523805555,1.25505208630769,-0.893238569463542,0.384141355211623,0.693421850739916,-6.08101508306194
"4948",NA,-0.197396760694444,1.96521451338462,-0.8931050456107,0.384210846101261,0.693421850739916,-6.0811328077658
"4399",NA,-0.131228748722222,0.949586374307692,-0.892891096073315,0.384322211048734,0.693421850739916,-6.08132140848093
"940","Rv1814",0.134213014472222,1.15131784007692,0.892823266600933,0.384357522117218,0.693421850739916,-6.08138119291957
"689","Rv1586c",0.182201695472222,1.26735978507692,0.892281632604474,0.384639566737784,0.693697199769355,-6.08185843739868
"3093","Rv3722c",0.201865737472222,1.09364361061538,0.891937906216871,0.38481862661745,0.693786693127995,-6.08216116503622
"2796","Rv3456c",0.181570961555556,1.03370912938462,0.89161329401328,0.384987780193399,0.69381631892661,-6.08244696104442
"5284",NA,0.141060209694444,1.101929969,0.891409606913773,0.385093945672885,0.69381631892661,-6.08262624354352
"1119","Rv1973",-0.138096051861112,1.94679837576923,-0.889472936862538,0.386104347931064,0.695402992241432,-6.08432901273189
"2458","Rv3153",-0.145248597083333,1.23693194169231,-0.888820304226336,0.386445237404784,0.695783161736528,-6.08490206518254
"3625","Rv0657c",0.20605033225,1.14560888176923,0.888464808424072,0.386631007650549,0.695883882137993,-6.08521405188704
"3072","Rv3705c",0.278617099944444,1.177210857,0.8877652374535,0.386996753486326,0.696308358068716,-6.08582767091533
"4717",NA,-0.210432182777778,2.56684974515385,-0.887128871475509,0.387329654530601,0.696673472578531,-6.08638546864313
"2676","Rv3346c",-0.207608176972223,2.45881397084615,-0.886033964596125,0.387902876505849,0.697470452221185,-6.08734434223079
"536","Rv1451",-0.175085349416667,1.21387032553846,-0.885468956249064,0.38819889835426,0.697768643587805,-6.08783873134757
"3789","Rv0806c",-0.162115236777778,0.987512830538462,-0.884363445496097,0.388778536436899,0.698576250520206,-6.0888052363007
"2257","Rv2977c",0.220473087333333,1.35152331830769,0.883513547628746,0.389224542535262,0.698859452951331,-6.0895475215082
"1933","Rv2687c",-0.254330720694445,2.15922164192308,-0.883288529209039,0.389342683611127,0.698859452951331,-6.08974393967056
"1044","Rv1907c",0.135826622861111,1.30060609907692,0.883091285148884,0.389446261909878,0.698859452951331,-6.08991607617685
"1629","Rv2423",0.192877531777778,1.28710169192308,0.882910291438503,0.38954132277198,0.698859452951331,-6.09007400007051
"3489","Rv0539",0.15463601225,1.22677559853846,0.88264767647873,0.389679279798293,0.698859452951331,-6.09030308919176
"773","Rv0162c",0.190464022083333,1.08538091784615,0.882488574231066,0.389762875222889,0.698859452951331,-6.09044185000615
"560","Rv1472",0.117815185666666,0.939774820307692,0.88222453323687,0.38990163373719,0.698859452951331,-6.09067208273337
"3050","Rv3686c",0.232678401888889,1.42105273346154,0.881844039487974,0.39010164792907,0.698859452951331,-6.09100374703763
"5170",NA,0.120540560527778,1.24416963953846,0.881828905004043,0.390109605080295,0.698859452951331,-6.09101693659135
"1152","Rv2000",0.125143224305556,0.884251057076923,0.879614727519836,0.39127489601242,0.700257531470884,-6.0929443483388
"4798",NA,-0.227385765861111,2.56547459692308,-0.879612606676872,0.391276013285662,0.700257531470884,-6.09294619238757
"3265","Rv3877",-0.117078577277778,1.94115849684615,-0.879488466356139,0.391341414855018,0.700257531470884,-6.09305412392153
"1372","Rv0215c",-0.162581036222222,1.345937206,-0.879353353671494,0.391412605277382,0.700257531470884,-6.09317157939983
"3515","Rv0563",-0.146569248583333,0.634784302,-0.87775865312919,0.392253494828698,0.701387965403032,-6.09455663373901
"3833","Rv0844c",0.127295044944445,1.01708772730769,0.877658815477285,0.392306179156397,0.701387965403032,-6.09464327007465
"3112","Rv3740c",0.154417847361111,0.807999839307692,0.877100841262306,0.392600708234421,0.701523707992285,-6.09512729914844
"198","Rv0112",-0.134688789555555,0.900003968923077,-0.877019102955841,0.392643866413592,0.701523707992285,-6.09519818157552
"2470","Rv3164c",0.219424006527778,1.00733892884615,0.87584242657641,0.393265503899861,0.702400233556567,-6.09621791294327
"4676",NA,-0.158002055972222,1.291419647,-0.874859155047521,0.393785463738024,0.703094632123853,-6.09706907813615
"1292","Rv2129c",0.128736197777778,1.327233843,0.874274855634748,0.394094659498187,0.703412379257504,-6.09757446154106
"3944","Rv0944",0.142843697972222,0.763057535153846,0.873856987448607,0.39431588244192,0.703572946034851,-6.09793570314948
"3609","Rv0642c",-0.175569740027778,1.89872593369231,-0.873367211932025,0.394575277942589,0.703801494100591,-6.09835890713148
"647","Rv1547",0.191957728638889,1.64748622138462,0.87299189863896,0.394774127928245,0.70392193136906,-6.09868306037152
"908","Rv1783",-0.168341078361111,1.11845728476923,-0.872707461304596,0.394924873635993,0.703956542297614,-6.09892864052795
"2160","Rv2895c",0.15728804475,1.37872299953846,0.871982958000355,0.395309016223031,0.704407023588911,-6.09955383899269
"3326","Rv0396",0.204621197583334,1.65200335384615,0.870970590194611,0.39584620097547,0.705129822940684,-6.10042665164533
"3378","Rv0442c",0.139315782750001,2.41256466130769,0.870096293172637,0.396310508813793,0.705303379346901,-6.10117968169636
"581","Rv1489A",-0.193092571333334,2.87999536653846,-0.869908211783944,0.396410438916988,0.705303379346901,-6.10134158551749
"4060",NA,-0.169370833583333,2.17450132930769,-0.869840829541079,0.396446244017082,0.705303379346901,-6.10139958158031
"3692","Rv0716",-0.173521261027778,1.45922498546154,-0.869796166388416,0.39646997797989,0.705303379346901,-6.10143802100536
"4363",NA,0.16325586625,1.43749495076923,0.869526411563299,0.396613345342361,0.705324330137709,-6.10167014767734
"2750","Rv3414c",0.176709404027778,0.894617668461538,0.869206077547184,0.396783638450564,0.705393135023225,-6.10194571283613
"2489","Rv3180c",-0.199229599250001,2.13184092415385,-0.868441620211869,0.3971902266749,0.705763569680067,-6.10260295733486
"4064",NA,-0.109663178055556,2.12622676176923,-0.868000600679667,0.397424914116438,0.705763569680067,-6.10298188493806
"2278","Rv2996c",0.197715051888889,1.58674359430769,0.867943228030732,0.397455451524753,0.705763569680067,-6.10303116706459
"4637",NA,0.193407007027778,1.00968948946154,0.867824413452448,0.397518697176142,0.705763569680067,-6.10313321729752
"5092",NA,-0.231617364888889,2.36018106561538,-0.866954532763118,0.397981940835762,0.706352053933671,-6.10387997188162
"4495",NA,0.260435675194444,1.88189628053846,0.866244340969837,0.398360407000536,0.706789732380958,-6.10448913313336
"3296","Rv3906c",0.154242309916667,1.41810374338462,0.864541436779563,0.399268858528585,0.708167134915028,-6.10594792673579
"5298",NA,-0.113134771,1.51504471976923,-0.862899440986783,0.400146102594537,0.709423795382196,-6.1073520578808
"1365","Rv2194",-0.172141233555556,1.20350603384615,-0.86228644673036,0.400473921135932,0.709423795382196,-6.10787562613337
"4600",NA,0.112076546944445,2.18349219507692,0.861899397727248,0.400680998686308,0.709423795382196,-6.10820603564704
"680","Rv1578c",0.195326241333333,1.18955751238462,0.861688445362428,0.400793891164175,0.709423795382196,-6.1083860608024
"3864","Rv0873",0.177678304444444,1.07864331992308,0.861621845008906,0.400829537084153,0.709423795382196,-6.10844288866952
"1146","Rv1995",-0.166637076972222,0.833329875538461,-0.861534099994645,0.400876503242419,0.709423795382196,-6.10851775243885
"384","Rv1317c",0.182217179138888,1.63290802653846,0.861482998214406,0.400903857502364,0.709423795382196,-6.10856134910293
"3088","Rv3719",-0.137718661694444,1.18348478938462,-0.860856544781281,0.401239290895496,0.709783036039558,-6.10909560554217
"4570",NA,-0.132391890416667,1.50910838761538,-0.860203953360321,0.401588915049804,0.709977783651797,-6.10965177503772
"4774",NA,0.153101315472222,1.55956721415385,0.860156588295242,0.401614298513479,0.709977783651797,-6.10969212678146
"2772","Rv0338c",-0.162402374055555,1.00525332169231,-0.858517950128963,0.402493108889945,0.711031752384266,-6.1110868805903
"653","Rv1553",-0.202826949055556,1.03658409546154,-0.858482305165919,0.402512239426756,0.711031752384266,-6.11111719333591
"613","Rv1516c",0.195523719555556,0.876643157076923,0.858303031058334,0.402608464269822,0.711031752384266,-6.11126963192293
"1620","Rv2415c",0.208225372361111,1.72128869476923,0.857631717456655,0.402968923325015,0.711077912079873,-6.11184019777893
"1204","Rv2050",-0.159322657166667,1.67815446738462,-0.857137597462885,0.403234373609299,0.711077912079873,-6.11225990132616
"1583","Rv2386c",0.130777495,0.662025053769231,0.857107392458436,0.403250603990789,0.711077912079873,-6.1122855501539
"2114","Rv2852c",-0.204548653,1.34616378707692,-0.857035975298392,0.403288981041435,0.711077912079873,-6.11234619133069
"1120","Rv1974",0.151917869666667,0.925048447769231,0.856906985606751,0.403358301571531,0.711077912079873,-6.11245570631805
"2953","Rv3600c",-0.175048032361111,1.28013184892308,-0.856595296776494,0.403525838800309,0.711077912079873,-6.11272027445426
"3885","Rv0891c",0.229939544277778,1.47830859876923,0.856421073976535,0.403619505844353,0.711077912079873,-6.11286812008794
"3654","Rv0682",0.186343230805555,1.27493957984615,0.856153200340038,0.4037635498678,0.711077912079873,-6.11309538418893
"4822",NA,0.18674660775,2.17468618830769,0.856032294977549,0.403828575442376,0.711077912079873,-6.11319793902279
"1151","Rv0195",-0.1590886825,1.53551605484615,-0.855342600524179,0.404199638981041,0.711396373486081,-6.11378270078003
"2858","Rv3515c",0.152387972777778,1.44253249476923,0.854936387803309,0.404418290098017,0.711396373486081,-6.11412690877493
"2700","Rv3368c",-0.149927995722222,1.10297645276923,-0.854496409480788,0.404655203115769,0.711396373486081,-6.11449955939093
"619","Rv0149",0.197510955638888,1.56822574615385,0.85443727371469,0.404687052562847,0.711396373486081,-6.1145496325069
"2102","Rv2841c",0.149356787805555,1.02778744184615,0.854222547855149,0.404802713737669,0.711396373486081,-6.11473142459517
"4226",NA,0.2085744375,3.538757329,0.854146417381606,0.404843726266913,0.711396373486081,-6.11479586843782
"4642",NA,-0.139770297888889,0.711535610615385,-0.853808227023688,0.405025946773867,0.711396373486081,-6.11508208028875
"544","Rv1458c",-0.200980635305555,1.06493965592308,-0.853724220533675,0.405071218634239,0.711396373486081,-6.11515315921558
"4199",NA,-0.154194571361112,3.13605950938462,-0.853094464210249,0.405410705012255,0.711759377289775,-6.11568579972236
"976","Rv1847",-0.197638823805556,1.91888127723077,-0.852213186988916,0.405886091171782,0.712248878057671,-6.11643056895915
"2374","Rv0303",-0.254521674972222,1.59510605830769,-0.852084972343973,0.405955284042198,0.712248878057671,-6.11653886464151
"4726",NA,0.115508157805556,0.721044360923077,0.851451617721576,0.406297195548563,0.712615500045908,-6.11707360448175
"1919","Rv2675c",0.216517106416667,1.61567208853846,0.851192249152373,0.406437267681347,0.712627986513581,-6.11729248357448
"3078","Rv3710",-0.136368505472222,1.24338074992308,-0.850609195141072,0.406752260958788,0.712947063027831,-6.11778429508973
"3547","Rv0591",-0.131747425194444,1.47215787184615,-0.849964858736076,0.407100546456718,0.713324265775746,-6.11832743949025
"2078","Rv2821c",-0.137100850861111,0.950251550076923,-0.848621864294024,0.407827102930776,0.714185808230896,-6.11945830562021
"1112","Rv1967",0.225497552611111,1.27301749076923,0.848563450586616,0.407858723693055,0.714185808230896,-6.11950745556311
"1794","Rv2563",0.157058455861111,1.65201085138462,0.847369591941208,0.408505337200082,0.714461005119131,-6.12051130161777
"4551",NA,-0.118819332416666,1.49423862792308,-0.847327900655618,0.408527929902152,0.714461005119131,-6.12054633395795
"3000","Rv3644c",0.151602321222222,1.08256850015385,0.847175901998416,0.408610305549566,0.714461005119131,-6.12067404194919
"695","Rv1592c",-0.172370549027778,1.25267421023077,-0.846411470998083,0.409024752178919,0.714461005119131,-6.12131599173756
"305","Rv1252c",-0.144446468,0.990578353076923,-0.846365948260563,0.409049441546256,0.714461005119131,-6.12135420380389
"4773",NA,-0.1811901715,2.426037692,-0.845591370656448,0.409469683705518,0.714461005119131,-6.1220040999589
"45","Rv0098",0.1723431315,0.804976393153846,0.845495886358586,0.409521507474117,0.714461005119131,-6.12208417662658
"3633","Rv0664",-0.144029359333333,1.39535200661538,-0.845495721938919,0.409521596715982,0.714461005119131,-6.12208431450784
"1570","Rv2374c",-0.196727675305556,1.34372047684615,-0.844908106780127,0.409840616407637,0.714461005119131,-6.12257692755185
"5148",NA,0.115395806666667,1.09291533861538,0.844691983022562,0.409957991746343,0.714461005119131,-6.12275803063884
"469","Rv1390",0.132496122555555,1.17943258984615,0.844572706553647,0.410022779307932,0.714461005119131,-6.12285796134963
"3929","Rv0930",0.242176624555556,3.12434481507692,0.844489947484374,0.410067735561162,0.714461005119131,-6.12292728990004
"4764",NA,-0.179121035888889,1.985717878,-0.844431214072237,0.410099642571142,0.714461005119131,-6.12297648800301
"3676","Rv0701",0.201435108916667,0.970086524153846,0.844223375490798,0.410212564090228,0.714461005119131,-6.12315055897971
"3285","Rv3896c",-0.109448067194445,1.01864770392308,-0.844010311711608,0.410328345430897,0.714461005119131,-6.12332896538327
"152","Rv1116",0.177180814833334,1.96983431253846,0.843946099091969,0.410363243466181,0.714461005119131,-6.12338272494431
"363","Rv1302",-0.193157748361111,1.50366062723077,-0.843859816049563,0.41041013927877,0.714461005119131,-6.12345495621037
"2345","Rv3054c",-0.157692876861111,0.819564712076923,-0.843639286637085,0.410530015284544,0.714461005119131,-6.12363954010805
"671","Rv1569",-0.219042634861112,2.63467706969231,-0.843605307057915,0.410548488016217,0.714461005119131,-6.12366797719778
"3223","Rv3840",-0.142800507861111,1.37082659969231,-0.842634165929061,0.411076668719227,0.715147985827672,-6.12448026865008
"525","Rv1441c",0.140142814888889,1.50591177376923,0.842373239528309,0.4112186553215,0.71516287882,-6.12469836885664
"1941","Rv2695",0.199331348583334,1.23871630569231,0.840936291122088,0.412001158395675,0.716167070223782,-6.12589835744751
"1910","Rv0262c",0.173660716527777,1.57579104815385,0.84082226799144,0.412063291897415,0.716167070223782,-6.12599349701891
"3236","Rv3851",-0.140965053333334,2.44821059423077,-0.840366072312481,0.412311942692893,0.716366940951024,-6.1263740228133
"2735","Rv3401",0.16909490825,0.866538593461538,0.839769632992853,0.41263717988601,0.716385740895259,-6.12687124362881
"1603","Rv2400c",0.130844779083333,0.902111106307692,0.83967745811538,0.412687457444343,0.716385740895259,-6.12694805615157
"4167",NA,-0.128128375666666,1.61907059492308,-0.839610971920579,0.412723725351597,0.716385740895259,-6.12700345659454
"2031","Rv2777c",-0.214191825583333,1.29479599376923,-0.839333255293604,0.412875240722195,0.716410971285651,-6.12723482381998
"3251","Rv3865",-0.260042424472222,1.30291079046154,-0.839094408119888,0.413005578595646,0.716410971285651,-6.12743375243604
"1552","Rv2358",-0.155504596083333,1.02106125069231,-0.838436521117166,0.413364722020663,0.716437943785306,-6.12798141767209
"3001","Rv3645",-0.132346669916667,1.09269856661538,-0.838188927151398,0.413499936842041,0.716437943785306,-6.12818742773067
"2584","Rv3263",0.136270342666666,1.43797198846154,0.838127769164103,0.413533340541391,0.716437943785306,-6.12823830549761
"1249","Rv2089c",0.115995432111111,1.06941827392308,0.83808668121787,0.413555783222339,0.716437943785306,-6.12827248493762
"301","Rv1248c",-0.124080396583333,0.660513626230769,-0.837453784247069,0.413901577663008,0.716805317051284,-6.12879877235176
"2008","Rv2756c",0.138010498694444,0.795085136615385,0.837033547334791,0.41413128450361,0.716971474463614,-6.12914801973676
"985","Rv1855c",-0.1621002285,1.12833689838462,-0.836569415705836,0.414385080252466,0.717179215419185,-6.1295335595294
"812","Rv1696",0.145741382611111,0.936651299769231,0.834924180001065,0.41528553277872,0.718505634504177,-6.13089862205985
"4546",NA,-0.130005219194445,2.43953004546154,-0.834164359082927,0.415701814677003,0.718993780790169,-6.1315282160392
"1019","Rv1885c",-0.127370482027778,0.852565723769231,-0.833601675042803,0.416010264513656,0.719295167030064,-6.13199412092119
"714","Rv1609",0.17162960175,1.17717365076923,0.832144916325168,0.416809508350761,0.72022849767079,-6.13319897979801
"5225",NA,0.175509084305555,1.41000689538462,0.831360536928593,0.417240262933531,0.72022849767079,-6.13384692264222
"297","Rv1245c",0.226697917722222,1.75135349176923,0.831197881784063,0.417329623415426,0.72022849767079,-6.13398121481884
"847","Rv1726",0.137548008194445,1.54529970338462,0.831176633044384,0.417341298086304,0.72022849767079,-6.13399875652642
"344","Rv1285",0.133758999722222,0.907030311923077,0.831094556960695,0.417386395025724,0.72022849767079,-6.13406650982925
"3163","Rv3787c",-0.175521918305556,1.45247571953846,-0.83107734715342,0.417395851400597,0.72022849767079,-6.1340807156384
"4950",NA,0.122537645111111,1.45771375830769,0.830520941740855,0.417701656921805,0.72022849767079,-6.13453985374262
"5281",NA,-0.128249522805556,2.13485660207692,-0.830380324595425,0.417778964161827,0.72022849767079,-6.134655844273
"2807","Rv3466",-0.297283387305556,1.32676943292308,-0.830306533089088,0.417819536272768,0.72022849767079,-6.13471670526403
"789","Rv1676",-0.155390409027778,1.37668000076923,-0.829380433885412,0.418328940004543,0.72022849767079,-6.13548010033363
"2297","Rv0296c",0.123406101222222,0.760666441153846,0.829223393509779,0.418415360047935,0.72022849767079,-6.13560947288172
"2475","Rv3168",0.137804925444445,0.862247741923077,0.829204616897125,0.418425693671049,0.72022849767079,-6.13562493986668
"2885","Rv3538",0.248892212666666,1.17240494738462,0.829019220550638,0.418527734493413,0.72022849767079,-6.13577764032928
"3829","Rv0840c",0.139499790777778,0.988405879230769,0.829009354137243,0.418533165344045,0.72022849767079,-6.13578576585365
"1902","Rv2658c",0.244470591472222,0.814054653769231,0.828950378413047,0.418565628776961,0.72022849767079,-6.13583433369119
"124","Rv1088",0.141893830694444,2.87900544223077,0.828030168673488,0.419072371243111,0.720662174462241,-6.13659173498371
"518","Rv1435c",-0.120077620555556,1.05654157461538,-0.828004400870585,0.419086566753508,0.720662174462241,-6.13661293265757
"840","Rv0168",0.134497273111111,1.47943398076923,0.826691981275849,0.419809987726443,0.721674642146804,-6.13769178037792
"2129","Rv2865",-0.140459807027778,1.02962375538462,-0.826122469919984,0.42012415772336,0.721983163000067,-6.13815944505386
"3519","Rv0566c",0.180337131944444,0.799794349153846,0.824580088457017,0.42097576551769,0.722785752209507,-6.13942450860209
"1189","Rv2036",-0.142390372777778,1.02092014061538,-0.824549952116152,0.420992415935008,0.722785752209507,-6.13944920477339
"171","Rv1133c",0.182757873166667,1.15083237592308,0.824543952041196,0.420995731044418,0.722785752209507,-6.13945412162402
"2978","Rv3624c",-0.138642177166667,1.71763530276923,-0.82400487023038,0.421293647990447,0.723065627034517,-6.13989574564895
"4987",NA,0.178261793805556,1.86918612784615,0.822758761399186,0.42198281047981,0.723766045776145,-6.14091555795877
"816","Rv1700",0.204282210749999,2.22494800015385,0.822720174105084,0.422004162735786,0.723766045776145,-6.1409471149902
"218","Rv1175c",-0.142545278888889,1.01282965692308,-0.822534636702487,0.422106839383625,0.723766045776145,-6.14109883006935
"2120","Rv2858c",-0.137309710805556,0.794164362230769,-0.820868076522311,0.423029831280037,0.724915075803072,-6.14246017198169
"1184","Rv0198c",0.156844728972222,1.20264266761538,0.820621566970959,0.423166465051637,0.724915075803072,-6.14266131893928
"1510","Rv2317",-0.169871976361111,1.02691167230769,-0.820592279795401,0.42318270003504,0.724915075803072,-6.14268521299658
"3453","Rv0505c",-0.109783426638889,1.348133359,-0.819996121264306,0.423513259502268,0.725249543428804,-6.14317142030828
"5295",NA,0.144671215472222,1.89005848307692,0.817957194451187,0.424645052814968,0.725917695836133,-6.14483183783197
"633","Rv1534",0.236901635972222,0.955632765153846,0.817838583816141,0.424710951949062,0.725917695836133,-6.14492831201655
"2938","Rv0353",0.140595655527778,1.20909201407692,0.817446242939876,0.424928979843255,0.725917695836133,-6.14524733783548
"1976","Rv0268c",0.131131544777778,1.08818107815385,0.817413243815764,0.424947321047003,0.725917695836133,-6.14527416411359
"1852","Rv2614A",-0.117690175833333,0.958151210461539,-0.81700884418856,0.425172130852327,0.725917695836133,-6.14560283520071
"5030",NA,0.136997609888889,1.12431517515385,0.816905131950823,0.425229797718347,0.725917695836133,-6.14568710192752
"2220","Rv2946c",-0.167471554916667,1.63298559553846,-0.816824078751307,0.425274868998941,0.725917695836133,-6.14575295119535
"3627","Rv0659c",0.146686493388889,1.09188386523077,0.816559209846301,0.425422175941078,0.725917695836133,-6.14596809402408
"173","Rv1135c",-0.134617845861111,1.91008732553846,-0.816554588798017,0.425424746226954,0.725917695836133,-6.1459718469523
"3788","Rv0805",0.125932508777778,1.76417706553846,0.816441408796557,0.425487701468963,0.725917695836133,-6.1460637585951
"1444","Rv2260",-0.237973745111111,2.02605682069231,-0.815705781468671,0.425897031245124,0.725917695836133,-6.14666086295603
"3664","Rv0691c",-0.215829073027778,0.971407214769231,-0.815540943389886,0.425988787475138,0.725917695836133,-6.1467945929025
"1665","Rv2453c",0.161556734555556,1.32880510107692,0.815225001457414,0.42616468998355,0.725917695836133,-6.14705084073453
"3468","Rv0519c",-0.130198077666667,1.22430571230769,-0.814688242151433,0.426463639693248,0.725917695836133,-6.14748597449561
"2535","Rv3220c",-0.158917715166667,1.35750189284615,-0.814631529837329,0.426495233569806,0.725917695836133,-6.14753193391385
"3713","Rv0735",0.177341764666667,1.28168609584615,0.814590971158635,0.426517829325971,0.725917695836133,-6.14756480068261
"3007","Rv3650",0.18234616375,2.43382860107692,0.814552323924374,0.426539360899883,0.725917695836133,-6.14759611710436
"1635","Rv0238",0.11481266825,0.961408492153846,0.814491415905602,0.426573296049879,0.725917695836133,-6.14764546898172
"987","Rv1857",-0.207689430305556,0.729380273538462,-0.814485571763195,0.426576552227751,0.725917695836133,-6.14765020412976
"1392","Rv2219",-0.158685959805556,1.18816369461538,-0.814421811173001,0.426612078709668,0.725917695836133,-6.14770186336381
"4900",NA,-0.121924396083334,3.41639330146154,-0.814117552143051,0.426781633344052,0.725975739360241,-6.14794832452346
"1149","Rv1998c",0.183591488527778,1.074231124,0.813712057534573,0.427007670131171,0.726072283910765,-6.14827665806853
"3691","Rv0715",-0.189275344222223,1.65104998123077,-0.813529763759199,0.427109311785567,0.726072283910765,-6.14842421416257
"3151","Rv3776",0.192136330611111,1.31678490315385,0.813268120054936,0.427255223476964,0.726090043702133,-6.1486359459923
"739","Rv1632c",-0.151482869138889,1.75315673069231,-0.812812148431818,0.427509582272072,0.726292032005802,-6.14900478486039
"3235","Rv3850",0.187146200138889,1.25104692469231,0.811006505856042,0.428517783839984,0.727673394523124,-6.15046350582991
"2995","Rv3639c",0.143466945888889,1.23212390923077,0.810869759754005,0.428594198975654,0.727673394523124,-6.15057385653343
"951","Rv1824",-0.235474499583334,3.39955970784615,-0.810364322080533,0.428876717732657,0.72779053570135,-6.15098158291678
"274","Rv1225c",-0.132199628388889,1.58992687984615,-0.81026051198442,0.428934757888165,0.72779053570135,-6.15106529534519
"4017",NA,-0.0954333210555556,1.56015992223077,-0.809963795082631,0.429100679550869,0.727841658985017,-6.15130451310543
"1234","Rv2075c",0.176577507277778,1.29525037607692,0.809674339827565,0.429262579734121,0.727885930836725,-6.15153779837868
"1643","Rv2435c",0.133355173944444,1.09005971023077,0.809074818965784,0.429598031065443,0.728224366385443,-6.15202073460644
"1125","Rv1979c",0.186232280444444,1.02811144730769,0.808026987133265,0.430184725303687,0.728852177096001,-6.15286400777306
"2001","Rv2748c",0.156927293638889,1.53215060876923,0.80788330054746,0.430265216740078,0.728852177096001,-6.15297956495735
"2872","Rv0034",0.155089229416667,1.79547970376923,0.807496201553642,0.430482112182551,0.728852177096001,-6.15329078735101
"1045","Rv1908c",0.121626317805556,0.984654442153846,0.807230409831262,0.430631077980611,0.728852177096001,-6.15350440045995
"4710",NA,-0.128044354555556,1.28507025138462,-0.806483082486364,0.431050100186169,0.728852177096001,-6.15410466853765
"3938","Rv0938",0.149201459583333,0.862614950923077,0.806190094857121,0.431214446986268,0.728852177096001,-6.15433986166785
"4233",NA,-0.121493609333334,1.07292434369231,-0.806106136743155,0.431261549267272,0.728852177096001,-6.1544072437023
"1025","RVnc0001",-0.292849995027778,0.853664784,-0.806021216791803,0.431309194466421,0.728852177096001,-6.15447539107285
"1656","Rv2446c",-0.184115134611112,2.76822247353846,-0.805976774885617,0.43133413037387,0.728852177096001,-6.15451105258946
"1914","Rv2670c",-0.118451398777778,1.17507253346154,-0.805746481892622,0.431463360049261,0.728852177096001,-6.1546958174517
"1759","Rv2532c",0.154691323638889,1.22178906453846,0.805651317109009,0.431516769223905,0.728852177096001,-6.15477215422385
"2091","Rv2832c",0.164371029805555,1.26977383107692,0.805502761593621,0.431600151138565,0.728852177096001,-6.15489130189016
"3674","Rv0699",-0.150291330694445,2.54366564992308,-0.8035994579316,0.432669346259015,0.730427620771124,-6.15641603138951
"345","Rv1286",0.157409304027778,1.04490334676923,0.803267876797956,0.432855785219646,0.730512282360612,-6.15668131841012
"3574","Rv0614",-0.1096904165,1.37454814938462,-0.802895412282748,0.433065272194689,0.730635775562964,-6.1569791940239
"3978","Rv0974c",-0.111346801111111,0.775648127076923,-0.802005094169156,0.433566276974929,0.731121246618724,-6.15769070089041
"4687",NA,0.141235128888889,1.01456832815385,0.801899309613508,0.433625828918083,0.731121246618724,-6.15777519113464
"3892","Rv0086",-0.114798402388889,1.69547829846154,-0.800684186223897,0.434310258245909,0.732044963584299,-6.15874497156796
"2875","Rv3529c",-0.124166196416666,1.53403688784615,-0.800230617008104,0.434565909470667,0.732245606652868,-6.15910661259502
"4165",NA,0.122168517805556,3.42958240038462,0.799102385524186,0.435202240212807,0.733087368805986,-6.16000535401772
"1509","Rv2316",-0.164939622361111,1.74431134192308,-0.798594290339222,0.435489000864373,0.733339944905133,-6.16040971558754
"3161","Rv3785",-0.187283813222223,1.72464331546154,-0.798046863342033,0.435798092655429,0.733566583014445,-6.16084511229698
"3811","Rv0826",0.129849504055556,1.053408036,0.797871197854502,0.435897307257651,0.733566583014445,-6.16098476943229
"859","Rv1735a",0.215868912611111,1.87464287123077,0.797501137715309,0.43610636099748,0.733688039845102,-6.16127888051054
"2922","Rv3571",0.110822845555556,0.919387095461538,0.796745637188097,0.436533352570564,0.733742125339687,-6.16187893384894
"1651","Rv2441c",0.112199329611111,1.13671287746154,0.79641442509535,0.436720628789332,0.733742125339687,-6.16214183159697
"4126",NA,0.220902644083334,2.675347823,0.795999814104593,0.436955132057114,0.733742125339687,-6.16247078398118
"1896","Rv2653c",0.160054325611111,1.99340747030769,0.795441602815567,0.437270980198019,0.733742125339687,-6.16291341809194
"652","Rv0152c",0.134705015777778,1.01235319861538,0.795395583467257,0.437297025339616,0.733742125339687,-6.16294989633157
"2916","Rv0351",-0.150363838361111,1.34347745830769,-0.79524212554897,0.437383883520149,0.733742125339687,-6.16307152395809
"1287","Rv2124c",0.13321356475,1.27926177984615,0.795047483303624,0.437494067863841,0.733742125339687,-6.16322576215155
"1818","Rv2585c",-0.15029725725,0.969787322923077,-0.794834707322031,0.437614537384983,0.733742125339687,-6.16339432981987
"1409","Rv2231c",0.183488433638889,1.31960597130769,0.79481826085043,0.437623849915496,0.733742125339687,-6.16340735747851
"2457","Rv3152",-0.118321556555556,0.920900368230769,-0.794578099237571,0.437759851436969,0.733742125339687,-6.16359756698975
"3346","Rv0413",0.186223960694444,2.82110766223077,0.79420101449482,0.437973444846243,0.733742125339687,-6.16389611296137
"778","Rv1665",0.168801974444444,1.14644152638462,0.794149005175522,0.438002909789446,0.733742125339687,-6.1639372795302
"5240",NA,0.231977072305556,2.34133449284615,0.79408640584966,0.438038375957763,0.733742125339687,-6.16398682501744
"4521",NA,-0.193363385666666,1.28509150469231,-0.793542237568194,0.438346754840966,0.733742125339687,-6.16441736532111
"746","Rv1638",0.128429140944444,1.06675128169231,0.793421569454857,0.438415155597087,0.733742125339687,-6.16451279961268
"367","Rv1305",-0.172985549166667,2.21123706115385,-0.79330796860062,0.438479556385413,0.733742125339687,-6.16460263223526
"1063","Rv1924c",0.158750154666666,1.18318095623077,0.793201480855088,0.438539930103999,0.733742125339687,-6.1646868291647
"2286","Rv0295c",-0.175349521944445,1.85828971461538,-0.793091007555986,0.438602568953052,0.733742125339687,-6.16477416628519
"5142",NA,-0.124691445916666,1.96356739107692,-0.79263770548758,0.438859651895032,0.733943130782331,-6.16513241619535
"431","Rv1357c",-0.131570207194444,1.10839282123077,-0.792224700961352,0.439093962859281,0.734105939153384,-6.1654586531185
"4598",NA,-0.162105138361111,2.520387074,-0.791651856060347,0.439419086091609,0.734420424524797,-6.16591088869536
"702","Rv1598c",0.127219356527778,1.11758905738462,0.791221227108149,0.439663592543732,0.734600017467084,-6.1662506513231
"4234",NA,-0.135307860305556,1.57853485723077,-0.789950463538586,0.440385614269261,0.735577093326033,-6.16725227332225
"2748","Rv3413c",0.149777056916667,1.02390586638462,0.789562248110207,0.440606337986113,0.735716502057809,-6.16755796872546
"5161",NA,-0.149798230083334,2.31890599276923,-0.789197931711812,0.440813536529273,0.735833246900313,-6.16784471830875
"4606",NA,-0.221535695305556,3.31272027176923,-0.787671415893781,0.441682377116075,0.736944033241341,-6.16904488723204
"434","Rv1360",-0.141652758083333,1.12276963169231,-0.787358891675735,0.441860386907411,0.736944033241341,-6.16929033232576
"3106","Rv3734c",-0.156337254944444,1.06635235630769,-0.786897166233903,0.442123461696355,0.736944033241341,-6.16965278912471
"4808",NA,-0.104603789166667,1.26203613261538,-0.786871712394422,0.442137967232134,0.736944033241341,-6.1696727647764
"5215",NA,0.104063050777777,0.914744945538462,0.786661033891925,0.442258039277624,0.736944033241341,-6.16983807791716
"1308","Rv2142c",-0.211545962916667,1.15313464984615,-0.786414124278906,0.442398786402897,0.736944033241341,-6.17003176822146
"3393","Rv0456A",-0.148641668722222,1.65577502784615,-0.786339379479151,0.442441399061685,0.736944033241341,-6.17009039127122
"3905","Rv0909",-0.147812478638889,1.32665491676923,-0.785994979539412,0.442637777509484,0.737042089919489,-6.17036044054431
"2502","Rv3195",-0.161715685583333,0.997815511153846,-0.785119206458589,0.443137392042898,0.737644851350911,-6.17104665279082
"3029","Rv3669",-0.145213753694444,1.38637696853846,-0.784859593341276,0.443285564644623,0.737662411206203,-6.17124993620349
"4840",NA,0.138076151027778,1.38014030023077,0.784093467027933,0.44372300639801,0.737811054091027,-6.17184946779099
"1396","Rv2221c",0.164931626277778,1.08774805307692,0.783716581711584,0.443938298425251,0.737811054091027,-6.17214419954021
"408","Rv0130",-0.1408623955,0.951978988538462,-0.783282529050821,0.444186327255769,0.737811054091027,-6.17248347418108
"3710","Rv0732",0.133566570916667,0.815526479230769,0.783190351782472,0.44423901080762,0.737811054091027,-6.17255550150823
"591","Rv1498c",0.172055830333333,0.997632281846154,0.783121368186459,0.444278440650822,0.737811054091027,-6.17260940014525
"1344","Rv2175c",0.225322135444444,1.90694137261538,0.783074684368517,0.444305125557394,0.737811054091027,-6.17264587289637
"4038",NA,0.0968983038333333,1.26448079061538,0.783016390551719,0.444338448247357,0.737811054091027,-6.1726914133763
"2453","Rv3148",-0.117176722027778,0.998892279230769,-0.782707189954857,0.444515223607282,0.737875998307535,-6.17293291538157
"2897","Rv3549c",-0.157307108111111,1.339118792,-0.782407364313723,0.444686680897539,0.737932077278889,-6.17316701041688
"608","Rv0148",0.139110807805556,1.08425528007692,0.781746057927891,0.445064998679313,0.737998780728765,-6.17368304434698
"1865","Rv2626c",-0.160545668027778,1.05499564430769,-0.781471722251131,0.445221998323836,0.737998780728765,-6.1738969963477
"952","Rv1825",0.152921593527778,1.09352767776923,0.781114663502992,0.445426391106088,0.737998780728765,-6.17417535882161
"178","Rv1140",-0.159597358805556,1.66116380707692,-0.781072902688308,0.445450300247698,0.737998780728765,-6.17420790776854
"3571","Rv0612",0.182696720694444,1.74587089384615,0.78079591626918,0.445608902279578,0.737998780728765,-6.17442375381027
"4972",NA,-0.0993353496388889,1.66454436307692,-0.780456899294127,0.445803070638384,0.737998780728765,-6.1746878412969
"96","Rv1064c",0.167507121972222,1.53028891230769,0.780438723616362,0.445813482047414,0.737998780728765,-6.17470199677781
"4106",NA,0.205962618027778,2.25804394653846,0.780412737135324,0.445828367910399,0.737998780728765,-6.17472223489311
"2125","Rv2862c",0.127392284916667,1.70560994453846,0.780057254849709,0.446032030177785,0.738107959787875,-6.17499901946743
"2539","Rv0030",0.222078949277778,2.66659256838462,0.778976176931792,0.446651754109747,0.738905370996371,-6.17584004478765
"3590","Rv0630c",-0.109912121,1.15352887115385,-0.778248646813857,0.447069108528178,0.739322160173667,-6.17640541686774
"4066",NA,0.1473148225,1.11091588330769,0.778056178281814,0.447179560313998,0.739322160173667,-6.17655490422449
"4966",NA,-0.135974653388889,1.80036034,-0.777511154343719,0.447492424572264,0.739611284522768,-6.17697802940977
"3669","Rv0695",0.177753230888889,1.57715435107692,0.777186397998759,0.447678911400674,0.739691419576945,-6.17723002041864
"681","Rv1579c",-0.221887572888889,1.56772158046154,-0.776856003054415,0.4478686855059,0.73977693507292,-6.17748628615413
"531","Rv1446c",0.107814249472222,0.904315715,0.775495944704645,0.448650407910961,0.739876742421772,-6.17854012695218
"1839","Rv2603c",-0.120077152194444,0.914402361615385,-0.77546855900032,0.448666157090994,0.739876742421772,-6.17856132911284
"2518","Rv3205c",0.156708002083333,1.45640478953846,0.775438759360977,0.44868329488377,0.739876742421772,-6.17858439936365
"5286",NA,-0.126689196000001,1.69397607007692,-0.7754307996307,0.448687872598575,0.739876742421772,-6.17859056147898
"13","Rv0985c",-0.134081369861111,1.748091508,-0.775268855199749,0.448781014618279,0.739876742421772,-6.17871591981504
"4508",NA,-0.118357542555556,1.26312309684615,-0.774898559486406,0.448994034399452,0.739876742421772,-6.17900246767649
"1563","Rv2368c",0.115421683083334,0.971856500307692,0.774891835312467,0.448997903188681,0.739876742421772,-6.17900766990152
"5344",NA,0.141640125638889,2.08335246976923,0.774830135331692,0.449033403563064,0.739876742421772,-6.17905540275334
"5145",NA,0.205578304833333,1.96776067730769,0.773970151786022,0.449528393744028,0.740346288015367,-6.17972034216088
"3323","Rv0393",-0.105502812388889,1.56739129992308,-0.773855134957563,0.449594620800376,0.740346288015367,-6.17980922109095
"46","Rv1013",-0.139655153916667,0.854304543923077,-0.773226317254648,0.449956802608102,0.740562355297696,-6.18029492086419
"5232",NA,-0.196389012805556,0.887069053,-0.773147585672445,0.450002162538171,0.740562355297696,-6.18035570737483
"62","Rv1028c",0.133326939944445,1.02265353561538,0.772669584549535,0.450277615784987,0.740788219953201,-6.18072463534965
"4189",NA,0.100671934888888,1.52126461192308,0.771461342084739,0.450974342359091,0.741498663935038,-6.18165622683396
"3866","Rv0875c",0.13075278175,1.23320475284615,0.771339863628005,0.451044429038933,0.741498663935038,-6.18174981530342
"1427","Rv2245",-0.133776243333334,1.45851638069231,-0.771201151259084,0.451124466994806,0.741498663935038,-6.18185666420593
"5042",NA,-0.171318786916667,2.19503524923077,-0.770061319212197,0.451782489289028,0.742179021462599,-6.18273398900646
"3449","Rv0502",0.149630369027778,1.15192129423077,0.770004466091454,0.451815325938892,0.742179021462599,-6.18277771701655
"2606","Rv3283",-0.111089356333334,1.10260292007692,-0.76856278140409,0.452648490966696,0.743219697648341,-6.18388556941015
"1055","Rv1917c",0.112409048833333,1.38299731569231,0.768428437723688,0.452726177765268,0.743219697648341,-6.18398870635311
"2418","Rv0307c",-0.248608673833334,2.44061037223077,-0.768003260826624,0.452972098505811,0.743395728105066,-6.18431500806853
"1769","Rv2540c",-0.191366420722222,1.46151630938462,-0.766553052716677,0.453811511590601,0.744450147849388,-6.18542670347304
"4412",NA,-0.126462517916667,1.96190321930769,-0.766413451632857,0.453892366263396,0.744450147849388,-6.18553361506403
"3846","Rv0857",-0.106657783805556,0.865506326076923,-0.766168094802944,0.45403449439466,0.74445545731275,-6.18572147427907
"1400","Rv2224d",-0.143787993555555,2.454825485,-0.765834568902999,0.454227740173579,0.744544552700423,-6.18597675087697
"371","Rv1309",-0.155287659611111,1.06662151923077,-0.764856168176956,0.454794919570772,0.745045778636322,-6.18672500894558
"537","Rv1452c",-0.156283687527778,2.06131406669231,-0.764827530220832,0.454811527555606,0.745045778636322,-6.18674689715521
"2137","Rv2872",0.199262940611111,1.72511583307692,0.763584158359652,0.455532954043076,0.745800814224205,-6.18769647905694
"4129",NA,-0.191318640388888,2.38362058007692,-0.763553552033315,0.455550721225755,0.745800814224205,-6.1877198354056
"3611","Rv0644c",-0.134577488527778,1.34781876223077,-0.762748703035068,0.456018094123466,0.746152145770543,-6.18833371972954
"565","Rv1475c",0.130403390333333,1.11019275923077,0.76248020798989,0.456174073583193,0.746152145770543,-6.18853837526969
"18","Rv0990c",0.145068998166667,0.985545149846154,0.762388547295817,0.456227330414826,0.746152145770543,-6.18860822660631
"2314","Rv3028c",0.139060183944444,0.984796189538462,0.762104419551784,0.456392438944534,0.746152145770543,-6.18882470043164
"4346",NA,0.194329332055556,1.45478516292308,0.761759621437658,0.456592852594223,0.746152145770543,-6.18908729726803
"3724","Rv0746",-0.161969378138889,1.88442974984615,-0.761746351496587,0.45660056681481,0.746152145770543,-6.18909740138603
"1922","Rv2677c",0.221714301944445,1.54142475923077,0.761395790248986,0.456804387646639,0.746197733160993,-6.18936426942728
"4885",NA,0.13091254475,0.686098006,0.761120542300974,0.456964459394408,0.746197733160993,-6.18957372420553
"1726","Rv2506",-0.122814919472222,1.02994493876923,-0.760784349981806,0.457160020212302,0.746197733160993,-6.18982945983344
"358","Rv1297",0.133687077972222,0.899356979692308,0.760740850079797,0.457185327556101,0.746197733160993,-6.1898625417481
"3949","Rv0948c",-0.143966120055555,1.24169556515385,-0.760349941888671,0.457412788334585,0.746341718561149,-6.19015975039024
"1917","Rv2673",-0.147058080333333,0.702378144769231,-0.759383637320504,0.457975356531645,0.746920883906935,-6.19089382294267
"2889","Rv3542c",0.173898797888889,1.33134543146154,0.759033259343116,0.458179445869424,0.746920883906935,-6.19115977937842
"1764","Rv2537c",-0.14453233125,0.770091960538462,-0.758884384013111,0.458266180098257,0.746920883906935,-6.19127274938723
"2265","Rv2985",-0.162188030111111,0.938101296153846,-0.757210925042935,0.459241821463351,0.746920883906935,-6.19254118542756
"150","Rv1114",-0.199807493972222,1.38438769269231,-0.756058951790083,0.459914168382867,0.746920883906935,-6.19341283048337
"4537",NA,0.217150847972222,1.47374604869231,0.755925081767659,0.459992340282173,0.746920883906935,-6.19351404339688
"3596","Rv0634A",-0.123405000638889,1.29360321953846,-0.755679045798479,0.460136031360203,0.746920883906935,-6.19370001613667
"722","Rv1616",-0.195235855305556,1.83590866030769,-0.755621251604429,0.460169788565343,0.746920883906935,-6.19374369319482
"566","Rv1476",0.197619604166667,1.21889266061538,0.755441990444738,0.460274503424453,0.746920883906935,-6.19387914716933
"4481",NA,-0.144149811916667,1.37112752661538,-0.755348341725591,0.460329213814592,0.746920883906935,-6.19394989842321
"453","Rv0134",-0.0991151753888893,1.86672929815385,-0.75519689945145,0.460417696087464,0.746920883906935,-6.19406429515675
"4956",NA,0.128601167722222,1.57432547515385,0.754955400305791,0.460558816796729,0.746920883906935,-6.19424667489334
"1366","Rv2195",-0.131126652527779,2.16154419653846,-0.754845846713486,0.46062284343943,0.746920883906935,-6.19432939161523
"4628",NA,0.139534385416666,2.09683774061538,0.754634104505312,0.460746607768225,0.746920883906935,-6.19448923247495
"1406","Rv2228c",0.157741044305556,1.13779211761538,0.754607830877259,0.460761966241886,0.746920883906935,-6.19450906310238
"2188","Rv2920c",-0.134367023305556,1.45843896292308,-0.754446472075266,0.460856296748034,0.746920883906935,-6.19463083824263
"4793",NA,0.0957483573611111,1.51818012407692,0.753991018515068,0.46112261878922,0.746920883906935,-6.19497443119447
"112","Rv1077",0.127482367944444,0.810914038461538,0.753882174391727,0.461186278206112,0.746920883906935,-6.1950565142193
"3167","Rv3790",-0.105072667611111,1.26988538946154,-0.753861355384193,0.461198455181799,0.746920883906935,-6.19507221327405
"3751","Rv0769",0.146444496555555,1.29332618446154,0.753802765709924,0.461232725159115,0.746920883906935,-6.1951163920012
"3224","Rv3841",-0.121498097861111,1.254567201,-0.753745776699683,0.461266060371719,0.746920883906935,-6.19515936069283
"2084","Rv2827c",-0.128824798972222,0.928087062461538,-0.753737558440924,0.461270867689818,0.746920883906935,-6.19516555686218
"2668","Rv3339c",0.17197481425,0.666589562538461,0.75367370290522,0.461308221394977,0.746920883906935,-6.19521369869546
"2769","Rv3430a",-0.139988977027778,2.03150166261538,-0.753592072664335,0.461355975488367,0.746920883906935,-6.1952752356493
"781","Rv1669",0.119659863277778,1.13895819430769,0.753423047632936,0.461454865532761,0.746920883906935,-6.19540263536844
"3677","Rv0702",-0.13398197,1.02653076853846,-0.753329856308648,0.461509393710139,0.746920883906935,-6.19547286531409
"2354","Rv3062",0.136293457722222,1.28509606669231,0.753294268659091,0.461530217817121,0.746920883906935,-6.1954996823935
"1442","Rv2258c",0.209610279916666,1.37714240792308,0.752879540385508,0.461772938162193,0.747014734492077,-6.19581211369136
"1739","Rv2516c",0.142759689611111,0.890316971769231,0.7527189480691,0.461866945915437,0.747014734492077,-6.19593305109549
"4345",NA,-0.0926419922500001,1.31383989338462,-0.751919338577223,0.462335195731846,0.747384931990284,-6.19653485493978
"4828",NA,0.149970300805556,1.37918148261538,0.751631895472555,0.462503592388509,0.747384931990284,-6.19675104495479
"1416","Rv0219",-0.14063233425,1.42364069346154,-0.751541409110829,0.462556610945699,0.747384931990284,-6.19681908503907
"5199",NA,0.185602517444444,0.831962098538461,0.751375924136424,0.462653582899955,0.747384931990284,-6.19694349958772
"2325","Rv3036c",0.190854059111111,1.12235367223077,0.750931282266206,0.46291419821365,0.747578077565073,-6.19727766243402
"36","Rv1004c",-0.150659489138888,1.871133899,-0.750620349665491,0.463096496292265,0.747578077565073,-6.19751122857202
"3994",NA,0.131648569444444,1.13911704730769,0.750458225082596,0.463191566342091,0.747578077565073,-6.1976329773455
"503","Rv1421",-0.147937740444445,1.15031522330769,-0.749842173599017,0.463552927764948,0.747936090553919,-6.19809538204355
"1356","Rv2186c",-0.130123994972222,1.37516454907692,-0.749082079955907,0.463999016750391,0.748218228556578,-6.19866541476873
"4158",NA,-0.104942435472222,1.46153773292308,-0.749068522056617,0.464006976067549,0.748218228556578,-6.19867557761807
"3658","Rv0686",-0.13709949,0.669613644461538,-0.74879939947844,0.464164984644404,0.748247915095941,-6.19887727329969
"3910","Rv0914c",0.109696403277777,1.17601950230769,0.748371976566183,0.464416002374293,0.748427472256828,-6.19919746892984
"315","Rv1261c",-0.246705575083333,1.16044415338462,-0.747965190661543,0.464654976807848,0.748587518993106,-6.19950204598053
"930","Rv1804c",-0.200630046861111,1.228723471,-0.747496693051755,0.464930297361162,0.748674451678668,-6.19985263720564
"4631",NA,-0.0986076980555557,1.91863762761538,-0.746915006696676,0.465272272748383,0.748674451678668,-6.20028764519223
"4577",NA,-0.153815576361111,4.15402881253846,-0.746853091754593,0.465308681724549,0.748674451678668,-6.20033392897696
"766","Rv1655",0.179397959638888,1.33467445469231,0.746692837290896,0.465402927103157,0.748674451678668,-6.20045370864706
"3488","Rv0538",0.145800990694444,1.33503754515385,0.746643092298993,0.465432184400001,0.748674451678668,-6.20049088486674
"5201",NA,0.196759156777778,3.61241636376923,0.746078482850125,0.465764335015738,0.748674451678668,-6.2009126754264
"2482","Rv3175",-0.0994800107222225,1.12697713484615,-0.745908584856638,0.465864311342155,0.748674451678668,-6.2010395390251
"2813","Rv3472",-0.157784510472222,0.840283918923077,-0.745814166165907,0.465919877553793,0.748674451678668,-6.20111003020416
"1350","Rv0213c",-0.114898789055556,1.224393217,-0.745735732776502,0.465966039328365,0.748674451678668,-6.20116858071742
"4166",NA,0.244572274083333,2.66035214892308,0.745379954741353,0.466175466352389,0.748746853260899,-6.20143409663857
"2205","Rv2935",0.10750424475,1.01841746584615,0.745184601417704,0.466290484362851,0.748746853260899,-6.20157983773949
"3441","Rv0495c",-0.118073208666667,1.56865194938462,-0.744429453456225,0.466735253611716,0.749236585612098,-6.2021428710806
"2366","Rv3073c",0.126919261472222,1.29715490476923,0.743814809634981,0.467097457622731,0.749593524807735,-6.20260075115048
"788","Rv1675c",0.112477774722222,0.864818179153846,0.743208971876533,0.467454638496547,0.749664229569782,-6.20305172477038
"2826","Rv3486",0.128417068916666,1.23888312338462,0.743085296498021,0.467527573473338,0.749664229569782,-6.20314374400366
"4597",NA,-0.0982779446666666,1.83573551092308,-0.742825108483904,0.467681036371957,0.749664229569782,-6.20333728708874
"4125",NA,-0.146438021583333,1.11132268646154,-0.742791320791836,0.46770096710473,0.749664229569782,-6.20336241569933
"5210",NA,0.100588033083333,0.927350982307692,0.742144651968664,0.468082523890783,0.749976995015853,-6.20384315059049
"418","Rv1347c",-0.152870712055556,0.919838849615385,-0.741986381413345,0.46817593756027,0.749976995015853,-6.20396074953667
"2979","Rv3625c",0.138016100777778,1.15225947123077,0.740671805599232,0.468952254741131,0.750780352603908,-6.20493660448091
"988","Rv1858",0.189722711388889,1.302703567,0.740630926308684,0.468976408270417,0.750780352603908,-6.20496692461358
"4333",NA,0.0978903838611107,1.581954556,0.740161513280695,0.469253814713489,0.750780352603908,-6.20531497552664
"3076","Rv3708c",0.112742135527778,0.891413889923077,0.740119014322126,0.46927893497132,0.750780352603908,-6.20534647659775
"4250",NA,-0.124681015222222,0.710347051076923,-0.739951780439484,0.469377791338749,0.750780352603908,-6.20547041722295
"707","Rv1603",-0.142452331,1.26332917246154,-0.739128354600289,0.469864723085876,0.751334998729205,-6.20608029329197
"4081",NA,-0.101501960416666,1.85263163876923,-0.738571699052637,0.470194072857339,0.751637408444777,-6.20649222379796
"4276",NA,-0.157204806277778,0.699802764846154,-0.736633992668267,0.471341615805117,0.752888223566671,-6.20792387786765
"2649","Rv0327c",0.108258442083333,0.882875357461538,0.736400006520123,0.471480300246102,0.752888223566671,-6.20809651764038
"2372","Rv3079c",0.212977482638889,1.04533204076923,0.736165874052223,0.471619095953474,0.752888223566671,-6.20826921393045
"4201",NA,0.199535429027778,1.43382402915385,0.736047554507118,0.471689246117611,0.752888223566671,-6.2083564669454
"472","Rv1393c",0.0966975518333334,0.681699692461538,0.735681584862214,0.471906264576258,0.752888223566671,-6.2086262627051
"351","Rv1291c",0.164072765027778,1.29116364507692,0.735500898995187,0.472013432644476,0.752888223566671,-6.20875941941059
"4707",NA,-0.0968654980555552,1.82056367207692,-0.735440175829297,0.472049451937658,0.752888223566671,-6.208804162552
"2678","Rv3348",0.133971221611111,1.31455182876923,0.734911792629013,0.47236294381704,0.752888223566671,-6.20919334928297
"3228","Rv3844",0.133971221611111,1.31455182876923,0.734911792629013,0.47236294381704,0.752888223566671,-6.20919334928297
"776","Rv1663",0.173750452527778,1.33486214307692,0.734640464168309,0.472523972636733,0.752888223566671,-6.20939309750852
"125","Rv1088a",-0.126232681166667,1.53945568830769,-0.734637643860868,0.47252564661414,0.752888223566671,-6.20939517341645
"3974","Rv0970",-0.1394353965,1.09207397892308,-0.734407763024202,0.47266210304139,0.752888223566671,-6.20956435376957
"4617",NA,0.211536938111111,1.26860476746154,0.734050503534865,0.472874217893003,0.75290741058509,-6.20982717969178
"2798","Rv3458c",-0.118113358722222,1.24115907669231,-0.733914327803334,0.472955084223881,0.75290741058509,-6.20992732885443
"1637","Rv2429",-0.126957000916667,0.773804192923077,-0.732506721353659,0.473791460341876,0.753449099730875,-6.21096151912685
"5073",NA,-0.133651137555555,0.763973680384615,-0.732380167666789,0.473866699813899,0.753449099730875,-6.21105440887517
"3057","Rv3693",-0.0920346445277775,1.01488710738462,-0.732356397335995,0.473880832694816,0.753449099730875,-6.21107185449559
"3908","Rv0912",0.121518223944445,3.08114005369231,0.731991530264506,0.474097799637005,0.753449099730875,-6.21133957263487
"354","Rv1293",0.137787565111111,1.03253127823077,0.731910982616379,0.474145705032853,0.753449099730875,-6.21139865693542
"954","Rv1827",-0.127869423861111,1.445099627,-0.731765734711263,0.474232097977613,0.753449099730875,-6.21150518555267
"2547","Rv3230c",0.125410684583333,1.17089897638462,0.731686315860773,0.474279340017159,0.753449099730875,-6.21156342503295
"319","RVnc0013",-0.388079210777779,3.64524514715385,-0.731203243458697,0.474566754721506,0.753682312683637,-6.2119175442913
"3015","Rv0360c",-0.136332695111111,1.15798230246154,-0.730142084935855,0.475198480555385,0.754462042587933,-6.21269466303243
"3777","Rv0793",0.123989230972222,1.42999287561538,0.729563389139899,0.475543199882104,0.754785771799845,-6.21311801350573
"3124","Rv0370c",-0.121049926416667,0.807525746538462,-0.727865130326794,0.476555686589963,0.755949548748857,-6.21435857277803
"3485","Rv0535",-0.170696032277778,1.61850792830769,-0.727860425232598,0.476558493511639,0.755949548748857,-6.21436200602882
"95","Rv1063c",0.105428179944444,0.655016502461538,0.727068298855901,0.477031193632627,0.756475502328664,-6.21493971421802
"1451","Rv2267c",-0.179139289722222,1.35958710223077,-0.726597937765589,0.477312013163185,0.756489982926502,-6.21528247537314
"4859",NA,0.0912927481944441,1.16636782907692,0.726278564308197,0.477502744780326,0.756489982926502,-6.21551509026358
"3121","Rv3748",0.157786236694445,2.20830851015385,0.726183445849166,0.477559558837762,0.756489982926502,-6.21558435101206
"3879","Rv0886",0.104998498,1.05807452684615,0.726107590751668,0.477604869817777,0.756489982926502,-6.21563957899154
"3593","Rv0633c",-0.1867374865,1.09952713415385,-0.725596078798954,0.477910481220115,0.756750422256961,-6.21601185517373
"2127","Rv2863",0.137033509027778,0.983309267153846,0.72497912812843,0.478279243748368,0.756960910119535,-6.21646054151659
"2384","Rv3090",0.0974481941111111,0.904266592384615,0.724901160122652,0.478325858689341,0.756960910119535,-6.21651721937803
"3071","Rv3704c",-0.111677627777778,1.15522226623077,-0.724370822690856,0.478643004742623,0.757093725655843,-6.21690258963328
"4651",NA,0.125505883027778,1.139964248,0.724288437666326,0.478692282882025,0.757093725655843,-6.21696243103315
"350","Rv1290A",-0.15913220025,2.22446183592308,-0.723845159343798,0.478957479154827,0.757289701554535,-6.21728430211187
"5250",NA,-0.0922231934722224,1.505282655,-0.723381014033607,0.479235253014974,0.757389025783499,-6.21762112670302
"2007","Rv2754c",0.132981056222222,1.29239307415385,0.722956594166232,0.479489336519204,0.757389025783499,-6.21792894542517
"1661","Rv2449c",-0.132078845861111,0.891827304769231,-0.722857192832561,0.479548855769206,0.757389025783499,-6.21800101364327
"2200","Rv2930",0.190362231111111,0.986783068923077,0.722795975136198,0.479585513714402,0.757389025783499,-6.21804539322839
"2276","Rv2994",-0.088793055444444,2.23052997569231,-0.722231772674882,0.479923443845485,0.757509725185309,-6.21845424390117
"342","Rv1284",0.142077471583333,1.03929051023077,0.721979760077326,0.480074432978911,0.757509725185309,-6.21863676854187
"885","Rv1760",-0.144904381777778,1.15243164884615,-0.721960587638407,0.480085920980316,0.757509725185309,-6.21865065207505
"1674","Rv2461c",-0.122221159222222,1.30113301530769,-0.721470446174346,0.480379666035231,0.757750150073231,-6.21900546558875
"2882","Rv3536c",0.139624596666666,1.14081154330769,0.718960571203923,0.481885522733859,0.759638925786527,-6.22081881630839
"4314",NA,-0.0870046306666665,1.70981438092308,-0.718953675023071,0.481889664106245,0.759638925786527,-6.22082379052468
"2198","Rv0287",0.10149021325,1.52762455007692,0.718528437091172,0.482145073545553,0.759638925786527,-6.22113042806919
"5351",NA,0.147608109694445,1.87040540953846,0.718349149323583,0.482252782678418,0.759638925786527,-6.22125966072987
"4585",NA,0.173746212166667,1.24002421069231,0.71829438855256,0.482285683666334,0.759638925786527,-6.2212991268725
"4632",NA,0.122555369527778,3.26783815030769,0.717774061473282,0.482598369325643,0.759754483407664,-6.22167398601177
"1879","Rv0024",-0.117454244138889,2.50341173053846,-0.717700574507541,0.482642540299085,0.759754483407664,-6.22172690763339
"3725","Rv0747",-0.131632660138889,1.70846442507692,-0.717335561310382,0.482861975064955,0.75987674290903,-6.2219896963154
"2926","Rv3575c",0.178534575972222,1.17205409753846,0.716951944717253,0.483092657263121,0.759932574900142,-6.22226574292536
"5064",NA,-0.134829426555555,2.24726400284615,-0.716805045341444,0.483181010309643,0.759932574900142,-6.22237141346557
"4142",NA,0.200187956194445,2.79444506323077,0.71654859268691,0.483335277401377,0.759950830786663,-6.22255584122256
"845","Rv1724c",0.122073316,0.923752079692308,0.71631439685599,0.48347618152659,0.759950830786663,-6.22272420879081
"1690","Rv0243",0.091536017194444,0.727407556076923,0.715678679838008,0.483858783689165,0.760329252586902,-6.22318097619999
"1501","Rv2309A",0.0958925982500005,1.58115004815385,0.71513350061215,0.484187038799862,0.760622077364378,-6.22357238774769
"29","Rv0998",0.163225140361111,1.277670862,0.714332821344651,0.484669370228886,0.760930871910678,-6.22414672704446
"1997","Rv2745c",-0.163615702972223,2.04171106,-0.714277747671733,0.484702557190554,0.760930871910678,-6.22418620997452
"764","Rv1653",0.110026240416667,1.30558719284615,0.714013664361604,0.48486171035726,0.760930871910678,-6.22437549445791
"3630","Rv0661c",0.134779970333333,1.27895380823077,0.713864754921065,0.484951466128149,0.760930871910678,-6.22448219783083
"4823",NA,-0.13709492925,1.44554227915385,-0.713465283867955,0.485192297373697,0.761085956664623,-6.22476834160207
"4468",NA,-0.12485544875,0.713633744153846,-0.71283102855668,0.485574819214793,0.761463145404122,-6.22522235334148
"710","Rv1605",-0.159932318,1.025874487,-0.712034326377011,0.486055565355596,0.761847689952948,-6.22579210922299
"1264","Rv2102",-0.125653747416666,0.942159739846154,-0.711953572322623,0.486104309634157,0.761847689952948,-6.22584982644458
"600","Rv1506c",-0.141946052166667,1.44240053869231,-0.711614224212099,0.486309176398366,0.761945976467478,-6.22609230086508
"5340",NA,0.121357264861111,1.86375550123077,0.711032608064721,0.486660420322404,0.762242625293235,-6.22650763005681
"2448","Rv3144c",-0.108007342222222,1.00239524215385,-0.710829804987775,0.486782930294541,0.762242625293235,-6.22665237557136
"1772","Rv2543",0.107465911277778,0.803518160538461,0.70995024709081,0.487314466750267,0.762852085800652,-6.22727968775281
"2474","Rv0312",-0.126274229194444,1.21617542053846,-0.709709714270244,0.487459885550982,0.762856930380515,-6.22745111159495
"2711","Rv3378c",0.118084799611111,0.944520066615385,0.709307650196424,0.487703018212157,0.762980430715917,-6.22773753404272
"387","Rv1319c",-0.113040175805556,0.94472678,-0.709108462715455,0.487823495534226,0.762980430715917,-6.22787937463971
"2100","Rv2839c",-0.109102414527778,0.966223285923077,-0.708528404372227,0.488174439926746,0.763306592184176,-6.22829221818254
"1974","Rv2725c",-0.100614551166667,0.720071833769231,-0.706673822578916,0.489297486128872,0.764167737257059,-6.22961004058109
"189","Rv1150",-0.109439650083333,1.20714457515385,-0.706491683419048,0.489407862625629,0.764167737257059,-6.22973928898177
"2269","Rv2988c",0.128224189138889,0.913925899230769,0.706416093426505,0.489453674519543,0.764167737257059,-6.22979291944433
"4497",NA,-0.095473150972222,1.50465936992308,-0.706366742913399,0.489483585133531,0.764167737257059,-6.22982793030111
"2894","Rv0349",-0.134699349555555,1.63543679615385,-0.706212257108257,0.48957722362134,0.764167737257059,-6.22993751265438
"196","Rv1156",-0.128407817222222,1.26697046138462,-0.706206688971971,0.489580598832228,0.764167737257059,-6.22994146191274
"4117",NA,0.113543926722222,0.754361865384615,0.705763779420678,0.489849118948244,0.764364272943985,-6.23025550614358
"2809","Rv3468c",0.161538433222222,1.32040277692308,0.704912112890417,0.490365696336634,0.76494765202688,-6.23085885720432
"2098","Rv0278c",-0.130068223222222,1.26574721453846,-0.704396365980133,0.490678677193266,0.765213182937419,-6.23122389710288
"507","Rv1425",0.147506893527778,1.26729172230769,0.703010744033333,0.491520120689177,0.765780809164051,-6.23220337801703
"3127","Rv3754",0.118133112472222,0.996703085230769,0.702796613349284,0.491650230625214,0.765780809164051,-6.23235458249925
"3683","Rv0708",-0.0929916232222222,0.785644474923077,-0.702335051979888,0.491930752729983,0.765780809164051,-6.23268035800757
"41","Rv1009",0.182793017222222,1.41715573792308,0.702180224913281,0.492024872584788,0.765780809164051,-6.23278959161121
"2554","Rv3236c",-0.131984603472223,1.171266103,-0.702047773848982,0.492105398354055,0.765780809164051,-6.23288302048008
"376","Rv1313c",-0.0905921517222226,1.598156204,-0.701917629921973,0.492184528966003,0.765780809164051,-6.23297480574937
"3176","Rv3798",-0.0905921517222226,1.598156204,-0.701917629921973,0.492184528966003,0.765780809164051,-6.23297480574937
"4025",NA,-0.0889123385555552,1.06848105007692,-0.701915846546248,0.492185613352641,0.765780809164051,-6.23297606338103
"1331","Rv2161c",-0.123437774472222,2.61710589246154,-0.70126748560476,0.492579943590269,0.766171937795659,-6.23343308612565
"1353","Rv2183c",0.193286315833334,1.35475650176923,0.699870067852704,0.493430474176155,0.767117621513811,-6.23441675708716
"5094",NA,0.119880598833333,0.740706530230769,0.699234994263239,0.493817291292005,0.767117621513811,-6.2348631869157
"703","Rv1599",-0.104590548666667,1.86951167561538,-0.699032451052605,0.493940695572045,0.767117621513811,-6.23500548582849
"2716","Rv0333",0.117936258277778,0.976417944307692,0.698705304281701,0.494140055519167,0.767117621513811,-6.23523524420101
"420","Rvnt19",0.411105157305556,2.095229531,0.69859996350819,0.494204259108765,0.767117621513811,-6.2353092044658
"1494","Rv2307c",0.103406303611111,1.43009493492308,0.698529926631284,0.49424694820484,0.767117621513811,-6.23535837187375
"3707","Rv0729",-0.137910663916667,0.998793726769231,-0.698511206212364,0.494258359097128,0.767117621513811,-6.23537151322678
"359","Rv1298",-0.180818895499999,2.41352342223077,-0.698329693816409,0.49436900659229,0.767117621513811,-6.23549891400965
"1817","Rv2584c",-0.0978014041111108,1.13335309061538,-0.698092987728188,0.494513321100068,0.767117621513811,-6.23566500748623
"5233",NA,-0.0934222616388889,1.93325425838462,-0.697817334592704,0.494681411702622,0.767117621513811,-6.23585836264225
"15","Rv0987",0.104810403833333,0.949603067307692,0.697631258860811,0.494794897690923,0.767117621513811,-6.23598884356897
"2036","Rv2781c",0.133972704222223,1.32762857569231,0.696968832472086,0.495199028911451,0.767117621513811,-6.23645308697131
"2185","Rv2918c",0.0863307739444441,1.88506920038462,0.696822648389274,0.49528823835935,0.767117621513811,-6.23655548004593
"1805","Rv2573",0.141061066972222,2.879502949,0.696612281455313,0.495416632076084,0.767117621513811,-6.23670279374932
"1397","Rv2222c",0.135777570194445,0.935277074538462,0.696538568064978,0.495461626315372,0.767117621513811,-6.23675440311432
"285","Rv1234",0.121021232027777,0.858762578615385,0.69641792194247,0.495535273161618,0.767117621513811,-6.23683886063538
"1013","Rv1880c",-0.113654447416667,0.896621036538462,-0.696053814331964,0.495757576503192,0.767117621513811,-6.23709366807075
"2880","Rv3534c",-0.123245525722222,0.976427364,-0.695811750539926,0.495905398947918,0.767117621513811,-6.2372629980096
"1799","Rv2568c",-0.116079931888889,0.876560258230769,-0.695808811740441,0.495907193758462,0.767117621513811,-6.23726505343508
"1926","Rv2681",-0.159240287027778,1.21782802061538,-0.694899982260361,0.496462423625672,0.767533063399911,-6.23790030478091
"3521","Rv0567",-0.175815118888889,1.58062098976923,-0.694780720319047,0.496535310955357,0.767533063399911,-6.23798360803707
"731","Rv1624c",-0.160730582916667,1.80894072830769,-0.694666132172067,0.496605347737107,0.767533063399911,-6.23806363398434
"1551","Rv2357c",-0.0997251834166668,0.549434182153846,-0.693895950435274,0.497076235127066,0.767822269298538,-6.23860118941395
"4175",NA,0.100812214944444,0.776255843384615,0.693891479968961,0.497078969116778,0.767822269298538,-6.23860430797408
"1455","Rv2271",-0.101452201166667,1.09160416823077,-0.693520499833557,0.497305878752244,0.767951457825418,-6.23886303454548
"455","Rv1377c",0.163591706972222,1.04846478938462,0.692587527707897,0.497876795889883,0.768611643424474,-6.23951312466245
"4334",NA,-0.138158560555556,1.16033585776923,-0.691640711525361,0.498456573134219,0.769285122948291,-6.24017201652787
"1913","Rv2669",0.158383507111111,0.968598287307692,0.691148346653759,0.498758224406985,0.76937339995536,-6.24051431815806
"2861","Rv3517",-0.131385907555555,1.93976753153846,-0.690928938470234,0.498892680639143,0.76937339995536,-6.24066678084854
"227","Rv1182",0.131552251555556,0.828576881692308,0.690844564903104,0.498944391463588,0.76937339995536,-6.24072539831086
"2627","Rv0325",-0.13328527575,1.58338643807692,-0.690234677123661,0.499318271443339,0.769728482869225,-6.24114890903112
"4974",NA,0.1346553495,1.44610353676923,0.68997012161625,0.499480502529798,0.769754567452661,-6.24133250853456
"4603",NA,-0.116789407,1.35662795315385,-0.689590039774217,0.499713630215457,0.769754567452661,-6.24159616606996
"313","Rv1259",0.101943589361111,0.765560662846154,0.689467634291435,0.49978872246256,0.769754567452661,-6.24168104785343
"4741",NA,-0.137726372138889,2.03543762538462,-0.688977876945728,0.50008923982148,0.769754567452661,-6.24202052648303
"1393","Rv2219A",-0.158866627194445,2.06489043669231,-0.688880317359035,0.500149115309772,0.769754567452661,-6.24208812335525
"1047","Rv1910c",0.159609672388889,1.00152765246154,0.688802531615896,0.500196857917466,0.769754567452661,-6.24214201289088
"2271","Rv2990c",0.150529671083333,1.37434510746154,0.688337962597743,0.500482051606665,0.769950673309243,-6.24246374405641
"5014",NA,0.136179588555556,1.77891457869231,0.68812700818255,0.500611585164685,0.769950673309243,-6.24260977005952
"593","Rv1499",0.169986408388889,1.38330024161538,0.687691838191753,0.50087885629351,0.770140754369826,-6.24291086805487
"4955",NA,-0.0818392034722224,1.56579382715385,-0.687298016367787,0.501120803382342,0.770147339014751,-6.24318320175032
"4884",NA,-0.117053931305555,3.01339484469231,-0.68637940412749,0.501685421186485,0.770147339014751,-6.24381786291774
"4746",NA,-0.155575184833334,1.31014592130769,-0.686262321605769,0.501757411402396,0.770147339014751,-6.24389869657235
"2416","Rv3117",-0.114461168138889,1.08483797707692,-0.686238614238988,0.501771989012855,0.770147339014751,-6.24391506252782
"3799","Rv0815c",-0.114461168138889,1.08483797707692,-0.686238614238988,0.501771989012855,0.770147339014751,-6.24391506252782
"5357",NA,-0.171656893694445,2.26096963730769,-0.6862299792185,0.501777298729668,0.770147339014751,-6.24392102342659
"2476","Rv3169",-0.137819924416667,1.09189118192308,-0.685854774144278,0.502008045484813,0.770147339014751,-6.24417996529013
"3454","Rv0506",-0.143849164666667,1.12163740276923,-0.685814833027741,0.502032612409989,0.770147339014751,-6.24420752213915
"1582","Rv2385",-0.113513296,1.481662117,-0.685229644089792,0.502392629066421,0.770149804554889,-6.24461109164615
"3649","Rv0679c",0.188156807666667,2.45365430730769,0.685191049251554,0.50241637839597,0.770149804554889,-6.24463769673139
"1960","Rv2712c",-0.121180579138889,1.98979481715385,-0.684927734022765,0.502578426658911,0.770149804554889,-6.24481917346642
"133","Rv0106",-0.118584737694445,1.06452994315385,-0.684878128117267,0.502608958271082,0.770149804554889,-6.24485335445276
"5342",NA,0.115798062083333,2.31891587938462,0.68425267419067,0.502994006461327,0.770200770119915,-6.24528412317061
"1891","Rv2646",0.0958442906666668,1.26505924769231,0.684238259299127,0.503002882703061,0.770200770119915,-6.24529404674867
"1857","Rv2618",-0.118861866583333,1.72418304769231,-0.684101856475588,0.503086879783068,0.770200770119915,-6.24538794013877
"2531","Rv3216",0.118925795638888,1.34381326938462,0.683245021963229,0.503614704537764,0.770200770119915,-6.24597734057839
"3985",NA,-0.112615366055556,1.47433761530769,-0.683208710953585,0.503637079778203,0.770200770119915,-6.24600230281657
"656","Rv1556",-0.113119450777778,1.11439157907692,-0.683123365409826,0.50368967288573,0.770200770119915,-6.24606096922285
"2548","Rv3231c",0.1536928945,1.31784427161538,0.682969958019215,0.503784216185722,0.770200770119915,-6.24616640382273
"399","Rv1329c",0.125143221888889,1.48209776415385,0.682957697913351,0.503791772395601,0.770200770119915,-6.24617482904346
"947","Rv1821",0.137591826611111,0.982815715461538,0.681696333483784,0.504569531132232,0.770683247903101,-6.24704088215092
"4273",NA,-0.104929470222223,1.05370406661538,-0.681567267686372,0.504649152143066,0.770683247903101,-6.24712941336509
"164","Rv1127c",0.142134212916667,0.754182596692308,0.681419816712602,0.504740123848432,0.770683247903101,-6.24723053627813
"1418","Rv2237A",-0.124020125972223,2.09308855253846,-0.68121304000239,0.504867713169362,0.770683247903101,-6.24737231033895
"3766","Rv0784",0.163246474777778,1.04064956323077,0.681207996574902,0.504870825392868,0.770683247903101,-6.24737576779826
"1038","Rv1902c",-0.210001166722222,1.88258648738462,-0.680769885762952,0.50514121905729,0.770683247903101,-6.24767601683858
"4451",NA,0.0985841623055557,1.57485664515385,0.680707989870172,0.50517942672768,0.770683247903101,-6.24771842101644
"5189",NA,-0.286336151027777,5.09461748830769,-0.680581299060359,0.505257636778264,0.770683247903101,-6.24780520408837
"1431","Rv2249c",0.203029554861111,1.09257915084615,0.679772974793452,0.505756803291197,0.771225168034371,-6.24835854557915
"519","Rv0140",-0.162289673916667,0.988249859615385,-0.679403227187738,0.505985228723652,0.77135404606336,-6.24861145034952
"2585","Rv3264c",0.152199463583333,0.923621168153846,0.679056766372306,0.506199321549741,0.77146100753671,-6.24884830896919
"3882","Rv0888",0.117904188944444,1.17935567546154,0.678468096681922,0.506563204559939,0.771602717431928,-6.24925049202723
"1746","Rv2521",-0.12321967625,0.973903569538461,-0.678375649478094,0.506620363917468,0.771602717431928,-6.24931362258622
"2899","Rv3551",-0.136435235361111,1.29578152830769,-0.678207768779149,0.506724172641863,0.771602717431928,-6.24942824452896
"5079",NA,0.110877628416667,1.06660627730769,0.677571734619335,0.507117573716345,0.771982446782053,-6.24986225859801
"3511","Rv0559c",-0.113685205916667,1.60741322069231,-0.67682594896551,0.507579081145472,0.772465609011849,-6.25037067347884
"369","Rv1307",0.139746759027778,1.187618255,0.676436033863678,0.507820464225585,0.77251522092964,-6.2506362743211
"3160","Rv3784",0.155670649111111,0.970881622846154,0.676257053721558,0.507931286681873,0.77251522092964,-6.25075814279798
"605","Rv1509",0.135484561861111,1.07999794661538,0.676074948184931,0.508044058540482,0.77251522092964,-6.25088210803859
"1940","Rv2694c",0.238882602027778,1.20098823269231,0.675436575923791,0.508439494130112,0.772555943768063,-6.25131641947581
"5052",NA,-0.166867778333334,1.95692388346154,-0.67515715535722,0.508612634731301,0.772555943768063,-6.25150639879154
"1711","Rv2493",0.153912597111111,1.85207016892308,0.675035670419225,0.508687922355464,0.772555943768063,-6.25158897374049
"4229",NA,0.131291083277778,1.54055775738462,0.674991152915363,0.508715512695319,0.772555943768063,-6.25161922936517
"1283","Rv0207c",0.136982753472223,1.23309172869231,0.674248908489431,0.509175654883187,0.772555943768063,-6.25212340580488
"4348",NA,0.146104556666667,1.05435242846154,0.673663791728434,0.509538555782812,0.772555943768063,-6.25252048155549
"3803","Rv0819",0.127331487333333,1.62580700515385,0.673530984409915,0.50962094603385,0.772555943768063,-6.25261056266413
"4418",NA,0.164230404666666,0.639874489461538,0.673510831947796,0.509633448768118,0.772555943768063,-6.25262423029142
"2814","Rv3473c",0.146815799805556,1.42059220130769,0.673297428381532,0.509765856632084,0.772555943768063,-6.2527689392329
"2417","Rv3118",0.160170879916666,1.379166587,0.672897864651774,0.510013821738106,0.772555943768063,-6.25303976657572
"3798","Rv0814c",0.160170879916666,1.379166587,0.672897864651774,0.510013821738106,0.772555943768063,-6.25303976657572
"2326","Rv3037c",0.124139440222222,1.07683232138462,0.672882391792698,0.510023425416963,0.772555943768063,-6.25305025113517
"2771","Rv3433c",-0.0928066606388886,1.55570806069231,-0.672630142601659,0.510180005736865,0.772555943768063,-6.25322114542813
"1070","Rv1931c",-0.144758694416667,1.61283360907692,-0.672597259558607,0.510200419465898,0.772555943768063,-6.25324341862719
"3972","Rv0968",-0.129888407361112,2.04530149069231,-0.672545031566282,0.510232843458758,0.772555943768063,-6.25327879293104
"1875","Rv2635",-0.144092949055556,1.91396384546154,-0.672230045639643,0.510428416780076,0.772633807947249,-6.25349207944917
"1716","Rv2497c",0.135880384527778,0.925672238692308,0.671793068205864,0.510699804793977,0.772664786585319,-6.253787813385
"4996",NA,-0.155496023722222,2.35833862215385,-0.671521099697155,0.510868754303813,0.772664786585319,-6.25397178198616
"711","Rv1606",0.148550305416667,1.47204037038462,0.671500835387528,0.510881343966114,0.772664786585319,-6.25398548661838
"1678","Rv2464c",0.0980546623333338,1.613587095,0.66968876337598,0.51200784881539,0.774150090169391,-6.25520939595857
"1297","Rv2133c",0.128001680972222,0.895463820615385,0.669388351860236,0.512194741048161,0.774167399113804,-6.25541199700915
"2848","Rv3506",0.0977940813055558,1.617993528,0.669206063933183,0.512308165047885,0.774167399113804,-6.25553489212889
"3680","Rv0705",-0.103554325083333,0.853794100923077,-0.668889324869745,0.512505281773669,0.774246987121439,-6.25574835625069
"4686",NA,-0.0966837433888892,2.26511077523077,-0.667981483280753,0.513070498951046,0.774726300941594,-6.2563596591619
"3380","Rv0444c",0.135387177833333,1.46163391915385,0.667915432057939,0.513111635884825,0.774726300941594,-6.25640410460757
"5172",NA,-0.106391148638889,0.901738558153846,-0.667259506562669,0.513520250185814,0.774929725402123,-6.25684524656218
"5150",NA,-0.163496773333333,1.82515053315385,-0.667235001302457,0.513535519520213,0.774929725402123,-6.25686171958528
"2631","Rv3306c",0.102547482722222,1.51708062061538,0.666947758697131,0.513714520842122,0.774981658236356,-6.25705476818421
"4425",NA,0.145752564555556,1.08090955261538,0.666511368231245,0.513986534523723,0.775073468478352,-6.25734790453187
"4128",NA,-0.0958996487222221,1.449516386,-0.666386174892745,0.514064585903086,0.775073468478352,-6.25743196701093
"190","Rv1151c",0.117746237083333,0.962567175923077,0.665428473142084,0.514661884172627,0.775582505112519,-6.25807453126807
"3601","Rv0636",0.184209008944444,1.09155754438462,0.665105171668615,0.514863609159081,0.775582505112519,-6.25829125060844
"3330","Rv0398c",0.20763153825,1.05627464184615,0.665052646565871,0.514896386591771,0.775582505112519,-6.25832645043702
"4846",NA,0.0958016315833332,0.798720092230769,0.664896199844353,0.514994021613616,0.775582505112519,-6.25843127797717
"1971","Rv2722",0.106262917555555,1.43759218623077,0.664685239996927,0.515125693694136,0.775582505112519,-6.25857259514785
"2268","Rv2987c",-0.142385985805556,1.160626152,-0.664175792722514,0.515443747368024,0.775674995924075,-6.25891368683845
"1274","Rv2112c",-0.205685488944445,1.07381948230769,-0.664123252520147,0.515476555127156,0.775674995924075,-6.25894885012038
"4553",NA,-0.173720058055556,1.541634688,-0.663753458772447,0.515707499418164,0.775804714252416,-6.25919626523784
"1981","Rv2731",0.147120170722222,1.33572846638462,0.663008443249854,0.516172955567243,0.776071904157027,-6.25969433020164
"64","Rv1029",0.139029514833333,0.911503692076923,0.662898955944997,0.516241378897465,0.776071904157027,-6.25976748099097
"1749","Rv2524c",0.111531318944444,1.05790957453846,0.66277399358402,0.516319479519395,0.776071904157027,-6.25985095698824
"1704","Rv2487c",-0.140003016555555,1.92382275069231,-0.661939502648199,0.516841201764767,0.776164161588692,-6.2604080217763
"635","Rv1536",0.1243384685,1.02812127569231,0.661732032356122,0.516970958007885,0.776164161588692,-6.260546415303
"2023","Rv2769c",-0.119013202083334,1.03610844046154,-0.661636669191181,0.517030606286367,0.776164161588692,-6.26061001370863
"1970","Rv2721c",0.144975561722222,1.16591103707692,0.661600685174786,0.517053114776879,0.776164161588692,-6.2606340094574
"2893","Rv3546",-0.180300040916666,2.108951421,-0.661302069446091,0.517239924304198,0.776164161588692,-6.26083309197905
"5048",NA,0.0814999253611109,1.05046499,0.661126945633258,0.517349496853037,0.776164161588692,-6.26094980466285
"825","Rv1707",-0.133664863694445,1.01812501692308,-0.661055016874411,0.51739450547694,0.776164161588692,-6.26099773366871
"2062","Rv2804c",0.198205274722222,1.31959279384615,0.65978106124489,0.518192035011402,0.776456302251225,-6.26184580113839
"2165","Rv0284",-0.148485187722223,1.03878584684615,-0.659764840107666,0.518202194332206,0.776456302251225,-6.26185658947773
"927","Rv1802",0.113074616416667,0.934953171,0.659730304560891,0.518223824367021,0.776456302251225,-6.26187955750952
"4493",NA,-0.148260593416667,3.35102724146154,-0.65953213509274,0.518347950159833,0.776456302251225,-6.26201132900796
"2747","Rv3412",-0.132400309194445,0.895408017230769,-0.659135637545851,0.51859635136672,0.776456302251225,-6.26227486466841
"2517","Rv0316",-0.154344331361111,1.88120852038462,-0.658675993092139,0.518884397276775,0.776456302251225,-6.26258018320498
"971","Rv1843c",0.122087071055555,1.34930315892308,0.658392312521518,0.519062216636843,0.776456302251225,-6.26276851694386
"614","Rv1517",-0.170539010055556,1.825151988,-0.658349518090964,0.519089044426528,0.776456302251225,-6.26279692121028
"3525","Rv0571c",-0.128072663805555,1.15879107792308,-0.658251660647432,0.519150394101261,0.776456302251225,-6.26286186627416
"3514","Rv0562",0.180141677444444,1.318406567,0.658202104247636,0.519181464004429,0.776456302251225,-6.26289475188129
"4715",NA,-0.150744847249999,2.35465163692308,-0.657105529054905,0.519869240938919,0.776456302251225,-6.26362183722731
"3584","Rv0062",-0.100916374138889,1.91452123415385,-0.656841307157225,0.520035038653063,0.776456302251225,-6.26379685773624
"405","Rv1335",-0.129387444555556,1.41641322884615,-0.656616991663144,0.520175818648836,0.776456302251225,-6.26394539179448
"2704","Rv3372",-0.111112470277778,1.04512655161538,-0.656560747534568,0.52021112071893,0.776456302251225,-6.26398262718097
"683","Rv1581c",0.126455251194444,1.20751056738462,0.656488729343337,0.520256325468803,0.776456302251225,-6.264030301072
"2646","Rv3318",0.111641500444444,1.15840822253846,0.656381300581411,0.520323761009395,0.776456302251225,-6.26410140647361
"1032","Rv1896c",0.136667333972222,1.01812535384615,0.656376791373791,0.520326591651607,0.776456302251225,-6.2641043908053
"3283","Rv3894c",-0.0939334761111109,1.01224461192308,-0.656342514618801,0.520348109069504,0.776456302251225,-6.26412707557487
"4749",NA,0.119841512861111,2.02079697746154,0.656095162828349,0.520503400307461,0.776456302251225,-6.2642907426187
"4991",NA,-0.155935873666667,3.11513129015385,-0.65606965389203,0.520519416688254,0.776456302251225,-6.26430761796808
"4839",NA,0.113795704083333,5.80020155453846,0.655891417943263,0.520631334009497,0.776456302251225,-6.26442551196133
"4329",NA,-0.107097344444445,1.17280190461538,-0.65479290578205,0.521321406250064,0.776978529644686,-6.26515145014598
"5012",NA,-0.0852188974999997,1.87240874623077,-0.654540473872157,0.521480053433268,0.776978529644686,-6.26531810333439
"4209",NA,0.176822952555555,1.51359641823077,0.654416327664426,0.521558086170979,0.776978529644686,-6.26540004110875
"1566","Rv2371",0.128937250916665,3.75585445038462,0.654190181167875,0.521700248539881,0.776978529644686,-6.26554926217878
"3821","Rv0833",0.116369018055555,4.27885610284615,0.654180567315286,0.52170629257299,0.776978529644686,-6.26555560472163
"2409","Rv3110",-0.0945727740833334,0.963418956769231,-0.652736978491513,0.52261429274926,0.778114613648899,-6.26650697796079
"5290",NA,-0.119711670944445,2.44106925884615,-0.652494568604517,0.522766852399917,0.778125612014317,-6.26666653834952
"5134",NA,-0.084905972388889,1.98004293669231,-0.652219945822169,0.522939715213768,0.778166816642365,-6.26684723404862
"2788","Rv3448",-0.120490340888889,1.57994424615385,-0.651946671028728,0.523111761274951,0.778206783356574,-6.26702697104723
"2590","Rv3269",0.114560890416667,1.37365624592308,0.650445939653446,0.524057143377451,0.778349521112799,-6.2680127488924
"3258","Rv3871",-0.0970281627222224,0.877051625076923,-0.650229379296827,0.524193643819982,0.778349521112799,-6.26815482152028
"3541","Rv0584",-0.102385930722222,0.864436744076923,-0.650207308319683,0.524207556521569,0.778349521112799,-6.26816929847683
"1608","Rv2404c",-0.155937794083333,1.31435122738462,-0.650005514727827,0.524334769062447,0.778349521112799,-6.26830163874418
"2805","Rv0341",-0.121531236083334,1.26409605815385,-0.649760556366532,0.524489216234682,0.778349521112799,-6.26846223485715
"1497","Rv2307D",-0.101376319472223,1.93460983946154,-0.649732493857396,0.524506911374143,0.778349521112799,-6.26848062912608
"2725","Rv3393",-0.113178256805556,1.26688510446154,-0.649705375067303,0.524524011757321,0.778349521112799,-6.26849840409335
"3264","Rv0383c",-0.117837555555556,1.15601185684615,-0.649590085733832,0.524596713599336,0.778349521112799,-6.26857396242846
"3986",NA,-0.108928081722222,3.32818191061538,-0.64954688255181,0.524623959120297,0.778349521112799,-6.26860227365082
"4762",NA,0.215658967472222,1.53449036684615,0.649489965313974,0.524659854436668,0.778349521112799,-6.26863956901757
"1449","Rv2265",-0.1633246385,1.66981000592308,-0.648802626725358,0.525093438289324,0.778393577108317,-6.26908970649277
"780","Rv1667c",0.0862598716666669,1.58534159969231,0.648597585186735,0.525222820371321,0.778393577108317,-6.26922390027367
"2786","Rv3446c",-0.1450262785,2.06991651730769,-0.648323187318563,0.525395994405446,0.778393577108317,-6.26940342267475
"2877","Rv3531c",-0.120861818138889,1.11873603484615,-0.648187526456302,0.525481622495767,0.778393577108317,-6.26949215092229
"2324","Rv3035",0.155178955083333,1.26896173153846,0.647701073032977,0.525788732101584,0.778393577108317,-6.26981016796295
"2336","Rv3046c",-0.127853021638889,1.44945842138462,-0.647662479377866,0.525813101474745,0.778393577108317,-6.26983538869468
"324","Rv1268c",0.149917485222222,1.07487404823077,0.647495032293128,0.525918840663548,0.778393577108317,-6.2699447978503
"3534","Rv0579",0.0950956931944444,1.15876075015385,0.647422006473703,0.525964958588333,0.778393577108317,-6.26999250416027
"3963","Rv0960",-0.119578454083334,0.939803935153846,-0.647002407122068,0.526229991416014,0.778393577108317,-6.27026652086731
"844","Rv1723",0.143571113444444,1.34708810823077,0.64668449219178,0.526430846509677,0.778393577108317,-6.27047402070598
"1485","Rv2299c",-0.110989065555556,0.675381368153846,-0.646623902725958,0.526469131097363,0.778393577108317,-6.27051355582924
"263","Rv1215c",0.196347202944445,1.57279004846154,0.646482936292175,0.526558209373634,0.778393577108317,-6.27060552394914
"462","Rv1384",0.123649468472222,0.896677755923077,0.646354879056402,0.526639137453634,0.778393577108317,-6.27068905342835
"4971",NA,-0.0854532985555565,2.68970437007692,-0.646144686426085,0.526771987481999,0.778393577108317,-6.27082612425983
"741","Rv1633",-0.128646102388889,1.21429453623077,-0.645554744992182,0.527144953315884,0.778393577108317,-6.27121061036711
"2958","Rv3605c",0.115731255194444,1.73405543246154,0.645458202735315,0.527206002105468,0.778393577108317,-6.27127349862866
"2167","Rv2901c",-0.0985660956388889,0.905055484538462,-0.645207481092531,0.527364565059036,0.778393577108317,-6.27143677856602
"679","Rv1577c",-0.0939125118333333,1.12571828815385,-0.645169668641902,0.527388480946685,0.778393577108317,-6.27146139830564
"2446","Rv3142c",-0.164391635861111,1.45155467969231,-0.645074333138228,0.527448782100263,0.778393577108317,-6.27152346529253
"327","Rv1271c",-0.127885961694445,1.91076440123077,-0.644804810012739,0.527619280300356,0.778430867715362,-6.27169888774599
"386","Rv0128",0.123144860972222,0.943125332769231,0.644412768661595,0.527867337227817,0.77858253372072,-6.27195392819048
"590","Rv1497",0.127912400111111,1.27943482153846,0.644093729523937,0.528069251155695,0.778666075981988,-6.27216136851217
"2533","Rv3218",-0.113546903638889,1.78348187892308,-0.642155952059155,0.529296555258621,0.780078247292826,-6.27341921795947
"2839","Rv3497c",0.130710317305555,0.893160727384615,0.641797267223226,0.529523903977682,0.780078247292826,-6.27365165172037
"5097",NA,-0.138938240305555,1.60214314423077,-0.641698204543757,0.529586703380187,0.780078247292826,-6.27371582420717
"561","Rv1473",-0.1411502535,1.40708666123077,-0.641589431656517,0.529655663186279,0.780078247292826,-6.2737862760752
"850","Rv0169",0.134774341611111,0.805436109923077,0.641433340315647,0.529754630624233,0.780078247292826,-6.27388735609996
"3620","Rv0652",0.10052582725,0.987857095230769,0.640754768751299,0.530184988061731,0.780328045418837,-6.27432650637843
"1768","Rv0023",-0.0839973456111107,1.555389576,-0.640492322468257,0.530351486226538,0.780328045418837,-6.27449623473459
"93","Rv1061",-0.122959251861111,0.977917646846154,-0.640297335435568,0.530475206400556,0.780328045418837,-6.2746222932167
"1167","Rv2016",-0.103750382861111,1.35198742861538,-0.640028801940505,0.530645618283591,0.780328045418837,-6.27479583943237
"558","Rv1470",0.0936409800833333,1.27645177207692,0.640018451021986,0.530652187602922,0.780328045418837,-6.2748025275746
"1097","Rv1956",-0.160908611944445,1.22524452369231,-0.639088754118615,0.53124241296687,0.780773593484893,-6.27540282186885
"650","Rv1551",0.0756243886388885,0.989769759230769,0.638900291955509,0.531362103866346,0.780773593484893,-6.27552440836915
"1198","Rv2044c",0.142041564027778,1.72852021015385,0.638813045263825,0.531417518628524,0.780773593484893,-6.275580684072
"1461","Rv2275",0.134703425361111,1.37370069630769,0.638623618991981,0.531537843773577,0.780773593484893,-6.27570284226831
"1609","Rv2405",-0.144270291888889,1.08191487515385,-0.63816252672225,0.531830796319961,0.780927175375718,-6.27600004964257
"2513","Rv3202c",0.154349021666666,1.072642711,0.637679681721374,0.532137664892904,0.780927175375718,-6.27631105909705
"127","Rv1092c",-0.125327431194445,1.18034588107692,-0.637495381993743,0.532254820989802,0.780927175375718,-6.27642971086277
"2962","Rv3608c",0.136125855277778,0.789420584230769,0.63733755324702,0.532355161262773,0.780927175375718,-6.27653129470301
"582","Rv1490",-0.109698407666666,0.878255303538462,-0.637312835454401,0.532370876646058,0.780927175375718,-6.27654720172817
"838","Rv1719",-0.0971863638888888,1.11104049769231,-0.636820514973177,0.532683943554375,0.781172623105732,-6.27686390996585
"2512","Rv3201c",-0.1155056435,0.980746395,-0.636441453223125,0.532925058329918,0.781312448755022,-6.27710760035861
"3102","Rv0368c",0.122953660888888,1.88259271123077,0.636196859231946,0.533080672368201,0.781326881020935,-6.27726477104291
"3639","Rv0065",-0.104522936416666,1.27287212384615,-0.635806551725796,0.533329043195122,0.781477220209364,-6.27751545480956
"1709","Rv2491",-0.0917940145277779,0.693341480384615,-0.635252999943706,0.533681403255436,0.781516794182749,-6.27787073454408
"4824",NA,-0.0747243440833338,1.27557713653846,-0.635162389561686,0.533739092956932,0.781516794182749,-6.27792886187698
"4928",NA,0.110018904194445,1.30033568192308,0.635025991375325,0.53382594125327,0.781516794182749,-6.27801634757983
"1273","Rv2111c",0.099348288638889,1.02958620069231,0.634848019279978,0.533939272443512,0.781516794182749,-6.27813047184043
"2821","Rv3481c",0.171441670944445,1.44794938807692,0.634500495491342,0.534160610954824,0.781565968450306,-6.27835323292548
"3486","Rv0536",0.154580851083333,1.23398610553846,0.63427813461475,0.534302259471162,0.781565968450306,-6.27849570420757
"1012","Rv1879",0.0879055433333331,0.769678132846154,0.634108534169472,0.534410312382532,0.781565968450306,-6.27860433878435
"4834",NA,-0.126412613277778,2.19273219292308,-0.633573873327758,0.534751024936261,0.781779373021121,-6.27894662515792
"4371",NA,-0.0861691853611113,1.57682468038462,-0.633421823524221,0.534847940460532,0.781779373021121,-6.27904391619572
"3416","Rv0475",-0.0961441427777778,1.25829589738462,-0.632722289159209,0.535293943331381,0.782002333252842,-6.27949123559631
"1211","Rv2056c",0.10820840925,0.966727672846154,0.632666452910394,0.535329551710726,0.782002333252842,-6.27952691995506
"2608","Rv3285",0.114394459,0.880500091923077,0.632496153225285,0.535438164745882,0.782002333252842,-6.27963573815206
"4028",NA,0.170624348527779,2.50687836223077,0.631836412662683,0.535859045609365,0.78240383668379,-6.28005703594783
"3256","Rv3869",-0.0949991618055557,1.32785024376923,-0.630532141617119,0.536691638104812,0.783297587959721,-6.28088868525863
"1384","Rv2211c",0.193515005472222,1.42451192161538,0.630037493345122,0.537007586404059,0.783297587959721,-6.28120366194373
"2010","Rv0271c",0.0905367972222223,0.924610368153846,0.629679425435351,0.537236359853243,0.783297587959721,-6.28143152142067
"596","Rv1502",-0.13675819225,0.805078242769231,-0.629436826684802,0.537391389140401,0.783297587959721,-6.28158583094799
"955","Rv1828",-0.127623546166667,0.863402777769231,-0.629316969327349,0.53746799132294,0.783297587959721,-6.28166204756098
"360","Rv1299",0.173780795416667,1.12800881869231,0.629293235312519,0.537483160707316,0.783297587959721,-6.28167713824444
"4370",NA,0.120068408555556,1.43498327584615,0.628806910737526,0.537794042333681,0.783297587959721,-6.28198623613386
"1029","Rv1893",0.117877242388889,1.26737235815385,0.628620467256122,0.537913251896717,0.783297587959721,-6.28210467533985
"4691",NA,-0.0890859387499996,1.51642282107692,-0.628402660585132,0.538052532987662,0.783297587959721,-6.28224299575355
"370","Rv1308",0.0965559536666665,0.916641550461539,0.628366241189369,0.538075824066929,0.783297587959721,-6.28226611981202
"1546","Rv0231",0.0855714334166665,0.852292219846154,0.628361777262824,0.538078678893226,0.783297587959721,-6.28226895404069
"2757","Rv3421c",-0.152080905833333,2.09348558053846,-0.627520487980487,0.538616858648027,0.783663341424522,-6.28280276113419
"3973","Rv0969",-0.128228128,1.60108231361538,-0.627511919667697,0.538622341382078,0.783663341424522,-6.28280819431154
"2335","Rv3045",-0.102591951416667,0.918374383615385,-0.626386251945036,0.539342904311896,0.784427450749507,-6.283521366169
"2743","Rv3408",0.127808231166666,1.24849835707692,0.626234286515838,0.539440220795276,0.784427450749507,-6.28361755096191
"687","Rv1584c",0.152282938055556,0.959672324923077,0.625862070783039,0.539678622899729,0.784561274408069,-6.28385304662352
"4130",NA,-0.0837207543611114,2.520101703,-0.625310635969695,0.540031919474388,0.784862008780564,-6.28420168611319
"293","Rv1241",0.115484248361111,1.62684880723077,0.624602542243196,0.540485770128179,0.785308681997029,-6.2846489416848
"5175",NA,-0.191159562694445,1.61811468953846,-0.624057804999972,0.540835059325423,0.785472543591668,-6.28499268674264
"3190","Rv3811",-0.150142351222222,1.26064886030769,-0.623863876828207,0.54095943704835,0.785472543591668,-6.28511499197501
"5165",NA,0.0977900405277778,1.28298370153846,0.623670307601889,0.541083600089766,0.785472543591668,-6.28523703465117
"3756","Rv0774c",-0.137255106444444,1.54883818,-0.623512679061645,0.541184720799259,0.785472543591668,-6.28533639052721
"1178","Rv2026c",-0.109722380972222,0.809571670384615,-0.622459754273462,0.541860449197571,0.786220692898179,-6.28599945154791
"1441","Rv2257c",-0.157029780194444,1.496365659,-0.622216680844019,0.542016509948761,0.786220692898179,-6.28615237081446
"146","Rv1110",-0.0870106811666664,1.45874617461538,-0.622023992929463,0.542140238983521,0.786220692898179,-6.28627355167155
"3960","Rv0958",0.135819408138889,1.25862142976923,0.62101298995683,0.542789677149293,0.78689243780324,-6.28690878118688
"2466","Rv3160c",-0.0888743435277775,1.28016969207692,-0.620845888571122,0.542897058767982,0.78689243780324,-6.28701367868062
"258","Rv1210",0.135902461388889,1.30475815592308,0.620215847911842,0.543302035150069,0.787266533767065,-6.2874089427752
"762","Rv0161",-0.137060893277778,1.62059509076923,-0.619280328624013,0.543903668786238,0.787496300571163,-6.28799514578056
"3681","Rv0706",-0.124571564166667,1.72216337438462,-0.619127055854772,0.544002273120476,0.787496300571163,-6.28809110701123
"2571","Rv3252c",-0.126106985861111,1.43527143638462,-0.619008592024163,0.544078490602347,0.787496300571163,-6.28816525946946
"5167",NA,-0.115116713527778,2.74604467246154,-0.618782188548414,0.544224170592936,0.787496300571163,-6.28830693906841
"3458","Rv0510",0.119474251388889,1.21949185776923,0.618662151455727,0.544301417389889,0.787496300571163,-6.28838203624045
"3572","Rv0613c",-0.0953144019166663,1.11766464961538,-0.618426585178063,0.544453027299712,0.787496300571163,-6.28852936991194
"3807","Rv0822c",0.116440546888889,1.44177228530769,0.618370624807482,0.544489046626256,0.787496300571163,-6.2885643621489
"3808","Rv0823c",0.102143637638889,1.28509231430769,0.617370825737668,0.545132792486473,0.788086996469966,-6.28918903060054
"100","Rv1067c",0.11276594075,1.56134992646154,0.617279637745302,0.545191526662431,0.788086996469966,-6.28924595625891
"1006","Rv0183",0.118115559972222,1.32624783,0.616698523021728,0.545565903002047,0.788371741722624,-6.28960853830454
"3100","Rv3729",-0.132698780277778,1.30993784815385,-0.616517304336901,0.545682679438607,0.788371741722624,-6.28972154156536
"5352",NA,-0.154797373722222,0.992684004923077,-0.615174165369394,0.546548612652159,0.78927742468455,-6.29055809886322
"3268","Rv3880c",0.143389813583334,1.46049817169231,0.614964200751362,0.546684045662658,0.78927742468455,-6.29068871511917
"4607",NA,-0.149274838,1.94453941838462,-0.614859913613747,0.5467513204951,0.78927742468455,-6.29075357495162
"1789","Rv2558",-0.116676293722223,1.56322754984615,-0.614339029604637,0.547087405649088,0.789549944609346,-6.29107737361764
"495","Rv1414",-0.118864602111111,1.71563935061538,-0.613278117203326,0.547772272765335,0.790325540248236,-6.29173606055417
"4596",NA,-0.210404087361111,4.65566896907692,-0.612233602345581,0.548447005554415,0.791086100584409,-6.29238350355602
"1589","Rv2391",0.0944322263888888,0.818161361230769,0.611383715645639,0.548996342894758,0.791477916384083,-6.29290952764277
"2955","Rv3602c",0.155834003,1.137811322,0.611356448090726,0.549013972596272,0.791477916384083,-6.29292639290198
"3155","Rv3779",0.1006526465,0.874834702923077,0.610791199484558,0.549379499816425,0.791791911539671,-6.29327584289933
"3831","Rv0842",-0.160519519472222,2.20731872815385,-0.610252029281889,0.549728284857431,0.792058398497726,-6.29360888256657
"2791","Rv3451",-0.176087420916667,1.91678262723077,-0.610048551176295,0.549859944180977,0.792058398497726,-6.2937344957112
"2020","Rv2767c",-0.0979811210833339,1.10777305492308,-0.609617260459027,0.550139064304139,0.792247550959211,-6.29400061196695
"4236",NA,-0.0808256755833332,1.42834047730769,-0.609030501328893,0.55051892162517,0.792581633067664,-6.29436236676166
"4787",NA,0.085224470277778,1.38709085584615,0.608602542515733,0.550796063188589,0.792672249052693,-6.29462600620368
"69","Rv1033c",-0.133416895777778,1.05645329876923,-0.608476601074493,0.550877635768895,0.792672249052693,-6.29470355731932
"3538","Rv0583c",0.149945543027778,3.04828708761538,0.608136671485913,0.551097841328561,0.792776282748547,-6.29491279953354
"4507",NA,-0.0992606548888877,2.73116445607692,-0.607348810871414,0.551608396849899,0.792883942945402,-6.29539733370971
"2611","Rv3288c",-0.133422021638889,1.61642754484615,-0.607252397872203,0.55167089253866,0.792883942945402,-6.29545658642215
"5261",NA,0.129237467416666,1.43820589707692,0.60725186730489,0.551671236467189,0.792883942945402,-6.29545691246897
"4803",NA,-0.120321709888889,2.54833054569231,-0.60710817559192,0.551764385669095,0.792883942945402,-6.2955452045706
"515","Rv1432",-0.16307400925,1.58922964323077,-0.606044923522827,0.552453908184189,0.793662006933061,-6.29619790389085
"3173","Rv3796",0.129462398583333,1.19773432915385,0.605373763159842,0.552889395075082,0.794074801072465,-6.29660934592807
"4225",NA,-0.0903479816666672,1.48721955830769,-0.605065560325462,0.553089436000193,0.794149310731593,-6.29679813760815
"1545","Rv2350c",-0.0973505213055555,0.815237674,-0.604404787686772,0.553518444792189,0.79451635201517,-6.297202588135
"2003","Rv2750",-0.128816702222222,1.29212223115385,-0.604215266001943,0.553641525144899,0.79451635201517,-6.29731851388898
"823","Rv1706c",0.0967311622499999,0.952749882461538,0.603002049199057,0.554429765906227,0.795382191809301,-6.29805978430836
"5313",NA,0.125075949638889,2.36597144630769,0.602829915982034,0.554541651267044,0.795382191809301,-6.29816484144849
"2313","Rv3027c",0.115777005944444,1.21183966130769,0.602515199902203,0.554746245583637,0.795462781254226,-6.2983568461742
"2358","Rv3066",-0.125049482305556,1.07371559423077,-0.602281043731279,0.554898494663422,0.79546828868573,-6.298499639928
"4527",NA,-0.141185504583333,2.49482247338462,-0.600808648246782,0.555856360647579,0.79662836713129,-6.29939632231759
"4689",NA,-0.103243129527778,0.773866301,-0.600490089022658,0.556063714833984,0.796712513100817,-6.29959004693194
"4043",NA,0.133666644944445,1.579222246,0.599667763472201,0.556599166888282,0.797060123634403,-6.30008967083056
"4772",NA,-0.0729135506111116,2.43138826353846,-0.599660743125361,0.556603739321562,0.797060123634403,-6.30009393339006
"59","Rv1025",0.130469726777777,1.33991409346154,0.599189449636712,0.556910743865642,0.797286748696538,-6.30037998038685
"1160","Rv2008c",0.115157564888889,0.852544336,0.598512886748693,0.557351619765631,0.797704854991664,-6.30079023703442
"259","Rv1211",-0.101624314805555,2.60186680338462,-0.59747702470826,0.558026988283385,0.798458264068057,-6.30141750643714
"2319","Rv0298",-0.19575130075,1.19436994946154,-0.596944625301132,0.558374274444523,0.798741956504576,-6.30173949747819
"2951","Rv3597c",0.119858328972222,1.13470211238462,0.596349719344264,0.558762469275232,0.798805242911232,-6.30209896661421
"3361","Rv0427c",0.169612840388889,1.34073834361538,0.596253025767756,0.558825578369259,0.798805242911232,-6.30215736080611
"5308",NA,-0.111177527833333,0.918753559769231,-0.596114955925705,0.558915699092448,0.798805242911232,-6.3022407267986
"1742","Rvnt30",0.239294204583333,3.42669836530769,0.595963387863067,0.559014639208961,0.798805242911232,-6.30233222165706
"1975","Rv2726c",0.129881722305556,1.62784060969231,0.595695635010824,0.559189444708788,0.798841132095448,-6.30249379758998
"4332",NA,0.188274937138889,1.2657582,0.59546838524681,0.559337829991458,0.798841132095448,-6.30263087727074
"2410","Rv3111",0.0915440076944443,1.16367503646154,0.5949401485275,0.559682828536301,0.79912092726547,-6.30294932206874
"306","Rv1253",0.108233224027778,1.15499907330769,0.594544060281437,0.5599415929063,0.799277480153866,-6.30318792413183
"749","Rv1640c",0.127215376277778,0.912913616076923,0.594125653870473,0.560215006374906,0.799286826260399,-6.30343980514412
"4389",NA,0.120017308333333,0.618500526769231,0.593971559067321,0.560315719524391,0.799286826260399,-6.30353252751842
"1927","Rv2682c",-0.12385710825,0.889141606461539,-0.593849498668261,0.560395502441526,0.799286826260399,-6.30360595769311
"1659","Rv2447c",0.104004153472222,1.06015735523077,0.593185603314483,0.560829552522847,0.799693110274663,-6.3040050963938
"3838","Rv0848",-0.0939795895555557,1.07163526223077,-0.592857031042613,0.561044436352801,0.799704353093113,-6.30420247808762
"1263","Rv2101",-0.105995780333333,1.17799597192308,-0.592717297329648,0.561135834325223,0.799704353093113,-6.30428638789516
"2494","Rv3189",0.0929994654722219,1.77626221507692,0.591773464520329,0.561753388450923,0.800184138268675,-6.30485266088776
"3170","Rv3793",-0.106994008638889,1.59178702053846,-0.591746455678483,0.561771065728549,0.800184138268675,-6.30486885269381
"3867","Rv0876c",0.117044892416666,0.998717020615385,0.591376154055345,0.562013457561992,0.800316719588808,-6.30509077712798
"2305","Rv3021c",-0.107510298638889,0.987932246,-0.589613266847723,0.563168162051259,0.801659420864368,-6.30614546125883
"2388","Rv3093c",0.17920199125,1.38453151976923,0.589266893560117,0.563395185688383,0.801659420864368,-6.30635233133597
"5258",NA,-0.143549040361111,2.30619601038462,-0.58919265620757,0.563443849374771,0.801659420864368,-6.30639665412726
"3965","Rv0962c",-0.102778338166666,0.873055682384615,-0.589023704738691,0.563554607801668,0.801659420864368,-6.30649750522309
"526","Rv1442",-0.0795368725277781,1.16821841607692,-0.588103255425722,0.564158221645834,0.802305138769348,-6.3070464556629
"2761","Rv0033",0.09131769375,1.30524041307692,0.587492139816524,0.564559167430079,0.802617606369372,-6.30741046638887
"3516","Rv0564c",0.111363694638889,0.908859122692308,0.587274709433984,0.564701856989636,0.802617606369372,-6.30753989111597
"3589","Rv0629c",0.169218715944444,1.30568608023077,0.586417379044813,0.565264667697875,0.802617606369372,-6.30804976624544
"432","Rv1358",0.0762569935277776,0.838251673461539,0.58602000251072,0.565525632645686,0.802617606369372,-6.30828585324898
"4162",NA,-0.081241005583333,1.44036653515385,-0.585990932137862,0.565544726204527,0.802617606369372,-6.308303118339
"4193",NA,0.134739856861111,2.07762462661538,0.585955172053933,0.565568214060302,0.802617606369372,-6.308324355366
"4751",NA,0.113507976972222,3.42089861784615,0.585953904185056,0.565569046828386,0.802617606369372,-6.30832510829906
"27","Rv0997a",0.103892894027777,1.08808712146154,0.585943505869563,0.565575876727074,0.802617606369372,-6.30833128335452
"1827","Rv2593c",0.172855004416666,1.75382424846154,0.584550935668315,0.566490944956943,0.803393450732555,-6.30915731307537
"3237","Rv3852",0.135802054555556,2.539260531,0.584460825010228,0.566550183992623,0.803393450732555,-6.30921069895374
"798","Rv1684",0.101454365194444,1.76710602569231,0.584426092848955,0.56657301789139,0.803393450732555,-6.30923127384361
"3971","Rv0967",0.230171301333333,1.47653036346154,0.584138221888734,0.566762290863171,0.803393450732555,-6.30940175975536
"2318","Rv3032",0.0933869185555557,0.971761957076923,0.583971353560346,0.566872020647485,0.803393450732555,-6.30950054732382
"1554","Rv2360c",0.105510622166667,1.34354336384615,0.583355314138643,0.567277213826017,0.803607749003981,-6.30986501361373
"1524","Rv2331A",0.127440218861111,1.39993731607692,0.58289677713147,0.567578909650248,0.803607749003981,-6.31013605728699
"1642","Rv2434c",0.103623760472222,1.56326857423077,0.582847720119954,0.567611191818156,0.803607749003981,-6.31016504303146
"510","Rv1427c",-0.0821786658888892,0.783825870461538,-0.582829873429934,0.567622936143484,0.803607749003981,-6.31017558731609
"321","Rv1265",-0.143606977944444,1.270432607,-0.582355600672435,0.567935086043643,0.803837354421422,-6.3104556863087
"2752","Rv3416",0.126471420472222,1.075919054,0.581919949865307,0.56822189517722,0.803882546045141,-6.31071278278522
"3462","Rv0051",-0.077220930777778,2.16268452061538,-0.581851491361946,0.568266971448702,0.803882546045141,-6.31075316632706
"2834","Rv3493c",0.121854117944444,0.938455158692308,0.581549453515153,0.568465869502701,0.803951731011736,-6.31093128341515
"2589","Rv3268",-0.0853445816388887,0.797880706384615,-0.580959437369077,0.568854511722497,0.804201589567738,-6.31127897022889
"1299","Rv2135c",-0.0976805574166668,1.38037984546154,-0.580594222496865,0.569095147190153,0.804201589567738,-6.31149401551822
"1920","Rv2676c",0.0949238495555556,1.05900852823077,0.580418123149506,0.569211195756843,0.804201589567738,-6.31159765967093
"4573",NA,-0.0691440960277778,1.49667246969231,-0.58037033152435,0.569242692317164,0.804201589567738,-6.31162578246172
"617","Rv1520",-0.127625518277778,1.17345923946154,-0.580016282028898,0.569476053098977,0.804319273942166,-6.31183405220216
"791","Rv1678",-0.127779305611111,1.60802939130769,-0.579489989243474,0.569823034662955,0.804435682684914,-6.31214341852162
"2061","Rv2803",-0.0860661250277781,1.15279598084615,-0.578893971573769,0.570216118081663,0.804435682684914,-6.3124934449013
"2435","Rv3133c",0.100571443222222,1.41466815276923,0.578803506634237,0.570275793503562,0.804435682684914,-6.31254654246986
"1031","Rv1895",-0.108064762750001,1.08683267923077,-0.578531295713903,0.570455377678584,0.804435682684914,-6.31270626609641
"3473","Rv0052",-0.0856556338333332,1.73057444130769,-0.578067796762256,0.570761226789369,0.804435682684914,-6.31297806460406
"3351","Rv0041",0.0728479655555556,1.66270341492308,0.577728915790844,0.570984898070847,0.804435682684914,-6.3131766539474
"457","Rv1379",0.147952142027778,1.19342240176923,0.577634816548124,0.571047014370196,0.804435682684914,-6.31323177767083
"3744","Rv0763c",-0.127677277055556,1.44906095246154,-0.577599091985206,0.5710705975997,0.804435682684914,-6.31325270300739
"464","Rv0135c",0.152122553111111,1.49140844769231,0.577408268414311,0.571196576516982,0.804435682684914,-6.31336445511152
"2549","Rv3232c",-0.0845837612777781,0.878438314923077,-0.577390451452336,0.571208339749177,0.804435682684914,-6.31337488745698
"3736","Rv0756c",0.09073634925,1.53180681330769,0.576888053814026,0.571540087746344,0.804435682684914,-6.31366892844461
"3708","Rv0730",0.100667066611111,1.05665222907692,0.576747923335649,0.571632637850825,0.804435682684914,-6.31375089950126
"2697","Rv3365c",-0.0875999511388887,1.45806870423077,-0.576583247690379,0.571741408900271,0.804435682684914,-6.31384720410027
"2449","Rv3145",0.178252095944444,1.18101702669231,0.576486123351342,0.571805566197066,0.804435682684914,-6.31390399136996
"1601","Rv2399c",0.143270767499999,2.55416220792308,0.57644694303169,0.571831448545131,0.804435682684914,-6.31392689696357
"3335","Rv0403c",0.099333204222222,1.04267576438462,0.576151778043797,0.572026452756012,0.804435682684914,-6.31409940819413
"1052","Rv1914c",0.106252479277778,2.27587874523077,0.576025553605639,0.572109854924421,0.804435682684914,-6.31417315502612
"4173",NA,-0.114063224583333,1.46374819846154,-0.575182776415095,0.572666877092255,0.80482407821701,-6.31466515097746
"5009",NA,0.0815063600833332,1.81714821530769,0.575153265523783,0.57268638699994,0.80482407821701,-6.31468236628162
"2422","Rv3122",0.0990210533611113,1.38325370269231,0.574756921520081,0.572948446796778,0.804881856003453,-6.3149134929767
"1918","Rv2674",-0.117155924055556,1.15291663907692,-0.574600682089948,0.573051768220382,0.804881856003453,-6.31500456140116
"3768","Rv0786c",-0.10988188125,1.68313534361538,-0.574409828153044,0.573177993351713,0.804881856003453,-6.31511577354636
"2945","Rv3592",0.0852048640000003,1.14458140776923,0.573528678503443,0.573760945880597,0.80511302245239,-6.31562876614405
"3222","Rv3839",0.129987011277778,1.25731671630769,0.573425595539988,0.573829163689241,0.80511302245239,-6.31568873009204
"288","Rv1236",0.110017271777778,1.33941941653846,0.573257004530855,0.573940742161462,0.80511302245239,-6.31578677811216
"3501","Rv0550c",0.163163648611111,1.23676499053846,0.573252922656858,0.573943443804213,0.80511302245239,-6.3157891516772
"3337","Rv0405",-0.0749066294722223,0.919069947461538,-0.572912802739954,0.574168579770606,0.805192991578777,-6.31598687060171
"2526","Rv3212",-0.111238037972222,1.33158468238462,-0.572497921125907,0.574443264523282,0.805192991578777,-6.31622789734482
"3168","Rv3791",-0.103688559083333,1.32780108269231,-0.572486058742099,0.574451119365157,0.805192991578777,-6.3162347863644
"1195","Rv0199",0.098735070666667,1.30982414492308,0.572082386777362,0.574718449368733,0.805304547121202,-6.31646913501911
"4758",NA,0.126504290583334,1.01734232923077,0.571680288930992,0.574984800673431,0.805304547121202,-6.31670241181532
"1324","Rv2156c",0.0945376589722222,1.58532465776923,0.571330170608631,0.575216772324152,0.805304547121202,-6.31690540427064
"4473",NA,0.111276760861111,0.533845643769231,0.571235342330984,0.575279609300847,0.805304547121202,-6.31696036345999
"1751","Rv2526",-0.0873092344444444,1.31208535338462,-0.571231849765955,0.575281923680426,0.805304547121202,-6.31696238746236
"2386","Rv3091",0.133089482944444,1.55081113130769,0.57095052599737,0.57546836115219,0.805355199941447,-6.31712538040928
"3715","Rv0737",0.149589937555556,1.02900644046154,0.570222348152205,0.575951079953444,0.805643618203738,-6.31754691240141
"2259","Rv2979c",-0.104445424388889,1.45302319076923,-0.570058121455434,0.57605997680593,0.805643618203738,-6.31764190944312
"2507","Rv3197A",0.102735180472222,0.915307870461538,0.569889899388999,0.576171533922795,0.805643618203738,-6.31773919032267
"1809","Rv2577",0.100350506027778,1.147363284,0.569530106635498,0.57641016917508,0.805643618203738,-6.31794716162437
"2613","Rv3290c",0.09888060775,1.27212117161538,0.569506264730346,0.57642598429316,0.805643618203738,-6.31796093851737
"2245","Rv2968c",-0.128502614611111,1.26401023692308,-0.568932356872771,0.576806743508558,0.80596562700883,-6.31829240011298
"411","Rv1340",0.14456233225,1.29242539938462,0.567690923726413,0.577630814249449,0.806497627185145,-6.31900829236863
"1323","Rv2155c",-0.127413114111112,1.666629605,-0.567320778052146,0.577876636011985,0.806497627185145,-6.31922145161507
"3505","Rv0554",-0.0864449801111112,0.585565141307692,-0.567301357535556,0.577889535078983,0.806497627185145,-6.31923263179606
"4007",NA,-0.0873136622777779,1.34823848546154,-0.567140831641773,0.577996161699942,0.806497627185145,-6.31932503071211
"678","Rv1576c",-0.106346412777777,1.18924248738462,-0.566899334770606,0.578156590928876,0.806497627185145,-6.31946398923142
"1276","Rv2114",-0.135903099333333,1.93145442892308,-0.566853395965363,0.578187111204462,0.806497627185145,-6.31949041620534
"277","Rv1227c",0.15586459125,1.88242027023077,0.566772673287718,0.578240742774723,0.806497627185145,-6.31953684812202
"2367","Rv3074",-0.106012789111111,1.28494919961538,-0.565960970452402,0.578780174010309,0.806830654475011,-6.32000338824386
"2647","Rv3319",-0.146759385916666,1.88873822846154,-0.565947379992285,0.578789207979787,0.806830654475011,-6.32001119411713
"444","Rv1366A",-0.144856117,1.30233878992308,-0.565733935398196,0.578931100207256,0.806830654475011,-6.32013376537927
"1421","Rv2240c",0.103688947638889,1.00940562830769,0.565274657747904,0.579236476008119,0.806841888038861,-6.32039735620252
"4029",NA,0.0857025710833332,1.12444387446154,0.565269025969794,0.579240221114466,0.806841888038861,-6.32040058714084
"1617","Rv2412",-0.126308808055555,2.76526265507692,-0.563869637210972,0.580171191949495,0.807525026717035,-6.32120245296197
"3301","Rv3910",-0.0711728538888892,2.31926368476923,-0.563512381601114,0.58040898567597,0.807525026717035,-6.32140685796683
"4148",NA,-0.13091160425,1.73551047061538,-0.563456382450389,0.58044626391047,0.807525026717035,-6.32143888676431
"4310",NA,-0.0938643770833336,1.16625327646154,-0.563451683186789,0.580449392232265,0.807525026717035,-6.32144157437576
"563","Rv1474c",0.113707078416667,1.31641283930769,0.563399784836054,0.580483941779988,0.807525026717035,-6.32147125474049
"165","Rv1128c",-0.0788321150555553,1.61454559784615,-0.563129516125593,0.580663880876283,0.807565750258661,-6.32162577730202
"1077","Rv1937",-0.10885859925,0.936576424615385,-0.562289550728724,0.581223293431135,0.807975318084693,-6.32210556075132
"868","Rv1743",0.111198134611111,0.643065378461538,0.562234666358685,0.581259855696749,0.807975318084693,-6.32213688639157
"1621","Rv2416c",0.127945184333333,0.823344258307692,0.561826896601135,0.581531535980686,0.808138153485342,-6.32236953165371
"1667","Rv2455c",-0.101394320333333,1.33915049607692,-0.561606290052131,0.581678544057174,0.808138153485342,-6.32249532676726
"409","Rv1338",-0.0862216005277778,0.937508315461538,-0.561306904973407,0.581878078949934,0.808205883174824,-6.32266596718965
"3435","Rv0491",0.117423144527778,0.703788497461538,0.560582713061515,0.58236088423296,0.808666927328669,-6.32307837231247
"3382","Rv0446c",0.0797727253888887,1.13798747292308,0.559460393015605,0.5831095166851,0.8093503374537,-6.32371648612266
"969","Rv1841c",0.0997607812777774,1.42798953376923,0.559392173022957,0.583155037919065,0.8093503374537,-6.32375523402969
"1363","Rv2192c",0.107834347805556,1.31744891023077,0.558862523366587,0.583508519286598,0.809631287438821,-6.32405591205214
"2021","Rv0272c",-0.0954004075000002,0.903505724538462,-0.558379370777589,0.583831063989605,0.809869177790963,-6.32432995475663
"4244",NA,-0.135033033138889,2.34213451869231,-0.557986897691082,0.584093139149799,0.809914360868344,-6.32455239624933
"4977",NA,0.112780363361111,2.05571703684615,0.557878035020956,0.584165843118847,0.809914360868344,-6.32461406951926
"651","Rv1552",-0.107143574194444,0.961702301153846,-0.556903558600948,0.584816851897769,0.81016569797081,-6.32516561701632
"2289","Rv3006",0.131078912111111,1.38829358915385,0.556723087631573,0.584937457680147,0.81016569797081,-6.32526766048326
"757","Rv1647",-0.0880697855277779,1.42897121976923,-0.556719584868386,0.584939798643858,0.81016569797081,-6.32526964073086
"3698","Rv0721",0.114317639194445,1.73267700623077,0.55658540791099,0.585029475246629,0.81016569797081,-6.32534548712046
"2563","Rv3244c",-0.0971347909166667,1.33413006130769,-0.556475590730622,0.585102876277053,0.81016569797081,-6.32540755051716
"52","Rv1019",-0.181829819944444,0.817445899461538,-0.555961867508795,0.585446307191664,0.810368545831618,-6.32569772548932
"2251","Rv2973c",0.157465125472222,1.24847724838462,0.555804171410051,0.585551749627958,0.810368545831618,-6.32578674783725
"3752","Rv0770",0.111601855638889,1.25291199938462,0.555407783741291,0.58581683400915,0.810526130688964,-6.32601040849625
"992","Rv1862",-0.0806332590833334,0.850952414230769,-0.554935068040642,0.586133042125748,0.810754349882325,-6.32627693599403
"736","Rv1629",0.129407942888889,1.16564786230769,0.554302478660815,0.586556327598648,0.811035287449535,-6.32663326159383
"1410","Rv2231A",0.105655345444444,1.22856229138462,0.554179296802643,0.586638770418255,0.811035287449535,-6.32670260203269
"1900","Rv2656c",0.131454587111111,1.13413129884615,0.553230319103981,0.587274095785428,0.811704268543036,-6.32723629410083
"3016","Rv3658c",0.158944478944445,2.36795740292308,0.552383076758077,0.587841604130249,0.812042526673536,-6.32771202657445
"2878","Rv3532",-0.104944914333333,1.11314354353846,-0.55224320019012,0.587935324231177,0.812042526673536,-6.32779050063669
"2729","Rv3395A",-0.122401918583334,1.12808248846154,-0.551921147458644,0.588151134630903,0.812042526673536,-6.32797110698965
"1743","Rv2519",0.120111712166667,1.19054983576923,0.551908173519918,0.588159829418753,0.812042526673536,-6.32797838061306
"3344","Rv0411c",0.0982905277500001,1.36850014069231,0.551734345715317,0.588276330424131,0.812042526673536,-6.32807581838559
"1775","Rv2546",0.135306608333333,1.01719817476923,0.551176884603551,0.588650024407139,0.812349158296155,-6.32838809907053
"3147","Rv3772",0.1283561935,1.04357486461538,0.550920319066864,0.588822053220457,0.81237740161175,-6.32853172064352
"1320","Rv2152c",0.124991652166667,1.94499767676923,0.550040476913427,0.589412184980248,0.812822433174337,-6.32902375346505
"2550","Rv0318c",-0.118932619527778,1.19145564938462,-0.549987227770634,0.589447910027733,0.812822433174337,-6.32905350756568
"1254","Rv2093c",0.157890929611111,1.49386770061538,0.54881792220626,0.590232675677063,0.813251303867424,-6.32970618178374
"1998","Rv2746c",-0.105898735777778,2.03137724661538,-0.548701116545882,0.59031109721967,0.813251303867424,-6.32977130588882
"5331",NA,0.158025123333333,1.28150323746154,0.548481468794258,0.590458579536527,0.813251303867424,-6.32989373260583
"4252",NA,-0.121105746166666,2.95881186284615,-0.548448555511963,0.590480680727513,0.813251303867424,-6.32991207365589
"993","Rv1863c",0.13157151275,1.64918522361538,0.548393649003906,0.590517551241047,0.813251303867424,-6.32994266815071
"1362","Rv2191",-0.118368383194445,1.23243710553846,-0.547942564505925,0.590820504709877,0.813451794458738,-6.33019390541902
"4024",NA,-0.0796661839444448,1.05899404053846,-0.547644026707167,0.591021048927832,0.813451794458738,-6.33036007018415
"2833","Rv3492c",0.105838452111111,1.08401698053846,0.547499092431423,0.591118421532982,0.813451794458738,-6.33044070843467
"4360",NA,-0.0864094638055559,0.946597917769231,-0.546617398288471,0.59171095182932,0.814058188348346,-6.33093082004931
"1574","Rv2378c",0.080164958138889,1.27288283392308,0.54638497596876,0.591867197524879,0.814064197776072,-6.33105989084627
"4586",NA,-0.0725270122222222,0.935445394538462,-0.545817577717825,0.592248717192049,0.814379970279472,-6.33137476093442
"2785","Rv3445c",-0.0940691680277774,1.60740798261538,-0.54551018781747,0.592455458099383,0.81445531044183,-6.33154521102484
"1951","Rv2704",0.117000349611111,0.998903127538462,0.544155931104455,0.593366718486653,0.815361087985073,-6.33229505350084
"945","Rv1819c",-0.077715543611111,1.76041771084615,-0.544078884820262,0.593418582878688,0.815361087985073,-6.33233765941105
"2582","Rv3262",-0.0969118541666667,1.15550903538462,-0.543394457459419,0.593879410533508,0.815434704192309,-6.33271588604225
"2047","Rv2791c",-0.0921864597222222,1.45794767530769,-0.543382482287663,0.593887475052315,0.815434704192309,-6.33272249964296
"379","RVnc0021",0.202272868111111,3.66412859153846,0.543321474664713,0.593928560665443,0.815434704192309,-6.33275619050877
"4289",NA,-0.0666076342222219,1.59394571846154,-0.542993833355955,0.59414923510208,0.815528783648437,-6.33293706476994
"4056",NA,-0.0889146348333325,1.87717292284615,-0.542603109186099,0.59441245080088,0.81568119208723,-6.333152626213
"5179",NA,0.169782147861111,2.75311710323077,0.542213613234352,0.594674896899569,0.815682017996171,-6.33336736096753
"477","Rv1397c",0.105479849083334,1.24674397315385,0.541941161536174,0.594858511749507,0.815682017996171,-6.33351747904959
"2144","Rv2878c",0.117780930527778,1.26302071846154,0.541846257338534,0.59492247767637,0.815682017996171,-6.33356975318045
"4008",NA,-0.0665599086388891,1.674963522,-0.541698949680483,0.595021770590491,0.815682017996171,-6.33365087412719
"2274","Rv2993c",0.116705329944445,1.66679372815385,0.541337835848815,0.595265214707948,0.815807095585426,-6.33384964604317
"2836","Rv3495c",-0.116590073944445,1.12203648746154,-0.5400940159825,0.596104112191518,0.816122095749952,-6.33453331607356
"892","Rv1769",-0.1078895605,1.14556958084615,-0.539581240990028,0.596450125447984,0.816122095749952,-6.33481472259983
"3915","Rv0918",-0.0888819253055555,1.36175598115385,-0.539555834792032,0.596467271779944,0.816122095749952,-6.3348286585923
"2215","Rv2942",0.122711168361111,1.23883988153846,0.539515677930554,0.596494373653001,0.816122095749952,-6.33485068443359
"2069","Rv2811",-0.100754425611112,3.03841511761538,-0.539479240490138,0.596518965816963,0.816122095749952,-6.33487066882072
"2956","Rv3603c",0.12920565575,1.31247499761538,0.539368807656212,0.596593501632498,0.816122095749952,-6.33493122857395
"4211",NA,-0.0979584496944446,3.425608914,-0.53921548279228,0.596696994764585,0.816122095749952,-6.3350152898381
"5183",NA,-0.0781119946388891,1.199122911,-0.538879926237671,0.596923523991474,0.816122095749952,-6.33519918017295
"5063",NA,-0.12863824875,3.84445356061538,-0.538770331753216,0.596997518832028,0.816122095749952,-6.33525921574501
"3889","Rv0895",0.0865677757777779,1.19978991307692,0.538571741381854,0.59713161255698,0.816122095749952,-6.33536797298399
"403","Rv1333",0.11760104125,1.08467324623077,0.538514988410574,0.597169936479722,0.816122095749952,-6.33539904641167
"1462","Rv2276",-0.0729194944166667,0.667935400846154,-0.53687916053843,0.598275095546817,0.816870557115002,-6.33629333654617
"3359","Rv0425c",-0.109636147027778,1.41980551830769,-0.536490012682928,0.598538151265397,0.816870557115002,-6.33650569266136
"2300","Rv3016",0.0771374360277781,1.27460721507692,0.536483788620106,0.598542359064841,0.816870557115002,-6.33650908789392
"611","Rv1514c",0.104087526972222,0.987017939846154,0.536465295745181,0.598554861323913,0.816870557115002,-6.33651917555135
"2053","Rv2797c",-0.112045058444444,1.85058522115385,-0.536374620850989,0.598616164695031,0.816870557115002,-6.33656863283494
"598","Rv1503c",0.0723311761944446,1.04939347492308,0.53614939741878,0.598768446905318,0.816870557115002,-6.33669144268798
"3976","Rv0972c",0.0716429965833333,0.977258755384615,0.536125795004631,0.598784406512097,0.816870557115002,-6.33670430972978
"2815","Rv3476c",-0.0792116257500001,0.800414081923077,-0.535469282676095,0.599228414765758,0.817087629624835,-6.33706199326233
"4429",NA,-0.0843261026944446,1.34120625969231,-0.535439724829453,0.599248408965527,0.817087629624835,-6.33707808711857
"1725","Rv2505c",-0.0926600977777776,1.02319002453846,-0.534104065638606,0.600152249936983,0.817722559602909,-6.33780443999915
"3931","Rv0932c",-0.102827221472222,1.33106927784615,-0.533871066499681,0.600309989349388,0.817722559602909,-6.33793096907956
"4026",NA,-0.0962465307499998,1.25355278915385,-0.533625457110614,0.600476287965734,0.817722559602909,-6.33806428833137
"2370","Rv3077",0.0793787696388888,0.794204482076923,0.53361852849876,0.600480979559231,0.817722559602909,-6.33806804839185
"1873","Rv2633c",-0.0725525225277779,0.740152685307692,-0.533572039366216,0.600512459363994,0.817722559602909,-6.33809327617172
"3817","Rvnt11",0.266338372972223,1.05510056061538,0.53324419645343,0.600734479077579,0.817722559602909,-6.33827112300549
"5022",NA,-0.10656096913889,2.32357270361538,-0.532727720198138,0.60108432585858,0.817722559602909,-6.33855108453897
"2895","Rv3547",-0.0988656449999999,0.941355822461538,-0.532514429202746,0.601228832550673,0.817722559602909,-6.33866662472306
"356","Rv1295",0.094136834777778,1.27648578984615,0.532351608313956,0.601339156765855,0.817722559602909,-6.33875479504257
"929","Rv1803c",0.0772944886111111,1.07846525153846,0.532328609819285,0.601354740893802,0.817722559602909,-6.33876724702345
"1530","Rv2336",0.108860012583333,1.19763152884615,0.5321596462563,0.601469239251306,0.817722559602909,-6.33885871233068
"2722","Rv3390",-0.102541537694444,1.39119327192308,-0.532048171801422,0.601544785916842,0.817722559602909,-6.33891904160281
"583","Rv1491c",-0.0963431016944449,1.96147332484615,-0.531784571728407,0.601723447257203,0.817758031769424,-6.33906165169774
"3437","Rv0492A",0.0933979636666669,2.16361227169231,0.53155114186162,0.601881681783116,0.817765732410013,-6.33918788239365
"3017","Rv3659c",-0.142118738027778,1.51947636469231,-0.530770820732302,0.602410784515274,0.818277193360839,-6.33960946381561
"252","Rv1205",-0.141964611305556,2.50492353830769,-0.530072586566576,0.60288442105783,0.818538653938073,-6.33998618878051
"2280","Rv2998",0.0897898437777775,2.79477177253846,0.530036809064552,0.602908695102148,0.818538653938073,-6.34000547924506
"2852","Rv3509c",-0.138801816055555,1.26984778953846,-0.528904930090027,0.60367689101153,0.819374053132895,-6.34061511421556
"2881","Rv3535c",-0.0932987947500001,0.806307860461538,-0.527163073110658,0.604860009153435,0.820772063053775,-6.34155082378676
"1399","Rv2224c",0.0986735745277778,0.886835962923077,0.526838078494031,0.605080880014276,0.820863962762976,-6.34172507743307
"3389","Rv0452",-0.0942394486388887,1.12275745453846,-0.5263159383144,0.605435816223191,0.821137645484894,-6.34200481774039
"2842","Rv3500c",-0.0793903361944445,0.809202334307692,-0.525486458919105,0.605999881900322,0.821649320630999,-6.34244866547704
"3906","Rv0910",0.0925123122500001,1.01982768715385,0.525310359370371,0.606119666749062,0.821649320630999,-6.34254280777161
"4438",NA,0.070204665111111,1.34656071469231,0.52446357190314,0.606695822058715,0.822222403599169,-6.34299507148116
"1288","Rv2125",0.0801201487777776,1.88388419530769,0.523603054702314,0.607281592239723,0.822808224065955,-6.34345394490703
"3757","Rv0775",0.0990838609999998,1.35741081515385,0.522376302417862,0.608117140949543,0.823732088827281,-6.34410685355625
"1405","Rv0218",0.109663819583333,1.99494380261538,0.52167243581097,0.608596800943918,0.824173535386407,-6.34448079999677
"2038","Rv2783c",0.0974250257500007,1.382148119,0.520852835995759,0.609155560279474,0.824211084119138,-6.34491561754333
"4516",NA,-0.210914969027777,2.50471140576923,-0.520497136140968,0.609398134796732,0.824211084119138,-6.34510411899475
"4108",NA,-0.0950083308333333,1.01860790023077,-0.520493444614921,0.609400652530242,0.824211084119138,-6.3451060746479
"1296","Rv2132",0.0891952915000001,1.50570867792308,0.520311380421162,0.609524832125524,0.824211084119138,-6.34520250980839
"107","Rv1074c",0.0965683578055556,1.18551021369231,0.520145720164538,0.609637833822769,0.824211084119138,-6.34529022780615
"725","Rv1619",0.0658234274166674,2.11837422138462,0.519994339666813,0.609741103752219,0.824211084119138,-6.34537036094911
"3300","Rv3909",0.0710407918611109,2.11490288592308,0.519955862587583,0.609767353696735,0.824211084119138,-6.34539072516042
"1143","Rv1992c",-0.0783283482777778,0.802300350461538,-0.519827845303819,0.609854693958302,0.824211084119138,-6.34545846852876
"1491","Rv2305",0.107447699666667,1.139063229,0.519362370987298,0.610172316560662,0.824382060366933,-6.34570464913734
"1806","Rv2574",0.0958301553888888,0.865075262230769,0.519042569167018,0.610390583975718,0.824382060366933,-6.34587366255824
"1825","Rv2591",0.112711627638889,1.67124362207692,0.518966347472832,0.610442611491858,0.824382060366933,-6.34591393041013
"3874","Rv0881",0.0848776992222218,1.16463924807692,0.518142668818736,0.611004976050582,0.824838749613095,-6.34634871380996
"3834","Rv0845",0.151965450722222,1.508794811,0.517759702787567,0.611266530377669,0.824838749613095,-6.3465506368305
"485","Rv1405c",0.137734566138889,1.53420931038462,0.51750940576826,0.611437504955517,0.824838749613095,-6.34668253054055
"3490","Rv0540",0.105445049805555,1.25641934184615,0.517101051460922,0.611716495918667,0.824838749613095,-6.34689757976735
"5202",NA,-0.145083546194444,2.11527935269231,-0.516787871272571,0.611930504762651,0.824838749613095,-6.34706239661428
"4888",NA,-0.130749171972222,2.07269295823077,-0.516755865519771,0.611952377637409,0.824838749613095,-6.34707923478524
"3872","Rv0879c",0.159008840694444,1.81954156430769,0.516739582544453,0.611963505640349,0.824838749613095,-6.34708780084265
"797","Rv1683",0.0843943438055554,1.04554700315385,0.516668792446408,0.612011885673746,0.824838749613095,-6.34712503866632
"575","Rv0145",-0.0939088235833336,1.21095172530769,-0.515575189050084,0.612759520591177,0.825638770831752,-6.34769968071921
"1386","Rv2213",-0.0698978859722224,1.03626174661538,-0.514914092535472,0.61321168815789,0.826003765219058,-6.34804648681734
"2486","Rv3178",0.111620971083333,1.74673565815385,0.514602245084693,0.613425036934628,0.826003765219058,-6.34820992994258
"1109","Rv1964",0.17537337725,1.63201154084615,0.514503322297712,0.613492721891244,0.826003765219058,-6.34826175656471
"3033","Rv3673c",0.100889015833333,1.03551100923077,0.513439058410917,0.614221139647924,0.826776822830957,-6.34881872431293
"4488",NA,-0.0721063194166665,1.77156253315385,-0.513193089294516,0.61438954819702,0.826795877061519,-6.34894728987081
"3198","Rv0037c",-0.0887425796111112,1.082629186,-0.512314173153837,0.614991499867614,0.827363653805888,-6.34940620265828
"3556","Rv0599c",-0.0886848388055557,1.03253179115385,-0.511963476343102,0.615231763839837,0.827363653805888,-6.34958910094591
"3200","Rv3819",0.0814790065277778,0.899239127230769,0.511901048618718,0.615274538072812,0.827363653805888,-6.3496216460412
"2115","Rv2853",-0.0794142184444446,2.48245740369231,-0.511341344061478,0.615658100135585,0.827597558077991,-6.34991326185465
"1071","Rv1932",0.150536051694444,1.40768476630769,0.511193334727962,0.615759549154998,0.827597558077991,-6.34999032560279
"1528","Rv2334",0.0834710969722214,1.54778576876923,0.510733640358214,0.61607468532545,0.827597558077991,-6.3502295359625
"1262","Rv2100",-0.0878879425555554,1.14307689730769,-0.510369080710755,0.616324658254411,0.827597558077991,-6.35041909293039
"3868","Rv0877",-0.113400831944445,1.68009914723077,-0.510333561850961,0.61634901558203,0.827597558077991,-6.35043755435506
"231","Rv1186c",0.089204900111111,2.27056801353846,0.510295820166904,0.616374897732713,0.827597558077991,-6.35045716975906
"1057","Rv1919c",0.109640936694444,1.57356443561538,0.509934078785407,0.616622995825009,0.82772333023342,-6.35064510549864
"878","Rv1752",0.0658608873055554,0.764737830153846,0.509242395570954,0.617097515329905,0.828034200956427,-6.35100409646894
"3245","Rv3859c",0.0765275738888888,0.829736527076923,0.509146158983698,0.617163550899426,0.828034200956427,-6.35105400685273
"3595","Rv0063",-0.0668946197500002,2.14363846792308,-0.508823662222085,0.61738486614826,0.828123844483151,-6.35122119400833
"2484","Rv3177",0.0919821445277773,1.54474164846154,0.508034929006212,0.617926298375406,0.828642721864443,-6.35162965240086
"4301",NA,0.094099728527778,1.27733424915385,0.507314707106452,0.61842089812178,0.829098552759565,-6.3520020944594
"3759","Rv0777",0.0965986278611107,0.979082735384615,0.505479637007706,0.619681951829384,0.830581460816579,-6.35294873236647
"4309",NA,-0.0633513674166669,0.867380031769231,-0.504832012285593,0.620127288805447,0.830970566999298,-6.353282021341
"471","Rv1392",0.116355950611111,1.40207578115385,0.504578584062117,0.620301599230462,0.830996393870352,-6.35341233101852
"3550","Rv0594",0.128317430444445,1.11543813815385,0.503855896336557,0.620798798611446,0.831408967389078,-6.35378357961067
"3497","Rv0546c",0.115174893805555,1.36205074169231,0.503680068853247,0.620919794115388,0.831408967389078,-6.35387382507394
"4648",NA,-0.0698407438333328,1.42218928430769,-0.503121302265197,0.621304382962912,0.831577090569393,-6.35416041556028
"4494",NA,-0.0930512288333332,2.636462559,-0.503046838935415,0.621355643233287,0.831577090569393,-6.35419858437971
"2542","Rv3225c",-0.111256568638889,1.21610988346154,-0.502668590941311,0.621616058623517,0.831717941643048,-6.35439238416678
"2733","Rv3399",-0.0880751896388889,0.850854907461538,-0.501860980046685,0.62217225373577,0.831882074006036,-6.35480569969126
"3061","Rv3696c",0.0819604055833334,0.875160857,0.501459518288102,0.622448824751241,0.831882074006036,-6.35501091807028
"1111","Rv1966",-0.120753085361111,0.980703196384615,-0.501212693535929,0.622618893626242,0.831882074006036,-6.35513701032458
"3439","Rv0494",-0.118821182388889,1.07807936892308,-0.501210604498111,0.622620333123019,0.831882074006036,-6.35513807726796
"3220","Rv0379",0.0780698948611109,1.407692746,0.501121508244445,0.622681728290776,0.831882074006036,-6.35518357776899
"1867","Rv0258c",-0.0846652929999998,1.38276409738462,-0.500973327334527,0.6227838443247,0.831882074006036,-6.35525923478718
"3481","Rv0532",-0.0980005946666669,2.31348791146154,-0.500913402896921,0.622825142348176,0.831882074006036,-6.35528982435942
"3613","Rv0646c",-0.0965735933611112,1.32060591769231,-0.500017206894084,0.62344292646944,0.832109229379025,-6.35574688103302
"2128","Rv2864c",0.0835704742222223,1.22557227115385,0.499990147704713,0.623461583956895,0.832109229379025,-6.35576066876724
"1382","Rv2210c",-0.123649135527778,0.905393623076923,-0.499687936271231,0.62366997860303,0.832109229379025,-6.35591460831597
"4290",NA,-0.0987696591388891,1.66452250146154,-0.49962955218448,0.623710242052977,0.832109229379025,-6.35594433741497
"2223","Rv2948c",0.0907144960277775,0.980483657153846,0.499540824797576,0.623771433515844,0.832109229379025,-6.35598951082687
"3353","Rv0419",-0.0920171099444447,1.25299131846154,-0.498949137340597,0.624179567244604,0.832446499236396,-6.35629055514103
"1535","Rv0230c",-0.100858836972222,1.12473277707692,-0.498586892632969,0.624429498183919,0.832544419424018,-6.35647469050714
"2487","Rv3178a",-0.0666203189999997,1.49082604469231,-0.498392498395191,0.624563640019399,0.832544419424018,-6.35657345100152
"734","Rv1627c",-0.0748267868055555,0.889895644153846,-0.497645910385329,0.625078949445215,0.832906055519855,-6.35695240177886
"4519",NA,-0.108962067638889,1.49081514415385,-0.497367009278411,0.625271503635586,0.832906055519855,-6.35709382403303
"2349","Rv3058c",-0.0884627384444445,1.64857888169231,-0.497324125324551,0.625301113323115,0.832906055519855,-6.35711556235264
"3558","Rv0601c",0.0854378605833328,2.20499262384615,0.497090100225258,0.625462710080431,0.832914317026363,-6.35723416003437
"2577","Rv3257c",-0.113085119472222,1.27960238815385,-0.495991034166383,0.6262218888752,0.833580541027695,-6.3577904124877
"3727","Rv0749",-0.119278568472222,2.54573455276923,-0.495915561975995,0.626274037074352,0.833580541027695,-6.35782856613835
"3583","Rv0624",0.090287767972222,1.16984079953846,0.495314898368649,0.62668914367192,0.833847983839675,-6.35813202017555
"1034","Rv1898",-0.105806347361111,1.18935533807692,-0.495174620076454,0.626786105763069,0.833847983839675,-6.35820283704604
"5234",NA,-0.096159933555555,1.77459986830769,-0.49476536294261,0.627069029518955,0.834017369285757,-6.35840933154064
"3215","Rv3833",-0.0838947418888887,1.12237282884615,-0.493926061934874,0.62764943412743,0.834231252352941,-6.35883228998645
"2914","Rv3565",0.106237133444445,1.02484219669231,0.493874507552136,0.627685093891451,0.834231252352941,-6.35885824763496
"564","Rv0144",-0.075484171055556,1.36610241623077,-0.493857639883367,0.627696761331979,0.834231252352941,-6.35886673994035
"3841","Rv0852",0.124219726055555,0.958225087384615,0.493380800231941,0.628026635367602,0.834334535768905,-6.35910669616479
"91","Rv1059",-0.102269533027778,1.05220748484615,-0.493295298686418,0.628085793251405,0.834334535768905,-6.35914969862404
"5207",NA,-0.0659899759444449,1.13898129753846,-0.492968896993636,0.62831165209991,0.834427763938433,-6.35931379371908
"4312",NA,-0.0719019973055555,2.23632569992308,-0.491437848849838,0.629371591223464,0.83562836981862,-6.36008210430378
"665","Rv1563c",-0.0769786385555558,0.819337219384615,-0.490780124293578,0.629827187392553,0.836026182373473,-6.36041145071602
"649","Rv1550",0.0694234965833332,0.783969634461538,0.490270891119581,0.630180031217596,0.836088465332113,-6.36066614780223
"4920",NA,0.101241215222222,1.95678789407692,0.490262159520828,0.630186082078682,0.836088465332113,-6.36067051274166
"2965","Rv3612c",-0.0775001311666668,1.52642381353846,-0.489821470669357,0.63049150765784,0.83628668177333,-6.36089071565659
"1579","Rv2383c",0.116096835222222,1.35930797607692,0.489512069610191,0.630705983522788,0.836364193884747,-6.36104520186539
"1720","Rv2501c",0.0778217002499999,1.11447493446154,0.488999591303734,0.631061306509714,0.836628395471696,-6.36130087735804
"876","Rv1750c",0.0688286980833334,0.755386512384615,0.488044034385224,0.631724082955039,0.837194002756435,-6.36177690978245
"2976","Rv3622c",-0.0788584402222228,1.69382977723077,-0.487621356088062,0.632017356568412,0.837194002756435,-6.36198718792562
"4046",NA,0.174461251138889,1.92824379292308,0.487542241637233,0.632072256820874,0.837194002756435,-6.36202652688462
"2939","Rv3586",-0.09205993025,0.942334792384615,-0.487328499415597,0.632220590991984,0.837194002756435,-6.36213277728677
"1412","Rv2232",-0.0716004344999999,1.42951331292308,-0.487258888386703,0.632268903574263,0.837194002756435,-6.36216737087491
"395","Rv1326c",-0.105795036888889,1.12612599815385,-0.486881417502624,0.632530911865024,0.837238328951903,-6.36235487349014
"1646","Rv0239",-0.0983908879444451,1.47574006992308,-0.486702431434962,0.632655166395614,0.837238328951903,-6.36244373258769
"4411",NA,-0.0902465049999996,1.67749167538462,-0.486535614223814,0.63277098331794,0.837238328951903,-6.36252652176437
"827","Rv1709",-0.0953334264444441,1.19827673153846,-0.486203294101572,0.633001733926353,0.837325710777928,-6.36269136562825
"1193","Rv2040c",-0.117580737083333,1.474503505,-0.485723345674834,0.633335060792112,0.837325710777928,-6.36292924569375
"1706","Rv2489c",0.128270942638889,1.38100945453846,0.485511295143514,0.633482356920529,0.837325710777928,-6.36303427298066
"3730","Rv0750",0.0949000573333334,1.26126595969231,0.485358866086823,0.63358824811625,0.837325710777928,-6.36310974258524
"4728",NA,0.0843957173333332,1.15464199330769,0.485202558190396,0.633696842404751,0.837325710777928,-6.36318710872863
"5061",NA,-0.109317090833333,2.53848197561538,-0.485091032102137,0.633774329967548,0.837325710777928,-6.36324229486259
"3668","Rv0694",-0.0683425340277781,1.02955958123077,-0.483798325703233,0.634672812760015,0.838306130210369,-6.36388106099447
"3023","Rv3664c",-0.115918075166667,1.62949842238462,-0.483231098571428,0.635067243717288,0.83849560335723,-6.36416082226402
"3352","Rv0418",0.0862451849444444,0.793041761461538,0.48211596702248,0.635842998363212,0.83849560335723,-6.36470988420428
"103","Rv1070c",-0.0947128926111113,0.956493519384615,-0.482084575152513,0.635864842802699,0.83849560335723,-6.36472532289675
"1885","Rv2643",0.125883700055555,1.28119083538462,0.482082117224387,0.63586655319841,0.83849560335723,-6.36472653167791
"3189","Rv3810",0.0718507133611108,1.44930739130769,0.482064969008883,0.635878486166947,0.83849560335723,-6.36473496480889
"1277","Rv2115c",-0.090112904722222,0.902930114384615,-0.481958188924124,0.635952793790309,0.83849560335723,-6.36478747043974
"365","Rv1303",0.0658448710277779,1.02112738546154,0.48195299937494,0.63595640526837,0.83849560335723,-6.36479002194338
"3478","Rv0530",0.0705954565277775,1.28944318284615,0.481128346262988,0.636530412417772,0.83849560335723,-6.36519513297248
"990","Rv1860",0.0988866973333329,1.10566835023077,0.481081426139595,0.63656307874378,0.83849560335723,-6.36521816220548
"5143",NA,0.0967466988611111,0.787648845076923,0.480853340930168,0.636721885242396,0.83849560335723,-6.36533007937172
"1226","Rv2068c",0.0775202033333329,1.43067447807692,0.480817981382427,0.63674650629303,0.83849560335723,-6.36534742502171
"2573","Rv3253c",0.0994343598888887,1.82146957323077,0.480811941344331,0.636750712049019,0.83849560335723,-6.36535038784241
"2860","Rv0346c",-0.0692948283611114,1.33607753053846,-0.480613589097773,0.636888834349402,0.83849560335723,-6.36544766548084
"3600","Rv0635",0.0902024068055558,1.00665404684615,0.480444828528542,0.637006361356463,0.83849560335723,-6.36553039977037
"5124",NA,-0.0805337495833338,1.65140379792308,-0.479956055423443,0.637346805311778,0.838737755087437,-6.36576985963396
"2597","Rv3275c",0.108248385861111,1.63594986246154,0.479181176349794,0.637886700912345,0.839242198549379,-6.36614900270526
"2775","Rv3436c",-0.078829141611111,0.974597273384615,-0.478457222104198,0.638391303971294,0.839664592719925,-6.36650269007299
"3865","Rv0874c",0.11474508225,1.57027088084615,0.478270552668224,0.638521443980371,0.839664592719925,-6.36659380293009
"3030","Rv3670",-0.10976493925,1.47285605846154,-0.477931974448079,0.638757520943411,0.839664592719925,-6.36675897378636
"2206","Rv2936",-0.0933114865555555,1.21299255207692,-0.477688729606243,0.638927150415059,0.839664592719925,-6.36687756727485
"2201","Rv2931",0.0949979548888888,1.79267643292308,0.477395044578727,0.639131982342884,0.839664592719925,-6.3670206744836
"3421","Rv0479c",-0.0974903127500001,0.981628528307692,-0.477013344916939,0.639398245301902,0.839664592719925,-6.36720654158989
"3133","Rv3760",-0.0772881007777779,2.46347312830769,-0.476846948648496,0.639514334517389,0.839664592719925,-6.36728752230002
"2306","Rv3022c",0.196192178694444,2.41764537423077,0.476714625470048,0.639606658925144,0.839664592719925,-6.36735190090333
"3109","Rv3737",0.116127043944445,1.11903403930769,0.476519237918523,0.639742995674046,0.839664592719925,-6.36744693014144
"4340",NA,0.0748133241666665,0.923012732307692,0.476474391324965,0.639774290423167,0.839664592719925,-6.36746873650718
"2952","Rv3598c",0.0703415302222223,0.574851422461538,0.475880409629159,0.640188847276791,0.839952799325091,-6.36775736784417
"3149","Rv3774",0.0922708624166666,0.852955091076923,0.475710718782336,0.640307301873567,0.839952799325091,-6.3678397607423
"5178",NA,-0.120595315138889,2.18682613092308,-0.475448354865038,0.640490467607977,0.839987498502265,-6.36796709448833
"4616",NA,-0.144531711861112,3.15209407584615,-0.474858367844126,0.640902446055838,0.840040585921505,-6.36825318464389
"2075","Rv2819c",-0.086841731388889,1.04955146184615,-0.474476597900898,0.641169094143079,0.840040585921505,-6.3684381241591
"1878","Rv0259c",-0.0674260945277776,1.11145823384615,-0.474385865523587,0.641232473802497,0.840040585921505,-6.36848205604215
"3776","Rv0792c",0.133460081916667,1.09458277907692,0.474292754461413,0.641297518017676,0.840040585921505,-6.36852713116256
"3","Rv0977",0.108162123972222,1.18229482169231,0.474239094360677,0.641335004498732,0.840040585921505,-6.36855310413713
"2774","Rv3435c",-0.0800429337500004,1.803932162,-0.474044019209858,0.641471290704612,0.840040585921505,-6.36864750180941
"1330","Rv2160c",-0.0677599216388884,2.06342983576923,-0.4734847446162,0.641862092140801,0.840347047844332,-6.36891792752556
"1060","Rv1922",-0.0971257875833329,0.861719579384615,-0.472811546419587,0.642332642807125,0.840531426527684,-6.36924302646936
"2598","Rv3276c",-0.0945949549722223,1.18943805676923,-0.472184318973289,0.642771201790799,0.840531426527684,-6.36954552009519
"2947","Rv3594",0.0865602318333329,1.13503260384615,0.472179768962,0.642774383666034,0.840531426527684,-6.36954771300549
"238","Rv1192",-0.0944500524166667,1.55983304292308,-0.472158303983907,0.642789394468462,0.840531426527684,-6.36955805792688
"1424","Rv2243",0.114221647138889,1.04316445969231,0.471610521556335,0.643172521257061,0.840531426527684,-6.36982190353386
"1585","Rv2387",-0.099063932527778,1.13764860923077,-0.470754018075947,0.643771779199408,0.840531426527684,-6.37023385040845
"3009","Rv3652",0.0812145101944441,1.84057898638462,0.470743322277093,0.643779264178299,0.840531426527684,-6.37023899008705
"555","Rv1467c",0.0757869931111108,1.45406901330769,0.47069829559226,0.643810774531955,0.840531426527684,-6.37026062562392
"2169","Rv2903c",-0.079885026861111,0.934312497153846,-0.47042809536582,0.643999879386507,0.840531426527684,-6.37039041578786
"706","Rv1602",0.114024557666667,1.06461803238462,0.470405307441303,0.644015829105016,0.840531426527684,-6.37040135860548
"1963","Rv2715",-0.0839723581388887,1.05742379276923,-0.470187631191496,0.644168194015951,0.840531426527684,-6.37050586126083
"1811","Rv2579",0.0993218105,1.49624685792308,0.470071219081374,0.644249684655311,0.840531426527684,-6.37056172939801
"1036","Rv1900c",0.0889960049166669,1.06641679953846,0.470056705709553,0.644259844611898,0.840531426527684,-6.37056869366568
"2230","Rv2955c",0.0930686388611109,0.865840477846154,0.470041987708996,0.64427014789098,0.840531426527684,-6.37057575591097
"1851","Rv2614c",-0.073165822611111,0.879882892692308,-0.469920560827374,0.644355155149674,0.840531426527684,-6.37063401283744
"1845","Rv0256c",-0.0844357843055557,1.05153208576923,-0.469405094790868,0.644716073633022,0.840704182188188,-6.3708811545768
"1008","Rv1875",0.106501877722223,1.33643096469231,0.46928341297357,0.644801286002918,0.840704182188188,-6.3709394567484
"2369","Rv3076",-0.115409360444444,1.360339447,-0.46854476550329,0.645318661380644,0.841174130593447,-6.37129305360684
"3564","Rv0607",-0.083768552861111,1.22365606323077,-0.467046348483688,0.646368781536616,0.842059303733561,-6.37200869193031
"184","Rv1146",-0.0990588708611111,1.18608443446154,-0.466984956846165,0.646411822403734,0.842059303733561,-6.37203796472548
"4375",NA,-0.0971838817499999,0.922975155846154,-0.46678976202247,0.646548679488205,0.842059303733561,-6.37213101272258
"659","Rv1559",0.0866423943055559,1.46044971630769,0.466438042014704,0.64679531408534,0.842059303733561,-6.37229857950123
"4591",NA,-0.0942276533333331,1.95269556176923,-0.466363440789699,0.64684763171079,0.842059303733561,-6.37233410526905
"1181","Rv2029c",0.0784800016111113,1.29453057730769,0.466231254564263,0.646940338204255,0.842059303733561,-6.37239703993129
"3843","Rv0854",0.0799932958888888,0.681690452076923,0.465068409468041,0.647756136451086,0.842916458212629,-6.37294992844494
"163","Rv1126c",0.11054504925,1.10577298469231,0.464636966638274,0.648058934127103,0.843105797796425,-6.37315472088209
"588","Rv1495",-0.0919492141666666,0.960588896230769,-0.464071760544322,0.648455706315706,0.843417273926761,-6.37342272629942
"3046","Rv3684",0.0957289731666666,0.769660178,0.463206089249013,0.649063614664119,0.843673078499322,-6.373832587838
"5181",NA,0.143825038388889,1.79181616792308,0.462796112936462,0.649351605078142,0.843673078499322,-6.37402643535166
"4320",NA,-0.0689331325555558,0.662517606076923,-0.4622544810021,0.649732165392715,0.843673078499322,-6.37428227656835
"1934","Rv2688c",0.0738414624444443,1.02849606646154,0.462151439246215,0.649804575661255,0.843673078499322,-6.37433091554084
"3108","Rv3736",-0.0787517603333336,0.706523400538462,-0.462023133355449,0.64989474476972,0.843673078499322,-6.37439146521092
"309","Rv0121c",-0.0739851100833335,0.738512859923077,-0.461642788970367,0.650162070974039,0.843673078499322,-6.37457085971597
"4181",NA,-0.0796804410277776,1.583481579,-0.46128011109655,0.650417025929394,0.843673078499322,-6.37474178743686
"5125",NA,0.0756258498888888,0.775771857615385,0.46107929064793,0.650558217688153,0.843673078499322,-6.3748363764752
"2591","Rv3270",0.109038113527778,1.150383697,0.461040122114175,0.650585757682982,0.843673078499322,-6.37485482068362
"3909","Rv0913c",0.104654013361111,1.15186940723077,0.460569075718451,0.650916998322867,0.843673078499322,-6.37507651372849
"21","Rv0993",-0.0663405648888891,0.923916960615385,-0.460494601983117,0.650969375263287,0.843673078499322,-6.37511154378471
"1074","Rv1934c",-0.0744216550833328,1.14179965046154,-0.460278808740289,0.651121151987396,0.843673078499322,-6.37521301481873
"909","Rv1785c",0.0913239446944445,0.798949841153846,0.460245816856504,0.651144357996022,0.843673078499322,-6.37522852428821
"391","Rv1322A",0.0744113063611112,1.25934443653846,0.460087059172459,0.651256030981235,0.843673078499322,-6.37530314104627
"3271","Rv3883c",-0.0943001338333336,1.21599790946154,-0.460073557107284,0.651265528968154,0.843673078499322,-6.37530948591385
"4962",NA,0.0682583247777775,1.44333225430769,0.459736668118397,0.6515025324775,0.843673078499322,-6.37546773744183
"2411","Rv3112",-0.0792221808055558,1.06660396507692,-0.459703004830533,0.651526216920652,0.843673078499322,-6.37548354435294
"3969","Rv0093c",-0.111748720583333,1.80423857138462,-0.4596469797458,0.651565635278768,0.843673078499322,-6.37550984895255
"3828","Rv0839",-0.076076369138889,1.20818713269231,-0.45945451635934,0.651701057540411,0.843673078499322,-6.3756001895235
"2912","Rv3563",-0.0958281463333337,1.34265486715385,-0.459254372934109,0.651841896959222,0.843673078499322,-6.3756940959072
"77","Rv0101",0.0830143747499996,1.28338026346154,0.459089658367813,0.651957815511976,0.843673078499322,-6.37577134930508
"2891","Rv3544c",-0.0950810962222224,1.25881074769231,-0.458520668244645,0.652358315153442,0.843771322180192,-6.37603800560415
"2431","Rv3129",0.0806834374722227,1.24547460815385,0.45843620201356,0.652417778394391,0.843771322180192,-6.37607756307851
"497","Rv0138",-0.0839298210833337,1.154149543,-0.458178055241817,0.652599525631856,0.843771322180192,-6.37619841508688
"119","Rv1084",0.0820125964166664,0.992293654615385,0.45797347752656,0.652743573749243,0.843771322180192,-6.37629414147011
"237","Rv1191",-0.0685163730000001,0.984104667923077,-0.457863759713139,0.652820834530085,0.843771322180192,-6.37634546365711
"2988","Rv3632",0.155911425527778,1.48992183346154,0.457531514050068,0.653054819096918,0.843870258042305,-6.3765008035132
"3140","Rv3766",0.0780214459166668,1.35138183392308,0.45704495226243,0.6533975481743,0.843925137769425,-6.37672809467996
"3734","Rv0754",0.110192835416667,1.26031130284615,0.456888157198365,0.653508009977166,0.843925137769425,-6.37680128925516
"641","Rv0151c",0.0961370601388889,1.260273362,0.456800687763107,0.653569635612105,0.843925137769425,-6.37684211081637
"4074",NA,0.103968102916666,1.61342981315385,0.455756065361097,0.654305811822202,0.84467224262211,-6.37732904185581
"2136","Rv2871",0.110139722583334,1.97063966692308,0.454789394600277,0.654987379848514,0.845348508545156,-6.37777866847751
"1390","Rv2217",-0.0800921947777777,1.10180434946154,-0.454270213343176,0.655353567038181,0.845617505855717,-6.37801977032843
"3413","Rv0472c",0.16566652875,1.24413950546154,0.45371578843602,0.655744711906994,0.845918569391453,-6.3782769422783
"2857","Rv3514",-0.0902531060833334,4.01691469715385,-0.453347727925986,0.65600443418401,0.846049992114122,-6.37844749921802
"4197",NA,-0.0609569964999999,1.03356221892308,-0.452810525288051,0.656383593138096,0.84633535223002,-6.37869619315968
"4424",NA,-0.0748234084444444,1.37455934476923,-0.452219252234873,0.656801026662129,0.8465244920728,-6.37896958598172
"835","Rv1716",0.0720835002499998,0.797046783461538,0.45186117387657,0.657053883580798,0.8465244920728,-6.37913498477283
"2936","Rv3584",-0.129360885722223,2.31485559323077,-0.451756674218571,0.657127684049978,0.8465244920728,-6.37918322976437
"290","Rv1238",0.104485405555555,1.152859871,0.451708061256138,0.657162017073679,0.8465244920728,-6.37920566949484
"3685","Rv0709",0.0829335062222221,1.08781336530769,0.449850375105582,0.658474602752768,0.848011501863248,-6.38006141112389
"4278",NA,0.064826921138889,0.595535798923077,0.449214720840926,0.658924000918011,0.848386414825976,-6.38035343436061
"4110",NA,-0.115191945777778,0.927324325846154,-0.448918107332535,0.659133748236064,0.848452663435471,-6.38048956239538
"4119",NA,-0.0699929156666661,2.13131026407692,-0.447459718938348,0.660165457977205,0.849576675812202,-6.38115759954125
"323","Rv1267c",-0.0852447334999999,1.18219361476923,-0.446807129026834,0.66062734888236,0.849788828482722,-6.3814558410596
"967","Rv1839c",0.0796387532499996,1.00262903023077,0.446599501967732,0.660774332983419,0.849788828482722,-6.38155064003125
"4406",NA,-0.0643589151944439,1.10867099169231,-0.446297001387839,0.660988505815262,0.849788828482722,-6.38168867963157
"2640","Rv3312A",0.111304704416667,2.08894193530769,0.446220373820678,0.661042763549717,0.849788828482722,-6.38172363246829
"2379","Rv3085",0.105234036611111,1.34304857853846,0.446048559085199,0.661164427583962,0.849788828482722,-6.38180198260185
"2483","Rv3176c",0.117076717611111,1.05313286869231,0.445883145882046,0.661281567836089,0.849788828482722,-6.3818773857021
"3101","Rv3730c",-0.0837709248611109,1.19981531607692,-0.44529053728027,0.661701308173501,0.850124403597787,-6.38214730032894
"854","Rv1732c",0.124480244722222,1.32934730946154,0.444567693416028,0.662213450111215,0.850397944449795,-6.38247605845511
"2684","Rv3353c",0.0864160922499997,1.06617573215385,0.444206968684191,0.662469091547794,0.850397944449795,-6.38263992532274
"416","Rv1345",0.107532657694444,1.03263109784615,0.444180329587582,0.662487972066967,0.850397944449795,-6.38265202154695
"1903","Rv2659c",-0.0852029873333338,1.27686846546154,-0.444066023425671,0.662568989467981,0.850397944449795,-6.38270391740294
"320","Rv0122",-0.0769172271388889,1.46762662923077,-0.443870611505752,0.662707502605745,0.850397944449795,-6.3827926056696
"5054",NA,-0.100743103416667,1.35235918330769,-0.443306732133509,0.663107265692017,0.850538026766818,-6.38304831021849
"3854","Rv0864",-0.0851786016944446,0.869264878076923,-0.443268982004673,0.663134032436293,0.850538026766818,-6.38306541757616
"3695","Rv0070c",0.0762402997222219,0.895119801461538,0.442506944005429,0.663674455981892,0.850690532665453,-6.38341044870356
"4993",NA,-0.0730704718333333,1.68541676776923,-0.442472647612374,0.663698782850163,0.850690532665453,-6.38342596358815
"260","Rv1212c",-0.114836753027778,1.04428489176923,-0.442429951080995,0.663729068583381,0.850690532665453,-6.38344527685707
"752","Rv1642",0.0777795878333329,1.97193231946154,0.441980441887118,0.664047953186863,0.850747796567126,-6.38364849652459
"4120",NA,-0.0662746450833338,1.12117766915385,-0.441592765320273,0.664323026600741,0.850747796567126,-6.38382360006457
"2429","Rv0308",0.0955164603333329,1.12816567123077,0.441575003174809,0.664335630797924,0.850747796567126,-6.38383161917283
"532","Rv1447c",-0.0796539032500001,1.34951142330769,-0.441449640506545,0.664424592350923,0.850747796567126,-6.38388820792536
"489","Rv1408",0.138871255944445,1.47373092323077,0.441248477312994,0.664567355266148,0.850747796567126,-6.3839789802584
"42","Rv1010",-0.101457524944445,1.28029972153846,-0.438967360413209,0.666187161230578,0.852182833627452,-6.38500547706185
"2177","Rv2910c",-0.0682541992222219,1.60784829884615,-0.438786676819053,0.66631553614368,0.852182833627452,-6.38508656202041
"2677","Rv3347c",0.0589962023611112,1.15380800946154,0.438719478586626,0.666363282915684,0.852182833627452,-6.38511671009366
"2515","Rv3203",-0.0880902063055553,1.63548423830769,-0.438673483637856,0.666395964838007,0.852182833627452,-6.38513734284308
"2264","Rv2984",0.0899752594444438,1.08191987723077,0.438152884011946,0.666765927403084,0.852182833627452,-6.38537072984272
"1874","Rv2634c",-0.0886865152499998,1.60423639053846,-0.438113870969714,0.66679365546411,0.852182833627452,-6.38538820864507
"4337",NA,0.0534355409444441,0.832192494538462,0.438045485406819,0.66684226089578,0.852182833627452,-6.38541884338924
"3405","Rv0466",0.0883845189999999,0.997168767384615,0.437879476836658,0.666960258781187,0.852182833627452,-6.38549319095979
"4019",NA,-0.0516669111944441,1.05013107169231,-0.437318914827117,0.667358769195086,0.85248879954377,-6.38574403727285
"1529","Rv2335",-0.0796355661944446,1.24959846469231,-0.436031217677808,0.668274596076119,0.852818971854345,-6.38631908044329
"4819",NA,0.0631533330833332,1.48805660453846,0.435696821389369,0.668512511170086,0.852818971854345,-6.38646813971801
"247","Rv1200",-0.0912585221111113,1.21030106515385,-0.435179797964634,0.668880432603079,0.852818971854345,-6.3866983861626
"2543","Rv3226c",-0.0680568200000002,0.920186286,-0.435132772530745,0.668913900891365,0.852818971854345,-6.38671931477658
"419","Rv0131c",0.1088240845,1.06006918830769,0.435119241174943,0.668923531372709,0.852818971854345,-6.38672533648092
"2233","Rv0290",0.0708273428055559,1.253699016,0.435103477237887,0.668934750892538,0.852818971854345,-6.38673235149448
"3085","Rv3716c",0.0908703866388891,2.11177613392308,0.43486447535174,0.669104863343996,0.852818971854345,-6.38683867782835
"4134",NA,0.103314235527778,3.07102130823077,0.434629605229193,0.669272052997561,0.852818971854345,-6.38694311039757
"3077","Rv3709c",-0.0647945135000003,1.11112366938462,-0.434476226418314,0.669381243623449,0.852818971854345,-6.38701127892785
"3508","Rv0556",0.0929859323055556,1.01777569346154,0.434360012731839,0.669463981409781,0.852818971854345,-6.3870629139204
"491","Rv1410c",-0.105514657972222,1.63405445338462,-0.434327185984993,0.669487353049555,0.852818971854345,-6.38707749675155
"1185","Rv2032",-0.0980656135555558,1.21684335138462,-0.434272152328525,0.669526536112516,0.852818971854345,-6.38710194227966
"4838",NA,0.119667090138889,1.80251144576923,0.43307472272617,0.670379328982575,0.853702352897744,-6.38763308146781
"1075","Rv1935c",-0.0689157650555554,1.21057457523077,-0.432010322046325,0.671137769360991,0.85446518854511,-6.38810400966101
"3813","Rv0828c",-0.0761683184444442,0.971273901230769,-0.431203815606562,0.671712690070202,0.854994067626759,-6.38846008174873
"383","Rv1316c",-0.0821448130833331,0.867196779769231,-0.430348719973309,0.672322476442609,0.855567064039028,-6.38883689523328
"2415","Rv3116",-0.102009618166667,1.04321373715385,-0.429291532485441,0.673076703566466,0.856323553552399,-6.38930175280785
"4341",NA,-0.0652073853055556,0.834432649307692,-0.428713038678526,0.673489569055489,0.856521997825513,-6.38955564979657
"1781","Rv2550c",0.0926340359444444,0.772078539153846,0.42862518326451,0.673552280006443,0.856521997825513,-6.38959417964547
"1042","Rv1905c",0.0905521210833331,1.42580317123077,0.428180158127911,0.673869975700197,0.856698538069558,-6.3897892310911
"4876",NA,-0.0591752395833334,0.535360471692308,-0.42798296115254,0.67401077146256,0.856698538069558,-6.389875597788
"2323","Rv3034c",0.109983991611111,1.91257957392308,0.427724304404887,0.674195467472813,0.856730134104855,-6.38998882311863
"38","Rv1006",-0.0698313008888889,1.55011032023077,-0.426239712134381,0.675255966610479,0.857874373318836,-6.39063739855208
"1064","Rv1925",0.120953258583334,1.06326323007692,0.425924743944413,0.675481050506947,0.85795697410361,-6.39077471533101
"863","Rv1738",-0.117303761888889,1.11166263230769,-0.425458753562113,0.67581411652854,0.857966794533679,-6.39097769111997
"2644","Rv3316",-0.0767603968611111,0.933130402538462,-0.425455701569642,0.675816298164276,0.857966794533679,-6.39097901978821
"4713",NA,-0.0882250637500001,0.968509480461538,-0.425242107529363,0.675968987558904,0.857966794533679,-6.39107198361935
"3385","Rv0448c",-0.0962052171666665,0.929027787615385,-0.424673360310478,0.676375631848904,0.858115254884527,-6.39131930015064
"255","Rv1207",0.0660689015277778,1.276066958,0.424504581235003,0.676496325731537,0.858115254884527,-6.3913926304573
"4049",NA,0.0599682646944446,1.27546370769231,0.424304717455836,0.676639259993798,0.858115254884527,-6.39147942940197
"3221","Rv3838c",0.0618074984166666,1.10353965884615,0.424118311159099,0.676772581468378,0.858115254884527,-6.39156034783546
"2921","Rv3570c",0.0841868652499996,0.960217869153846,0.423864840041782,0.676953886744571,0.858115254884527,-6.39167032308201
"3880","Rv0887c",-0.088637195,1.08428799907692,-0.423706330855619,0.677067277101834,0.858115254884527,-6.39173906384524
"353","Rv0125",0.0516223219166669,1.33753459030769,0.423511545974099,0.677206628388348,0.858115254884527,-6.39182350184699
"3903","Rv0087",0.0715166088333334,1.65854246492308,0.423250484044717,0.677393413902824,0.858149066064556,-6.39193661092918
"2706","Rv3373",0.110490049555555,1.40748794323077,0.422141621414578,0.678187027699332,0.858951433948114,-6.39241628186659
"2241","Rv2965c",-0.0980469118611114,1.41665023946154,-0.421665184909161,0.678528133261736,0.859140419651199,-6.39262200009029
"3842","Rv0853c",0.0794590933055552,1.27129497876923,0.42109602550857,0.678935718058859,0.859140419651199,-6.39286745657574
"3422","Rv0480c",-0.0910698476111111,1.08831172946154,-0.420885907251458,0.679086213216526,0.859140419651199,-6.39295799044334
"4806",NA,-0.0813085456666671,1.53640339038462,-0.420874293423597,0.679094531914477,0.859140419651199,-6.39296299321508
"4214",NA,0.0794225451666666,1.09381541546154,0.420814056604825,0.679137678742935,0.859140419651199,-6.39298893865489
"149","Rv1113",0.0827363794166658,2.40850739615385,0.420585313268609,0.679301534974843,0.859144933332977,-6.39308743076835
"1127","Rv1981c",-0.067903901388889,0.748464783230769,-0.419884707770992,0.679803504031899,0.859407375516991,-6.3933887706745
"4634",NA,-0.0624650002222225,1.77749749384615,-0.419848130731042,0.679829714961202,0.859407375516991,-6.39340448944415
"4155",NA,-0.0761915679166671,2.82959329069231,-0.419408574919478,0.680144731500123,0.859602867446512,-6.39359328112223
"4131",NA,0.0707729816666669,1.59826002261538,0.41900053324479,0.680437217263724,0.859769798334172,-6.39376836399434
"338","Rv1280c",0.0809376635277774,1.37154036930769,0.417519299576453,0.681499411032857,0.860890789973397,-6.39440253053738
"415","Rv1344",-0.0658283076111112,1.40933763176923,-0.417315488514133,0.681645618031175,0.860890789973397,-6.39448961685806
"3936","Rv0090",0.1020627075,1.325142767,0.416002968042718,0.682587486719753,0.861817202442742,-6.39504944536667
"2866","Rv3522",0.0821629614166669,1.05056794146154,0.415639599899441,0.682848336143132,0.861817202442742,-6.3952041272522
"962","Rv1834",0.0964093670833344,2.21094577869231,0.415621259045563,0.682861503502672,0.861817202442742,-6.39521193124511
"4680",NA,0.0693328425833331,2.205805041,0.415147357950296,0.683201765459478,0.862035544127594,-6.39541345815431
"673","Rv1571",0.07576721,1.40367328530769,0.414932354171214,0.683356161753386,0.862035544127594,-6.3955048144559
"2532","Rv3217c",0.0725585539444444,2.23143044653846,0.414055206615053,0.683986199413726,0.862037956675156,-6.39587703895058
"3884","Rv0890c",0.0596832704999999,0.990713460769231,0.413804671499797,0.684166197864929,0.862037956675156,-6.39598321382399
"1092","Rv1952",0.0834213155277783,1.62220482369231,0.413712237163093,0.684232612806362,0.862037956675156,-6.39602237089262
"2754","Rv3418c",0.0607240954444446,1.55537677238462,0.413692388876893,0.684246874334091,0.862037956675156,-6.39603077791341
"3074","Rv3706c",-0.0850853308888888,2.01609983292308,-0.413651259935724,0.684276426975696,0.862037956675156,-6.39604819739713
"744","Rv1636",0.0994681916666662,1.13686889723077,0.41358638632292,0.684323042099401,0.862037956675156,-6.39607567009541
"886","Rv1761c",0.177418091805555,1.90504664646154,0.413221029789118,0.684585594577019,0.862166068358275,-6.39623031256073
"630","Rv0150c",0.101793645138889,1.56673532130769,0.412906660542093,0.68481153983087,0.862248027600062,-6.39636326673924
"2054","Rv0275c",-0.0682991215833337,0.925426826,-0.411172219478839,0.686058679347973,0.863487690484272,-6.39709502028979
"4218",NA,-0.0706597174166674,1.27148408184615,-0.41108933912361,0.686118297345618,0.863487690484272,-6.39712991160839
"3274","Rv3886c",0.110227205722222,1.30184873192308,0.410805771612858,0.686322290942104,0.863541661842647,-6.39724923690935
"2243","Rv2967c",-0.096828363777778,1.52824113892308,-0.410129310510307,0.686809026004991,0.863774350635094,-6.39753356611285
"3460","Rv0512",-0.0814502373055555,1.47553562692308,-0.409905744498233,0.686969919924853,0.863774350635094,-6.39762743410647
"5018",NA,-0.0730053059722227,1.33128531684615,-0.40979561042536,0.687049185878792,0.863774350635094,-6.39767365732838
"2025","Rv2771c",-0.080502712111111,1.17861702115385,-0.409652996109069,0.687151834161948,0.863774350635094,-6.39773349440585
"3797","Rv0813c",0.0801051480277775,1.15503500392308,0.40928163853807,0.68741915250834,0.863907774312943,-6.39788921013073
"4857",NA,0.078733943861111,0.799907643230769,0.408913292039849,0.687684345438939,0.864038464967818,-6.39804352652914
"4939",NA,-0.0711065700833329,2.44995710130769,-0.407924317686847,0.688396569609021,0.864730633490591,-6.39845717725456
"2362","Rv3070",-0.0808657054166666,1.26710259284615,-0.407401233033138,0.688773398435899,0.864777374621211,-6.39867556686049
"899","Rv1775",0.0874290306388883,1.29080213869231,0.40720572795478,0.688914261406856,0.864777374621211,-6.39875712036679
"1250","Rv0204c",-0.0830880858611116,1.19594765476923,-0.407200821673114,0.68891779657324,0.864777374621211,-6.39875916649251
"3992",NA,-0.0715229560555555,1.30062745984615,-0.406971897773026,0.68908275336073,0.864781914777221,-6.39885461051085
"2679","Rv3349c",0.0726013372499998,1.172608664,0.406433706171535,0.689470624106421,0.865066138860117,-6.39907878859276
"3445","Rv0499",0.0991723764722221,1.66455056084615,0.406152800729514,0.689673105940506,0.865117680281093,-6.3991956812984
"3896","Rv0901",-0.0938173948888892,1.29879571284615,-0.405799915438818,0.689927506504282,0.865234308578135,-6.39934241456222
"4985",NA,-0.0582164092499998,0.813514187307692,-0.405550127254336,0.69010760583048,0.865257723333655,-6.39944620342156
"3299","Rv3908",-0.0721101971944444,1.38011222053846,-0.404221838323405,0.691065634120208,0.866256267278839,-6.39999706482173
"2148","Rv2884",0.0748835934444443,0.840632318769231,0.403078830620916,0.691890460253787,0.867087413364578,-6.4004696686809
"3597","Rvnt06",0.32467199475,1.92738132869231,0.402048675520573,0.692634190321681,0.867321292229087,-6.40089448642505
"4238",NA,-0.0858405300277778,2.353502822,-0.401943308760106,0.692710279059569,0.867321292229087,-6.40093787770798
"136","Rv1099c",0.0687682306666668,0.977416865076923,0.401924609931067,0.692723782440502,0.867321292229087,-6.4009455769423
"355","Rv1294",0.0716822829444445,1.00812079038462,0.401923840531167,0.692724338065806,0.867321292229087,-6.40094589373483
"1408","Rv2230c",0.0638904986666666,0.958733138692308,0.400689184255171,0.693616182110503,0.868112589014638,-6.40145348446003
"4188",NA,-0.0601397624444449,1.05792649284615,-0.400600493920309,0.693680264692107,0.868112589014638,-6.40148988777495
"4168",NA,0.0544030590555555,1.76698994276923,0.399707637126375,0.694325525068749,0.868628075785879,-6.40185592415283
"2911","Rv3562",-0.0705498043888888,1.03174548423077,-0.399582073597008,0.694416288198226,0.868628075785879,-6.40190733602856
"540","Rv1455",0.0514620751666668,1.256346376,0.399209564712603,0.694685582954529,0.868654839138219,-6.40205976621642
"1180","Rv2028c",0.0717733683611113,1.49033970476923,0.399104133850149,0.694761808840587,0.868654839138219,-6.40210288307376
"2946","Rv3593",0.0942150965555557,1.36517656507692,0.397091554099347,0.696217536183246,0.870271920229058,-6.40292380226971
"235","Rv1189",-0.0579415330555554,0.867064717461538,-0.396375426751528,0.696735815929414,0.870665697840883,-6.40321492397079
"440","Rv1365c",0.06847027875,1.43309999192308,0.396118192202796,0.696922020862757,0.870665697840883,-6.40331936965122
"4964",NA,-0.0519507063333333,0.705842961384615,-0.395983027008969,0.697019871163289,0.870665697840883,-6.40337422449369
"1525","Rv0229c",-0.070268768416667,1.02619727384615,-0.395595176187107,0.69730067896591,0.87081352266013,-6.40353152615098
"831","Rv1712",0.0695663740277779,1.21167300561538,0.393715457566934,0.698662253367657,0.871988440129727,-6.40429174499497
"4629",NA,0.091218030416667,2.27949442038462,0.393571600232476,0.698766500058887,0.871988440129727,-6.40434977913267
"1866","Rv2627c",0.101272858833333,1.76529704769231,0.393262730669794,0.698990344321148,0.871988440129727,-6.40447431126389
"3355","Rv0421c",0.074326076722222,1.27622379815385,0.393239570603872,0.699007130057445,0.871988440129727,-6.40448364522878
"2133","Rv2868c",-0.0499381431111112,1.59331776638462,-0.393021238804627,0.699165378421051,0.871988440129727,-6.40457161074265
"2332","Rv3042c",-0.0789049269166666,1.35110510638462,-0.392949199380564,0.699217596208501,0.871988440129727,-6.40460062478278
"4979",NA,0.086913451666667,1.38865005715385,0.392374726362338,0.699634058532495,0.872304850833723,-6.40483180824993
"4094",NA,0.110553296083333,2.30383397553846,0.391810615751409,0.700043104508978,0.872578313448206,-6.40505849848567
"4061",NA,0.104071840694444,1.57052201961538,0.39162326208178,0.7001789787576,0.872578313448206,-6.40513371651835
"3796","Rv0812",-0.107045642333333,1.34896181238462,-0.391356246351182,0.70037264429002,0.872616776707231,-6.40524085592805
"2632","Rv3307",-0.104471008305556,1.43108001807692,-0.390712835291822,0.700839395180315,0.872995388837204,-6.40549872830587
"713","Rv1608c",-0.0844739103055554,1.32255151484615,-0.389861201801839,0.701457386566585,0.873383453337722,-6.40583941335509
"1191","Rv2038c",-0.083753657111111,1.03936783892308,-0.389834423108724,0.701476822130391,0.873383453337722,-6.40585011399021
"2443","Rv3139",-0.0618608726944442,0.798890903230769,-0.389450553499447,0.701755452183682,0.873527455574671,-6.40600342708125
"390","Rv1322",0.0601137006111112,1.25631549084615,0.389064753856322,0.70203552718221,0.873673189156407,-6.40615736156204
"215","Rv1172c",-0.0844940034444448,0.982141405461538,-0.388753325520254,0.702261643786811,0.873751720217574,-6.4062815125234
"1697","Rv2482c",-0.0634762647777777,0.877447615615385,-0.388353716396903,0.70255182727745,0.873909908147396,-6.40644067375581
"932","Rv1806",0.0681551548333332,1.18828118746154,0.38694161581399,0.703577628273876,0.874671933865713,-6.40700181471835
"801","Rv1687c",0.111195686777778,0.992936245307692,0.386680485214169,0.703767387506874,0.874671933865713,-6.40710536291134
"2879","Rv3533c",-0.0813317529166671,1.33592642007692,-0.38635953011717,0.704000647743864,0.874671933865713,-6.4072325397266
"3281","Rv3892c",0.0694876449444446,1.01997877261538,0.386331362324336,0.704021120673664,0.874671933865713,-6.40724369611906
"2756","Rv3420c",0.0840839626111112,1.14677839661538,0.385869792771859,0.704356632188438,0.874671933865713,-6.40742639574078
"2993","Rv3638",-0.0658740149722222,1.00423798246154,-0.385862585536113,0.704361871572557,0.874671933865713,-6.40742924682578
"2904","Rv3556c",-0.0727278070000004,1.02308641176923,-0.385446391705204,0.704664454462395,0.874671933865713,-6.40759379874453
"2782","Rv3443c",0.0546834650555557,1.448444961,0.385382045230556,0.704711240439733,0.874671933865713,-6.40761922405066
"1516","Rv2324",-0.0793559172499998,0.974061846307692,-0.385315045414534,0.704759956941273,0.874671933865713,-6.40764569334353
"5271",NA,-0.0949181073333329,1.48077810715385,-0.385265085951198,0.70479628402351,0.874671933865713,-6.40766542764432
"2301","Rv3017c",0.0618074717499999,1.17338983538462,0.384880825449906,0.705075716325794,0.874816166552375,-6.40781712892353
"2811","Rv3470c",0.0999290920000004,1.38101638507692,0.384566048090008,0.705304653156915,0.874897695191174,-6.40794128830781
"1515","Rv2323c",0.0844500926666665,0.943516474769231,0.384123007905489,0.705626924511147,0.874951618468004,-6.40811587002206
"1468","Rv2284",-0.0804236935833333,1.06932990953846,-0.384057475497812,0.705674598253205,0.874951618468004,-6.40814167653766
"275","Rv1226c",0.0828447693055554,1.97213709430769,0.38354555145515,0.706047057848751,0.875210969026204,-6.40834312218961
"340","Rv1282c",-0.0791117245000004,1.59161193107692,-0.382987812292619,0.706452938431469,0.875511618495416,-6.40856229590748
"3719","Rv0740",0.0724969235000004,1.87701196730769,0.381890895077999,0.707251457603766,0.876176055344274,-6.40899243511138
"1935","Rv2689c",0.0940082207222213,1.48413365184615,0.381802246897707,0.70731600587214,0.876176055344274,-6.4090271441841
"157","Rv1120c",0.0719115953333331,1.41297440061538,0.381116754365012,0.707815217658317,0.876591859207157,-6.40929527274196
"1289","Rv2126c",0.0745983191111104,2.30828662015385,0.380720339087494,0.708103970646689,0.876746889042793,-6.4094501134145
"4976",NA,0.100338309138889,0.933996923,0.380152122305788,0.708517945398933,0.877056856198217,-6.40967178393596
"1795","Rv2564",0.0965443925555556,1.28174770161538,0.379864550077221,0.708727492140494,0.877113682261152,-6.40978384648002
"2340","Rv3050c",0.079049965361111,1.19349966584615,0.379359249718916,0.709095750159692,0.877330847599912,-6.40998055247734
"3809","Rv0824c",0.0678872488055553,1.17283483430769,0.379174614721597,0.70923032885269,0.877330847599912,-6.4100523639667
"822","Rv1705c",0.0671971939722222,1.05443342253846,0.378810702700603,0.709495609816678,0.877456499450253,-6.41019380241844
"2667","Rv3337",-0.0628794788333331,1.52128836661538,-0.377019335568984,0.710802021841694,0.878831676494941,-6.41088809107213
"4688",NA,-0.0820132250277785,2.18504621169231,-0.376836413809492,0.710935475612326,0.878831676494941,-6.41095880487308
"1105","Rv0191",0.0945722286666666,1.27524349738462,0.376034744241097,0.71152046153412,0.87905058608739,-6.41126831593937
"4185",NA,-0.0749426023055557,1.73688262969231,-0.376012617697468,0.711536610111224,0.87905058608739,-6.41127684943349
"1950","Rv2703",0.071426128111111,0.779691525923077,0.3759195027259,0.711604569595743,0.87905058608739,-6.41131275546377
"3363","Rv0428c",-0.0698248229166668,0.954233421230769,-0.375274811000884,0.712075163023268,0.879215322492625,-6.41156111496449
"333","Rv1275",-0.109447433499999,2.19820419938462,-0.375081677274518,0.712216164476562,0.879215322492625,-6.41163543574615
"3966","Rv0963c",-0.0814415818611109,1.05807692615385,-0.375062693866811,0.712230024302794,0.879215322492625,-6.41164273881827
"2382","Rv3088",0.0644361209444446,1.25597579369231,0.373726991941622,0.713205482964605,0.879314697580684,-6.4121556817504
"3279","Rv3890c",-0.0697228387777777,1.36626954538462,-0.372902848506756,0.713807607378291,0.879314697580684,-6.41247127567226
"2609","Rv3286c",0.0689177579722221,0.833761363230769,0.372839144827084,0.713854157785892,0.879314697580684,-6.41249564155515
"4510",NA,-0.0549305287777782,2.45549810238462,-0.372740259942994,0.713926418574854,0.879314697580684,-6.41253345571101
"1752","Rv2527",0.0647219406111113,1.15756806984615,0.372695768732387,0.713958931736175,0.879314697580684,-6.41255046619144
"2827","Rv0343",0.0971459409166668,1.33794937392308,0.372674438220566,0.713974519788165,0.879314697580684,-6.41255862085252
"2633","Rv3308",-0.0573318069444443,0.939487509538461,-0.372512584483861,0.714092804567291,0.879314697580684,-6.4126204826286
"5348",NA,-0.0864173042777778,1.687254313,-0.372112796480266,0.714385006836796,0.879314697580684,-6.41277317149149
"3615","Rv0648",0.0681965197222218,1.65062527269231,0.372045490520633,0.714434204784834,0.879314697580684,-6.41279886143192
"3177","Rv3799c",0.0658718226111108,1.096157466,0.371756227076123,0.714645659446798,0.879314697580684,-6.41290921805588
"1655","Rv2445c",0.0644045710555555,0.759574433461538,0.371658922614593,0.714716795413524,0.879314697580684,-6.41294632161282
"1076","Rv1936",-0.0801898754444446,1.29319282738462,-0.371420813601374,0.714890880168396,0.879314697580684,-6.41303707562914
"1192","Rv2039c",-0.0753149833888893,1.41749185615385,-0.371298617960007,0.714980225350371,0.879314697580684,-6.41308362765179
"2478","Rv3171c",0.0890244518333336,1.36270260430769,0.371002069826803,0.715197068678326,0.879314697580684,-6.41319653887753
"4433",NA,-0.066437555,1.59542062561538,-0.370930475714293,0.715249423818765,0.879314697580684,-6.41322378516421
"975","Rv1846c",0.0662604151111112,1.18676698907692,0.370921074089317,0.715256299120988,0.879314697580684,-6.41322736271903
"2072","Rv2816c",0.0761220280555558,1.04955510607692,0.370856026764093,0.715303868185355,0.879314697580684,-6.41325211241923
"1698","Rv2483c",-0.0529198548611113,0.760900587153846,-0.370665979551213,0.715442856484678,0.879314697580684,-6.41332439856468
"450","Rv1374c",-0.0578629377499998,0.884306175846154,-0.370638573510096,0.715462900347552,0.879314697580684,-6.41333481968886
"3099","Rv3728",0.0710450933055553,1.62094673684615,0.370350571738305,0.715673548147837,0.879314697580684,-6.41344428628636
"4068",NA,0.0466103936388886,1.16038021830769,0.370061448333773,0.715885040056398,0.879314697580684,-6.41355409500876
"3907","Rv0911",0.0663082569444446,1.13857972384615,0.370014133206724,0.715919653030244,0.879314697580684,-6.41357205720465
"5110",NA,-0.0673940644722224,2.028809816,-0.368268670609375,0.717196975337159,0.88068173832925,-6.41423310630787
"2430","Rv0029",-0.0578899940277786,1.41647851007692,-0.367619647413828,0.717672148007355,0.881063379138668,-6.41447812281059
"3257","Rv3870",0.0681544634166664,0.987303533538462,0.36716408983041,0.718005748848392,0.881271081709957,-6.41464984898982
"44","Rv1012",-0.0841846061666667,1.92126640807692,-0.366906716048003,0.718194247335593,0.881300633177376,-6.41474677552887
"2377","Rv3083",-0.0700881169444441,1.129206148,-0.366456221568747,0.718524230862464,0.881413718150111,-6.41491627001716
"2980","Rv3626c",-0.0573642295833332,1.08604604284615,-0.366331922670428,0.718615288864922,0.881413718150111,-6.41496300028832
"2145","Rv2881c",0.0932677093333336,1.62737304561538,0.365994809550167,0.718862270714176,0.881514932744906,-6.41508965970724
"5026",NA,-0.0968469760277777,1.25996344976923,-0.365292405169008,0.719376981582262,0.881944332406432,-6.41535319692382
"853","Rv1731",0.0676728618888889,0.669057352846154,0.364764524957234,0.719763895209197,0.882091526500152,-6.41555092597116
"2119","Rv2857c",0.0996528393333331,1.68681557223077,0.364679554468622,0.719826182259639,0.882091526500152,-6.41558272722592
"1053","Rv1915",-0.0852855798333336,0.888540038538462,-0.363402802892318,0.720762340361351,0.882998664038096,-6.41605968929534
"849","Rv1728c",0.0812663599722223,1.35690918838462,0.363021602317236,0.721041938245527,0.882998664038096,-6.41620177699271
"3509","Rv0557",-0.0712430629722223,0.826245807230769,-0.362525854315321,0.72140561363658,0.882998664038096,-6.4163863412141
"1928","Rv2683",0.0588039096666666,1.361540143,0.362436030356682,0.721471514874597,0.882998664038096,-6.41641975560629
"4000",NA,0.0498887798888887,1.73392225307692,0.362278919485153,0.721586787990844,0.882998664038096,-6.41647818104319
"2224","Rv2949c",0.073674096777778,0.900032590923077,0.362058096302193,0.72174881883392,0.882998664038096,-6.41656025727124
"572","Rv1482c",-0.0569813113333335,1.11483028984615,-0.362035031417166,0.721765743669805,0.882998664038096,-6.41656882725589
"4101",NA,0.0815587441111114,1.58947809192308,0.361863186708065,0.721891846673561,0.882998664038096,-6.41663266092649
"2226","Rv2951c",-0.060212841111111,0.791728825923077,-0.361648916168859,0.722049094119211,0.882998664038096,-6.41671221236082
"3588","Rv0628c",0.101214838888889,1.74471200553846,0.361395578897944,0.722235028113706,0.883024578168217,-6.41680620811315
"2095","Rv2836c",-0.079065354444444,2.23726151692308,-0.361037865566059,0.722497598176805,0.883144156494339,-6.41693882010112
"538","Rv1453",-0.0629961878333334,0.755446137076923,-0.359886139915972,0.723343233958417,0.883475600451844,-6.41736491113352
"724","Rv1618",-0.0561138126944444,0.862105802076923,-0.359691402604265,0.723486253084878,0.883475600451844,-6.41743682343109
"1253","Rv2092c",-0.0569558166666664,1.394730012,-0.359491265959858,0.7236332485601,0.883475600451844,-6.41751068965303
"4070",NA,0.0485174293888886,1.37693680207692,0.359043265415828,0.723962334280173,0.883475600451844,-6.41767589049569
"5163",NA,-0.0545673691666664,1.06719620207692,-0.35900198505578,0.723992660205739,0.883475600451844,-6.41769110248111
"4837",NA,0.0597465721944439,1.50955572476923,0.358850445073643,0.724103990565041,0.883475600451844,-6.41774693083252
"3531","Rv0576",-0.077189037805556,1.85034755761538,-0.35861658777267,0.724275808644939,0.883475600451844,-6.41783303989286
"3937","Rv0937c",-0.073976603,2.00519216369231,-0.358486067327159,0.724371710341531,0.883475600451844,-6.41788107505032
"2194","Rv2925c",-0.0864325558055561,1.411604583,-0.358410913264608,0.724426932963979,0.883475600451844,-6.41790872602581
"5236",NA,0.0947080608333335,1.17729692053846,0.3583081482637,0.724502446419346,0.883475600451844,-6.41794652648501
"4220",NA,-0.0641936160000007,2.43201399384615,-0.358200087556008,0.724581854400431,0.883475600451844,-6.41798626337139
"4636",NA,-0.0899946959722224,2.37273617246154,-0.35687359333338,0.725556886284824,0.884463250053822,-6.41847308990473
"4443",NA,-0.0440634363333333,0.454004983076923,-0.356235987651586,0.726025727362484,0.884707263695493,-6.41870645970125
"2467","Rv3161c",-0.0553053927499999,0.828901260923077,-0.356152433800771,0.726087174066506,0.884707263695493,-6.41873701075245
"1776","Rv2547",-0.0676104037500003,2.15934520115385,-0.355514143722532,0.726556645147139,0.88507463769783,-6.41897016542953
"2614","Rv3291c",-0.0804220601111114,1.13071482215385,-0.355201778718824,0.726786434689419,0.88507463769783,-6.41908411602899
"1675","Rv2462c",0.053436415722222,1.04572217015385,0.355069084162732,0.726884058795867,0.88507463769783,-6.41913249307941
"3810","Rv0825c",0.0597889915555556,1.18229330376923,0.353979883395358,0.72768557224743,0.885849345275091,-6.41952891497621
"4926",NA,0.107472917250001,3.86921788207692,0.353108529006418,0.728327012324118,0.886428879667864,-6.41984518638684
"49","Rv1016c",-0.0763628508888885,1.40619033292308,-0.352858538907964,0.728511078708101,0.886451619040958,-6.41993578235605
"891","Rv1768",0.0815376706666668,1.52301842861538,0.352393991854909,0.728853167548192,0.886643249505783,-6.42010396551154
"1973","Rv2724c",-0.0646059890555559,1.37163367930769,-0.352195432474361,0.728999403091788,0.886643249505783,-6.42017578473411
"493","Rv1412",0.0608811324166669,1.25250264253846,0.351707390520581,0.729358883197395,0.886790229381524,-6.42035214074876
"5312",NA,0.0510945902777775,0.958011922384615,0.351582151095054,0.72945114204163,0.886790229381524,-6.42039735769313
"3082","Rv3713",-0.0786279318888892,1.49966835692308,-0.350941028945623,0.729923497766681,0.887163253521409,-6.42062858247421
"3591","Rv0631c",0.0510153450555559,1.21770104730769,0.350274464052248,0.730414717232668,0.887559030688529,-6.42086854240469
"5144",NA,-0.0576401989444446,0.660328788384615,-0.349971147828994,0.730638283527555,0.887629465028943,-6.42097758585913
"1272","Rv0206c",-0.0849421226944447,1.70569120230769,-0.349326653112876,0.731113406173027,0.887925385449703,-6.42120897536108
"2394","Rv3098A",0.0570572714722222,1.14670593069231,0.348732109088571,0.731551804790967,0.887925385449703,-6.42142205860886
"2218","Rv2944",0.0666145808333332,1.31186852723077,0.348517646032699,0.731709966759327,0.887925385449703,-6.42149883389732
"4265",NA,-0.0540839239444444,1.72810892692308,-0.348470792500009,0.731744521902952,0.887925385449703,-6.42151560072361
"4364",NA,-0.0693388674999995,2.81596964815385,-0.348468980189109,0.731745858519808,0.887925385449703,-6.42151624922564
"4294",NA,-0.0528236317222222,2.05432625092308,-0.348229194853118,0.731922712998664,0.887925385449703,-6.42160202267076
"4469",NA,-0.0642063610833332,1.76429024307692,-0.347841748811827,0.732208507925693,0.887925385449703,-6.42174049274772
"2028","Rv2774c",-0.0760973026111107,2.04046227753846,-0.347715476468707,0.732301659955376,0.887925385449703,-6.42178558863362
"2657","Rv3328c",-0.0582480562222223,1.27553541661538,-0.347619066381915,0.732372785274839,0.887925385449703,-6.42182000888959
"960","Rv1833c",-0.0565465723611109,0.944924254230769,-0.34717293592661,0.732701944976792,0.888123569668839,-6.42197916355279
"1685","Rv2469c",-0.0509435393888886,1.43915247830769,-0.34693421869916,0.732878095050604,0.888136239988975,-6.42206424191304
"3175","Rv0375c",-0.0637901304166669,0.992081244769231,-0.346493634282312,0.733203243721277,0.888226739998271,-6.42222111387485
"203","Rv1161",-0.0859353078611114,1.73254250707692,-0.346187997297256,0.733428832650335,0.888226739998271,-6.42232982179108
"208","Rv1166",0.0553694545555552,1.79674361330769,0.346159434089482,0.733449916274692,0.888226739998271,-6.42233997622333
"1745","Rv0247c",0.085308176277778,0.833000765153846,0.345634460700567,0.733837458739684,0.88849531936858,-6.42252646106759
"2376","Rv3082c",0.05217642975,0.951632688923077,0.344998745641187,0.734306851158717,0.888862855061138,-6.42275191086192
"2157","Rv2892c",0.0551127198333332,0.713064690384615,0.344304956539628,0.734819247171037,0.889282267969465,-6.42299748906604
"1110","Rv1965",0.0704911081388888,1.49553943515385,0.343960664127926,0.735073571164497,0.88938924186043,-6.42311917615423
"2694","Rv0331",0.07246701225,1.17287885176923,0.343520057347378,0.735399087421906,0.889442506432695,-6.42327472960308
"4249",NA,0.0488074247777779,1.56692714061538,0.343441929341012,0.735456813086587,0.889442506432695,-6.42330229168365
"2066","Rv2807",-0.068574289138889,0.762185247384615,-0.343079205158102,0.735724836828165,0.889442506432695,-6.42343017293626
"3092","Rv0036c",0.0775311222222217,2.07642819530769,0.34289519807946,0.735860816538647,0.889442506432695,-6.42349499513328
"4228",NA,0.045070653861111,0.847982610615385,0.342727910388011,0.735984448588256,0.889442506432695,-6.42355389765011
"1791","Rv2559c",0.0572921269166667,0.838716926923077,0.342418197517997,0.736213358000378,0.889442506432695,-6.42366287370638
"4456",NA,-0.0446924726388884,2.36424609915385,-0.342216261826781,0.736362622827732,0.889442506432695,-6.42373387479469
"4347",NA,0.0493013943055556,1.22854679276923,0.342099447756634,0.736448973248587,0.889442506432695,-6.42377492805476
"1216","Rv0201c",0.0729348285,1.00689895330769,0.341863608413312,0.736623319694358,0.889442506432695,-6.42385776956378
"73","Rv1040c",0.0680290363333333,1.29576171215385,0.341655738680873,0.736777001597232,0.889442506432695,-6.42393073968835
"1522","Rv2330c",-0.0610033637777776,1.167385797,-0.340743689675928,0.737451431693189,0.890007139606956,-6.42425038601755
"4775",NA,0.0491207714166666,1.24909534715385,0.340574167103601,0.737576812338451,0.890007139606956,-6.42430970582458
"348","Rv1289",-0.0699873798611115,1.52904427330769,-0.340024933759764,0.737983083251374,0.890296944908252,-6.42450169511833
"4821",NA,0.0875666082499997,1.66795532523077,0.339073325998374,0.738687181526327,0.89091971316605,-6.42483361442462
"3266","Rv3878",-0.0611305747777773,1.33042871684615,-0.338877991649005,0.738831739743114,0.89091971316605,-6.42490163324705
"2594","Rv0322",0.0641358373611111,0.995626165307692,0.33850597851509,0.739107077852265,0.890935233515964,-6.42503106777185
"2057","Rv2800",0.0477727034722224,1.51464017084615,0.338263773075766,0.73928636098146,0.890935233515964,-6.42511526293639
"1761","Rv2534c",-0.0767561003055561,2.01338709707692,-0.338186897428795,0.739343268410263,0.890935233515964,-6.42514197392874
"898","Rv1774",-0.0695150162777779,0.959636973,-0.337299059687489,0.740000605623439,0.891486002632834,-6.42545002551843
"4230",NA,0.0725116383888889,0.848797543538461,0.337120316409106,0.740132968603752,0.891486002632834,-6.42551194717837
"4523",NA,-0.0688105427222221,1.95223362346154,-0.336629511322926,0.740496462730537,0.891504885832739,-6.4256818092369
"1631","Rv2425c",-0.0678437925277776,0.985912375307692,-0.336613938290823,0.740507997275434,0.891504885832739,-6.4256871948901
"1916","Rv2672",-0.0546550547777778,0.966612391153846,-0.336276487194835,0.74075795424721,0.891504885832739,-6.42580383591562
"3672","Rv0698",0.0492585773333332,1.654705434,0.336200899037805,0.740813948040862,0.891504885832739,-6.42582994737643
"1668","Rv2456c",-0.0701220877777777,1.72275168323077,-0.334691594831113,0.741932315253965,0.892316080672608,-6.42635011483807
"2427","Rv3127",-0.0620636549444447,1.15785925976923,-0.334565214979408,0.742025987442451,0.892316080672608,-6.42639356568859
"972","Rv0180c",-0.0784780274722223,1.52258609315385,-0.334553032921371,0.742035016950246,0.892316080672608,-6.42639775316505
"694","Rv1591",0.0843243259166666,1.73324536823077,0.334392601851298,0.742153934260912,0.892316080672608,-6.42645288591257
"2081","Rv2824c",0.0518624330277776,0.676592769076923,0.333925430293948,0.742500256917718,0.892532266669426,-6.42661328257429
"1660","Rv2448c",0.0622954381666668,1.03498163653846,0.33366039169807,0.742696760051332,0.892568303559448,-6.42670418140548
"1898","Rv2655c",0.0525402185277779,0.691248244692308,0.333313477972558,0.74295399410834,0.892677293974602,-6.42682305288017
"304","Rv1251c",-0.0825390684722225,1.35999514023077,-0.332984153914485,0.743198214497518,0.892770602802935,-6.42693578428024
"446","Rv1368",-0.0825163895555557,0.999039369769231,-0.332344364454286,0.743672750554315,0.893140475682529,-6.42715447720284
"3482","Rv0533c",-0.0714040593333329,1.40082734546154,-0.331938260467013,0.743974015632443,0.893302133465478,-6.42729307637632
"938","Rv1813c",0.0546923593611113,0.918273055846154,0.331285215606022,0.744458561428611,0.893612635273214,-6.42751560325831
"1888","Rv0260c",-0.0692345434722222,0.972262005230769,-0.331140368131183,0.744566050210853,0.893612635273214,-6.42756490184148
"3920","Rv0922",-0.0596103552777782,1.053119444,-0.330120461890976,0.745323058228906,0.893625343216695,-6.42791142272574
"3533","Rv0578c",-0.0552464795000001,1.29435338776923,-0.330109229586213,0.745331396709704,0.893625343216695,-6.42791523311292
"2948","Rv3595c",-0.0585561783055555,1.11786730607692,-0.329969958873897,0.745434789248022,0.893625343216695,-6.4279624679366
"5129",NA,-0.0762830914722221,1.73150895323077,-0.329843106983089,0.745528966584294,0.893625343216695,-6.4280054736927
"1696","Rv2481c",0.0909184485833343,2.36558927907692,0.329639743290602,0.745679956433789,0.893625343216695,-6.4280743846798
"1133","RV1984a",0.0599033946388888,1.02129347515385,0.329569455165635,0.745732145184141,0.893625343216695,-6.42809819247042
"1593","Rv2394",-0.0622165295277775,1.17046061776923,-0.329553911340027,0.745743686606022,0.893625343216695,-6.42810345675346
"2192","Rv2923c",0.0588612286944443,1.72144139015385,0.328872126827291,0.746249978516906,0.893854866031321,-6.42833411801932
"3347","Rv0414c",-0.0613020454166662,1.36433346515385,-0.328801632985342,0.746302333928867,0.893854866031321,-6.42835794059073
"3218","Rv3836",0.0518224823888889,1.14766968869231,0.328622314325718,0.74643551872317,0.893854866031321,-6.42841851651768
"2829","Rv3488",-0.087817548555555,3.30908408961538,-0.328251573730205,0.746710903915771,0.893984910651895,-6.42854365355742
"5222",NA,-0.0623475311944457,2.97554778230769,-0.327958903414021,0.746928323601521,0.894045514627992,-6.42864234084251
"2718","Rv3386",0.0563059539722222,1.43251265230769,0.327038817664915,0.747611982209443,0.894664037651845,-6.42895202410111
"2909","Rv3560c",-0.0531010044722227,1.38505183438462,-0.326461419585624,0.748041121446156,0.894741952376094,-6.42914592659038
"784","Rv1672c",0.0883072461666665,2.02763715030769,0.326200023914402,0.748235426391054,0.894741952376094,-6.42923359754388
"2281","Rv2999",-0.0543691784444444,1.45143892753846,-0.32604612435078,0.74834983370772,0.894741952376094,-6.42928518234913
"763","Rv1652",0.0649981631388887,2.07275812207692,0.325965102386881,0.748410067010238,0.894741952376094,-6.42931233002801
"1988","Rv0025",0.0597835054722224,1.29350466946154,0.325828346525476,0.748511737771344,0.894741952376094,-6.42935813711126
"4880",NA,-0.0450172157499993,2.07725786,-0.325401383635036,0.748829192793459,0.894921844676241,-6.4295010284131
"1944","Rv2697c",0.0798511084166666,0.983214820846154,0.324731115683465,0.749327643333035,0.895313388961398,-6.42972497322249
"2240","Rv2964",0.0850959726388885,1.41085325569231,0.324511629298807,0.74949089109511,0.895313388961398,-6.4297982072357
"4325",NA,-0.0488918661944444,1.78675258569231,-0.324073188585416,0.7498170275094,0.895352316607143,-6.42994435134519
"1116","Rv1971",0.0663215806111108,1.19840856292308,0.323653019742252,0.75012961804924,0.895352316607143,-6.4300842218586
"756","Rv1646",0.0700930529166663,1.45667882546154,0.323437424548443,0.750290030501964,0.895352316607143,-6.43015592203708
"3647","Rv0677c",0.066027829944445,1.54850983107692,0.323427102541273,0.750297710831556,0.895352316607143,-6.43015935362837
"3629","Rv0660c",-0.0957754165,2.34482138192308,-0.323261169535167,0.750421180847398,0.895352316607143,-6.43021450385532
"4200",NA,-0.0964320123333335,2.66094339807692,-0.323120660390426,0.750525738529085,0.895352316607143,-6.43026118224109
"1136","Rv1987",0.0482523530277781,1.50272479892308,0.322589437798438,0.750921084630317,0.8954801396793,-6.4304374779824
"2888","Rv3541c",0.0564250134166666,1.04722630207692,0.322527720951124,0.750967020122846,0.8954801396793,-6.43045794124988
"1846","Rv2609c",0.066609498,0.916003521846154,0.321972675116229,0.751380180740303,0.895605074249865,-6.43064180233973
"1592","Rv2393",-0.0751309015555557,2.05873144692308,-0.321938027983578,0.75140597367568,0.895605074249865,-6.43065326896575
"770","Rv1659",-0.0602796260833333,0.951207778923077,-0.320533172984751,0.752452067671546,0.896630162922983,-6.43111718547461
"2859","Rv3516",-0.0772369911666668,1.06690725638462,-0.320333783386777,0.752600578916138,0.896630162922983,-6.43118286626309
"559","Rv1471",-0.0560318595555553,1.01780021461538,-0.319956198553637,0.752881842563049,0.896765928030653,-6.43130713560704
"2656","Rv3327",0.0412362678611109,1.59866005969231,0.318811035509855,0.753735095170795,0.897582783851468,-6.43168314205623
"5203",NA,-0.0494469698333333,1.40838954692308,-0.318147767365767,0.754229441420853,0.897815283925866,-6.43190031251072
"4649",NA,-0.0533286574166667,1.086590389,-0.317735081308382,0.754537079535655,0.897815283925866,-6.43203521066852
"2364","Rv3071",0.0586306762222224,1.16385302915385,0.317733224028727,0.754538464146589,0.897815283925866,-6.4320358173821
"4716",NA,0.0849958764722218,1.16822375884615,0.317650218680522,0.754600345911572,0.897815283925866,-6.43206292898442
"2327","Rv3038c",-0.0778467633611115,1.57299815815385,-0.315914353673795,0.755894852809942,0.899155883502283,-6.43262830183453
"523","Rv1439c",-0.0441963091666667,0.832063270692308,-0.315387040022413,0.756288240733932,0.899211521775974,-6.43279944217914
"3923","Rv0925c",-0.0817260512500002,0.932320601307692,-0.315218252257381,0.756414174781422,0.899211521775974,-6.43285416278451
"1980","Rv2730",-0.0407157053888886,0.915499943461538,-0.315177051155386,0.756444916359676,0.899211521775974,-6.43286751569177
"1413","Rv2234",0.0613421432777779,1.32901438415385,0.313848154387898,0.757436677593403,0.899944663557073,-6.43329727418531
"299","Rv1246c",-0.107268365388889,1.337004496,-0.313771057584255,0.757494228641027,0.899944663557073,-6.43332215182716
"4509",NA,-0.0524514483888892,3.69140223630769,-0.313675772879587,0.757565358576402,0.899944663557073,-6.43335289000577
"793","Rv1680",0.0971699329722218,2.47149695830769,0.312677219930479,0.758310911819226,0.900630730633957,-6.43367446118882
"1447","Rv2264c",0.0572243655277779,0.817421905692308,0.311980041275654,0.758831594181022,0.900907550057089,-6.43389837787649
"5305",NA,0.0555076637499994,2.02518510684615,0.311915038445761,0.758880147109656,0.900907550057089,-6.43391923001335
"1514","Rv0228",0.0812683252777777,2.19758055023077,0.311400214761826,0.75926472383927,0.901164508365476,-6.43408422763669
"3141","Rv3767c",-0.0540532547500006,1.20813166369231,-0.311168035878496,0.759438184255791,0.901170836309728,-6.43415855130248
"2390","Rv3095",0.0727731257222224,1.93977811523077,0.310875454691638,0.759656789906418,0.901230628848334,-6.43425213254436
"2770","Rv3432c",-0.0563089355833335,1.196143079,-0.310535171590583,0.759911062957704,0.901230628848334,-6.43436086164672
"3850","Rv0860",-0.0404594665833337,0.667481972307692,-0.310338735915077,0.760057860376283,0.901230628848334,-6.43442357425013
"4343",NA,-0.0519362876388891,1.90526296130769,-0.310200550078649,0.760161133026738,0.901230628848334,-6.43446766693617
"3404","Rv0465c",-0.0542094387500002,0.976265268307692,-0.309697711897465,0.760536966512362,0.901476811257466,-6.43462794996776
"942","Rv1816",-0.0527382596666669,0.790344508153846,-0.308987130225129,0.761068177568617,0.90184928762123,-6.43485401431577
"1880","Rv2638",-0.0605245763055562,2.526251298,-0.308827245818645,0.761187719626575,0.90184928762123,-6.43490480916554
"1969","Rv2720",0.0636466513333334,2.64022046330769,0.30848340691889,0.761444821463654,0.901954528849765,-6.43501395781435
"51","Rv1018c",0.0527976388611109,1.49146116676923,0.307838767502601,0.761926920994507,0.902326181292655,-6.43521826898727
"4995",NA,0.0618629170277782,2.97556918807692,0.307388645461487,0.762263608643269,0.902525500845576,-6.43536067953093
"3309","Rv0038",0.0555876036666669,1.94017423061538,0.306959677085958,0.762584519163316,0.902706056253395,-6.43549620568972
"5229",NA,0.0857624564722224,1.52250856707692,0.306229646207283,0.763130756283984,0.902965294120481,-6.43572641781212
"4918",NA,-0.0381499964722221,1.33157615523077,-0.306216699763429,0.763140444471228,0.902965294120481,-6.43573049552653
"2620","Rv3296",0.0542043671388888,1.28815751107692,0.305835190410885,0.76342595677135,0.903103758175775,-6.43585058220185
"3156","Rv3780",0.0590226311111108,1.17206836353846,0.305425350926533,0.763732709727554,0.903245525801775,-6.43597942133885
"2908","Rv3559c",-0.0681339838055555,1.14093479515385,-0.304883068257258,0.764138654690272,0.903245525801775,-6.43614963337066
"3073","Rv3705A",-0.073257236083333,1.95966496969231,-0.304826457925627,0.764181036441256,0.903245525801775,-6.43616738501452
"4195",NA,-0.0898260282777783,2.24319467315385,-0.304774598790361,0.764219861849077,0.903245525801775,-6.43618364393601
"3241","Rv3856c",0.0716915863611109,1.23068226646154,0.303907978017845,0.764868770839938,0.903813186001338,-6.43645494278354
"632","Rv1533",0.0685281700277776,1.289733329,0.303178324970421,0.765415260593263,0.90391402461701,-6.43668277092702
"4619",NA,0.0472163493333333,1.66421470084615,0.3031000542329,0.765473890754566,0.90391402461701,-6.43670717815099
"1348","Rv2179c",-0.0510387523055554,0.866129812923077,-0.303021081597943,0.765533048169545,0.90391402461701,-6.43673179793109
"283","Rv1232c",-0.0545007699444444,1.58536133523077,-0.302723971467544,0.765755623008811,0.90391402461701,-6.43682436540141
"1654","Rv2444c",-0.0449347949999999,0.902663211769231,-0.302668326530368,0.765797310780941,0.90391402461701,-6.43684169212196
"3876","Rv0883c",-0.062832543388889,1.49744557238462,-0.300623508239398,0.767329748368664,0.905148650131836,-6.43747622245078
"3186","Rv0376c",0.0618435087222227,2.08577455230769,0.300521591808895,0.767406153081401,0.905148650131836,-6.43750773695524
"5219",NA,0.108301626916667,1.91850271615385,0.300454228480382,0.767456655376245,0.905148650131836,-6.4375285611789
"3267","Rv3879c",-0.0494068300555555,1.188539674,-0.300365337304669,0.7675232987477,0.905148650131836,-6.43755603330143
"2238","Rv2962c",0.0531752822499998,1.17029807769231,0.300146140820054,0.767687642443904,0.905148650131836,-6.43762374236207
"1571","Rv2375",-0.0555623255277781,0.983823200384615,-0.299696072750694,0.768025118983935,0.905347402189112,-6.43776261360236
"3749","Rv0075",-0.038082946694445,1.53137948530769,-0.29919366173528,0.768401900687724,0.90551741590706,-6.43791739205217
"3513","Rv0561c",0.0516392429166661,1.56356369584615,0.299053233905624,0.768507224806197,0.90551741590706,-6.43796060790498
"3671","Rv0697",0.0493453935555553,0.996957215538462,0.298173445815763,0.76916719213492,0.905851901451458,-6.43823090078974
"2605","Rv0323c",0.0477225119444447,1.17859245361538,0.298126651162862,0.769202299951646,0.905851901451458,-6.43824525520822
"3157","Rv3781",0.0496382709722221,1.40769513907692,0.297998954493591,0.769298107352059,0.905851901451458,-6.43828441525347
"1199","Rv2045c",-0.0472990543055556,1.31679567861538,-0.297593341996699,0.769602453034142,0.906011233969471,-6.43840869213522
"3800","Rv0816c",-0.0575250549722222,1.61884749169231,-0.295445266989931,0.771214875032744,0.907394622248929,-6.43906405520643
"2520","Rv3207c",-0.0528710554444446,0.949684033615385,-0.295083565923615,0.771486487040995,0.907394622248929,-6.43917394559183
"1147","Rv1996",-0.0485647111666669,1.03675074238462,-0.295067739563108,0.771498372219762,0.907394622248929,-6.4391787508432
"3399","Rv0460",0.055732458666667,1.66355247784615,0.294932865718275,0.771599661286623,0.907394622248929,-6.43921969133264
"3125","Rv3752c",-0.0830688866388889,1.52739381453846,-0.29425361984228,0.772109833406958,0.907394622248929,-6.43942559250988
"4196",NA,0.0440761051388892,1.57874038238462,0.294167462873965,0.772174552386665,0.907394622248929,-6.43945167586835
"5115",NA,0.051644173694444,1.56002158146154,0.293713971316406,0.772515232474666,0.907394622248929,-6.43958884232933
"864","Rv1739c",0.0543814758333332,1.32521884653846,0.293526033469149,0.772656432538148,0.907394622248929,-6.43964562603634
"3443","Rv0497",0.057982838833333,1.24875311884615,0.293225425301868,0.772882300281319,0.907394622248929,-6.43973637726713
"2110","Rv0279c",0.0552276036388899,2.73359818107692,0.292868830902183,0.77315026155057,0.907394622248929,-6.43984391095494
"5135",NA,0.0402982724444446,0.643540395,0.292528943025034,0.773405696215937,0.907394622248929,-6.43994628611097
"3334","Rv0402c",-0.0416492570833337,0.970649351692308,-0.292455420910312,0.773460953536041,0.907394622248929,-6.43996841569316
"4646",NA,0.0477035085833333,1.65373731369231,0.29186461275007,0.773905035080008,0.907394622248929,-6.44014604443985
"2675","Rv3345c",-0.0579731810833337,1.78326712553846,-0.291634353668824,0.774078131401499,0.907394622248929,-6.44021517642914
"3060","Rv3695",-0.075265999055556,1.59290239238462,-0.291574807727105,0.774122896812242,0.907394622248929,-6.44023304545547
"2221","Rv2947c",-0.0429247955277781,1.99422944261538,-0.29143583282606,0.774227378460976,0.907394622248929,-6.44027473611215
"3373","Rv0043c",0.0987107171111106,1.34665734676923,0.291175477064966,0.774423126513839,0.907394622248929,-6.44035278648743
"2337","Rv3047c",-0.0550582600000007,1.22363753907692,-0.291000136384625,0.774554964926548,0.907394622248929,-6.44040531182751
"4909",NA,0.033746798472222,2.94064503992308,0.290698528293776,0.774781760203864,0.907394622248929,-6.44049558876582
"1415","Rv2236c",0.0555116476111108,1.44890301415385,0.2905798445339,0.774871010623471,0.907394622248929,-6.44053108762459
"4896",NA,0.070558367638889,2.03724407392308,0.290203081917529,0.775154358325226,0.907394622248929,-6.44064368397126
"761","Rv1651c",0.0423679045833332,1.646140962,0.290130363485419,0.775209050632204,0.907394622248929,-6.44066539938654
"230","Rv1185c",-0.0533704625277778,0.955053225,-0.290037884625841,0.775278606722795,0.907394622248929,-6.4406930079427
"806","Rv1691",0.060985642694444,2.69582900830769,0.289967623009044,0.775331453880534,0.907394622248929,-6.44071397795818
"964","Rv1836c",0.0415986359444442,1.65285150715385,0.289698045232794,0.775534226876095,0.907394622248929,-6.44079438844838
"2356","Rv3064c",-0.0793662111666671,1.260963415,-0.289672949271016,0.77555310459028,0.907394622248929,-6.44080187038195
"994","Rv0182c",-0.040911572388889,0.848307696230769,-0.289583943464944,0.775620057808903,0.907394622248929,-6.44082840077337
"2302","Rv3018c",0.0597221191111112,1.07498307846154,0.289063311384624,0.776011731507299,0.907394622248929,-6.44098342640072
"37","Rv1005c",-0.0462064276944445,0.953262943923077,-0.289002078036978,0.776057801694817,0.907394622248929,-6.44100164135153
"1640","Rv2432c",-0.0565981746666671,1.67566088730769,-0.288673489042193,0.776305037150704,0.907394622248929,-6.44109932074622
"1520","Rv2328",-0.0796928641111108,2.05600189215385,-0.288641105051248,0.776329404705543,0.907394622248929,-6.44110894155429
"3459","Rv0511",0.0887546927500003,1.10892646076923,0.288218270034346,0.77664759180772,0.907394622248929,-6.44123446155836
"4945",NA,-0.0424721113888886,1.49221811507692,-0.287871865217039,0.776908294951262,0.907394622248929,-6.44133715723108
"90","Rv1058",0.0612614407222221,0.897877665153846,0.287767822092992,0.776986602819125,0.907394622248929,-6.44136797812658
"4721",NA,0.0558370634166667,1.57364413176923,0.287590218420776,0.777120281605758,0.907394622248929,-6.44142056451752
"33","Rv1002c",-0.0658694171944445,1.67171687453846,-0.287544247056364,0.777154884518516,0.907394622248929,-6.44143417086914
"4005",NA,0.0496125673333332,0.791743676,0.28736199142994,0.777292074127457,0.907394622248929,-6.44148809269211
"3480","Rv0531",0.0614487044722225,1.04486460753846,0.287342547531425,0.777306710615444,0.907394622248929,-6.4414938433307
"4935",NA,0.0581461456388892,2.50140324715385,0.287245359845203,0.777379870404306,0.907394622248929,-6.44152258134081
"2989","Rv3633",0.0473506155555556,1.23677798738462,0.286456786753355,0.777973562560668,0.907757705458218,-6.44175540331897
"1000","Rv1868",-0.0800567054444443,1.182465221,-0.286382304405834,0.77802964531251,0.907757705458218,-6.44177736107507
"2292","Rv3009c",-0.0755946918611112,1.49271653407692,-0.285278500692298,0.778860920683527,0.908529822603636,-6.44210210492849
"3098","Rv3727",-0.0611960491388894,1.08143847669231,-0.284616492979874,0.779359611546836,0.908913733222594,-6.44229627469696
"2838","Rv0344c",-0.0465082353611113,0.898884275153846,-0.283529998310558,0.780178283208678,0.909553416540775,-6.44261398004334
"2456","Rv3151",-0.0722473425277774,1.40876952876923,-0.283438151597982,0.780247501726583,0.909553416540775,-6.44264078206396
"2920","Rv3569c",0.0651445453888895,1.51300612538462,0.283022641737099,0.780560666498704,0.909710489936492,-6.44276192557871
"2000","Rv2747",-0.057272411194444,1.30559100792308,-0.282809015500278,0.780721689124601,0.909710489936492,-6.44282414062399
"47","Rv1014c",0.0507911453888885,1.12658893915385,0.281443389198309,0.781751283675983,0.910381636296169,-6.44322075679682
"3587","Rv0627",0.0515905753333332,1.19999949115385,0.28095606105552,0.78211879886634,0.910381636296169,-6.44336183016312
"3922","Rv0924c",-0.0526741816944452,1.79149783907692,-0.280948761763257,0.782124303981002,0.910381636296169,-6.44336394134555
"1354","Rv2184c",0.075348198944444,1.98674413223077,0.280750554643056,0.782273796023247,0.910381636296169,-6.44342124824236
"1339","Rv0212c",-0.0487044689722225,1.12530758123077,-0.280725489899733,0.78229270101229,0.910381636296169,-6.44342849226604
"4515",NA,0.0420811034444445,0.626544466615385,0.280693596275408,0.782316756861969,0.910381636296169,-6.44343770899528
"3148","Rv3773c",0.0566993264166666,1.24344727707692,0.280375053317573,0.782557031169475,0.910463574358234,-6.44352970571421
"2933","Rv3581c",0.0805398545,2.42232845430769,0.280105842102944,0.782760112584528,0.910502214291031,-6.44360737450708
"3657","Rv0685",0.0737800288055555,1.26660835023077,0.279762440042368,0.78301918381604,0.910589425953607,-6.44370634045693
"318","Rv1264",0.0544088117499997,1.24036041415385,0.279491817259332,0.783223366993246,0.910589425953607,-6.44378424721614
"142","Rv1107c",-0.0608018029166664,1.41324049938462,-0.279330951581948,0.783344746841806,0.910589425953607,-6.44383052175417
"4135",NA,-0.0425889797222221,1.36657521723077,-0.278854586233687,0.783704218020295,0.91080791451861,-6.44396739795908
"1131","Rv1983",0.0571214598611111,0.861617986307692,0.278631528063049,0.783872557775064,0.91080791451861,-6.4440314107047
"1466","Rv2282c",0.0608162645000001,1.25231672323077,0.278178006339754,0.784214860040162,0.911008159907947,-6.4441614048823
"3457","Rv0509",0.0417521791388886,0.863839634538462,0.277684164878371,0.784587645983492,0.911243723179094,-6.4443027174002
"4785",NA,-0.0870714925833331,1.62885889215385,-0.27711186983403,0.785019721543827,0.911548030215535,-6.44446616816756
"2034","Rv2779c",0.0479053786111108,1.26269182061538,0.276264224441367,0.78565981580607,0.91209369996113,-6.444707646636
"631","Rv1532c",0.0589953714166667,1.20791382969231,0.275736352314902,0.786058515085546,0.91235895211315,-6.44485765722627
"4611",NA,0.0598710174999995,2.91619100846154,0.275104958429496,0.786535484172535,0.912714915601816,-6.4450367131973
"624","Rv1526c",0.0443085257500002,0.848247052461538,0.274825792261324,0.786746400400572,0.91276205760759,-6.44511575179279
"2400","Rv3102c",0.0504945501111109,1.66108394546154,0.274597979702645,0.786918530476273,0.91276419029492,-6.44518019203142
"3919","Rv0921",0.0418845506111112,1.11081224907692,0.272984266285395,0.788138140662678,0.913117147354609,-6.44563513909042
"5127",NA,-0.0327758393888888,1.40502980776923,-0.27266123743611,0.788382347111049,0.913117147354609,-6.44572588994164
"4862",NA,-0.0397017396388888,1.347236798,-0.27260651355544,0.788423720041626,0.913117147354609,-6.44574125337159
"3375","Rv0439c",0.0511237128888885,0.859972116692308,0.27233948655008,0.788625609968819,0.913117147354609,-6.44581617589732
"1437","Rvnt03",0.165538452472222,2.93646028576923,0.272293098667834,0.788660683827856,0.913117147354609,-6.44582918400532
"626","Rv1528c",0.047912624583333,1.34597702930769,0.27225475427856,0.788689676357613,0.913117147354609,-6.44583993489583
"917","Rv0175",0.0562366868611111,1.06479764315385,0.272028426798128,0.788860811051875,0.913117147354609,-6.44590336137909
"192","Rv1153c",0.0467042115555557,0.847779729923077,0.271683325323285,0.789121776590593,0.913117147354609,-6.44599997269315
"4548",NA,0.0536853471666663,2.99523440330769,0.271573576774336,0.789204773787194,0.913117147354609,-6.44603067137266
"2822","Rv3482c",0.0711375152777782,1.45610223553846,0.271230636278768,0.789464138886948,0.913117147354609,-6.44612651887902
"494","Rv1413",0.0441780259444442,1.07840103669231,0.270910483453872,0.789706292675645,0.913117147354609,-6.44621588917204
"995","Rv0017c",-0.07127592925,1.36076711015385,-0.270900101236694,0.789714145837381,0.913117147354609,-6.44621878560453
"1001","Rv1869c",0.0509603573611115,1.39653983515385,0.270631604378189,0.789917246306753,0.913117147354609,-6.44629365267998
"5355",NA,-0.0386094281944449,2.14884816461538,-0.270604885547634,0.7899374582214,0.913117147354609,-6.44630109887413
"504","Rv1422",0.0568559232222223,1.342628917,0.270595975715311,0.789944198250127,0.913117147354609,-6.44630358176768
"74","Rv1041c",0.0410313917499996,1.40827441438462,0.27059022690374,0.789948547067784,0.913117147354609,-6.44630518373991
"4118",NA,-0.0508798471111112,1.34659018146154,-0.270178259908092,0.790260207311707,0.913159415833514,-6.44641989522914
"3822","Rv0834c",0.0485822644722222,1.25525815815385,0.270091502914468,0.790325845158894,0.913159415833514,-6.44644403047717
"3248","Rv3862c",-0.0677497054444443,1.49017258976923,-0.269485285243128,0.790784537235998,0.91349248266917,-6.44661246197206
"2505","Rv3197",-0.0574857324166673,1.138276737,-0.268525671622016,0.791510786311191,0.914134413839255,-6.44687831395125
"3275","Rv0384c",0.0437793051944442,1.08397633,0.267795716348185,0.79206335887172,0.914368591745646,-6.44707991161545
"4796",NA,0.0653182056111103,1.99475661969231,0.267733463956095,0.792110488900893,0.914368591745646,-6.44709707918495
"3507","Rv0555",-0.0423947055277779,1.007972382,-0.267568903595504,0.792235078214445,0.914368591745646,-6.44714244154037
"3998",NA,-0.0473095914444446,1.59078877892308,-0.267301568750494,0.792437490831858,0.914368591745646,-6.44721607553941
"3607","Rv0640",0.0553262383333333,1.77847785838462,0.267131182254165,0.792566506949678,0.914368591745646,-6.44726296826356
"3377","Rv0441c",-0.0458995360833336,1.68994919184615,-0.266712011093754,0.79288392837013,0.914537950519453,-6.4473782037946
"2544","Rv3227",-0.0648522647500001,1.36275705,-0.26599891782351,0.793424011082445,0.914847873474979,-6.44757383001526
"637","Rv1538c",-0.0467052621944442,1.18679379446154,-0.265691799123993,0.793656649990049,0.914847873474979,-6.44765792333401
"1232","Rv2073c",0.0559851669166669,2.00859888046154,0.265681216776481,0.793664666354226,0.914847873474979,-6.44766081920932
"2172","Rv2906c",0.0540247197777778,0.920069121076923,0.265336497075732,0.793925812201132,0.91495212930511,-6.44775508972832
"1387","Rv2214c",-0.0466181600277777,1.44543299346154,-0.264788126972665,0.79434128732038,0.915106951997013,-6.44790480243687
"4242",NA,0.0410186582499996,1.48308120038462,0.264708511859021,0.794401613366064,0.915106951997013,-6.44792651294352
"5220",NA,-0.067407650916667,3.389599971,-0.264189137209252,0.794795187333821,0.915363602086223,-6.44806798404017
"298","Rv0120c",0.0380642343888888,1.15750389876923,0.263882278167787,0.795027747068848,0.915434742059941,-6.44815143908124
"2713","Rv3382c",-0.0472162709722221,1.19687805515385,-0.263269717491967,0.795492048726219,0.915740866903821,-6.44831774673647
"3494","Rv0544c",0.0758084583333338,2.62060292784615,0.262990140669947,0.795703985381529,0.915740866903821,-6.44839352327594
"2481","Rv3174",0.0460993164444443,0.940495018384615,0.262855379142051,0.795806148887686,0.915740866903821,-6.44843002053815
"4740",NA,0.0384088770833335,1.28882515030769,0.262127158442448,0.796358283248702,0.916162572410951,-6.44862692244861
"1212","Rv2057c",-0.0486062192500003,1.17244214276923,-0.261787070007074,0.796616175183922,0.916162572410951,-6.44871869258331
"726","Rv1620c",0.0688791145277776,1.38624004607692,0.261695785498229,0.796685401120792,0.916162572410951,-6.44874330485976
"2256","Rv2976c",0.0693768386388891,1.06106696930769,0.26051050795252,0.797584418722404,0.916678668064698,-6.44906210832474
"4269",NA,-0.0403039798333333,1.51503839423077,-0.260365396756378,0.797694503814989,0.916678668064698,-6.44910104017643
"2056","Rv2799",-0.0464499443888886,1.55019552069231,-0.260176386585342,0.797837898376841,0.916678668064698,-6.44915171740946
"5241",NA,-0.0564538753333332,2.63823653084615,-0.260095587299808,0.797899199876759,0.916678668064698,-6.44917337010131
"3704","Rv0727c",0.0435051313888888,0.826234682615385,0.25997682861487,0.797989303207067,0.916678668064698,-6.44920518309116
"3338","Rv0406c",-0.0495827786666669,1.79150622492308,-0.259553064541139,0.798310840890399,0.916851533570289,-6.44931858323754
"936","Rv1811",-0.0640222658611114,1.59326432361538,-0.258506384789143,0.79910518536918,0.917567222274808,-6.44959789050541
"4050",NA,-0.0468032429444445,1.40523128638462,-0.258206876093021,0.799332529762719,0.917631689768296,-6.44967760859574
"1033","Rv1897c",-0.0475129010277776,0.972222257384615,-0.257348366755734,0.799984290582655,0.918183254287587,-6.44990560385217
"1523","Rv2331",0.048907799194444,1.06877449784615,0.256942535407758,0.800292441426756,0.918340288171144,-6.45001311870134
"3902","Rv0907",0.050068203694444,1.06037908430769,0.256208987587261,0.800849515835255,0.918782834947981,-6.45020702666732
"3216","Rv3834c",0.0482967104722218,1.52792365992308,0.255789984727814,0.801167766563954,0.918951258031842,-6.45031754016617
"1559","Rv2364c",-0.0435323340000002,1.55095787530769,-0.255226142471901,0.801596085816487,0.919245832258531,-6.45046597232047
"50","Rv1017c",0.0434435574444443,0.824998803,0.254812774254458,0.801910139708803,0.919409272478969,-6.45057458552444
"2944","Rv3591c",0.0440157216944446,0.946806691461539,0.254505657756795,0.802143492118642,0.919480136389204,-6.45065516779974
"224","Rv1179c",-0.03388538175,1.36953225030769,-0.254139588103158,0.802421663278975,0.919576184004077,-6.45075109243191
"1201","Rv2047c",0.061791284083333,1.28368785953846,0.253873451120078,0.802623914149696,0.919576184004077,-6.45082074476644
"848","Rv1727",0.0512822780555557,1.47846669507692,0.253517204095082,0.802894666724561,0.919576184004077,-6.45091386700174
"2068","Rv2809",-0.042844687083333,1.63209011230769,-0.253329164092521,0.803037590079774,0.919576184004077,-6.45096296794614
"4783",NA,0.0455169632777772,2.06480096430769,0.253098728987449,0.803212746423573,0.919576184004077,-6.45102308978617
"3477","Rv0529",-0.0534067479166669,1.24668486084615,-0.25304095965903,0.803256659236397,0.919576184004077,-6.45103815362317
"5221",NA,-0.0613580820277779,1.33027101007692,-0.252589181467432,0.803600097525613,0.919593173505103,-6.45115584088297
"4723",NA,0.0401749865000001,1.14490064869231,0.252450360596832,0.803705636383364,0.919593173505103,-6.45119196150724
"2777","Rv3438",-0.0651164574722218,1.31069273484615,-0.252344397908872,0.803786197364068,0.919593173505103,-6.45121951930483
"3858","Rv0083",0.0400896477777781,2.77174654153846,0.251265169624465,0.804606838912087,0.920269052769053,-6.45149954103084
"3316","Rv3922c",0.0564504525277778,1.08370531976923,0.251115921458251,0.80472034521055,0.920269052769053,-6.45153817192307
"2689","Rv3358",-0.0508040814166668,1.25852430038462,-0.250768333413794,0.804984710451401,0.920375010243069,-6.45162805213406
"2665","Rv3335c",0.0484696097499999,0.776482507923077,0.250428801670345,0.805242971772299,0.920473945126791,-6.4517157298263
"4807",NA,0.0407674452222218,1.12328967992308,0.249375050692122,0.806044643946794,0.920886128469481,-6.45198709041047
"2099","Rv0026",0.0356194273333337,1.78252940853846,0.248946197641712,0.806370970240134,0.920886128469481,-6.45209720292431
"2840","Rv3498c",-0.0558989686388891,1.19681846276923,-0.248935137034406,0.806379387052266,0.920886128469481,-6.45210004036262
"3401","Rv0462",0.0469415091666665,1.17534134138462,0.248666325836259,0.806583952352562,0.920886128469481,-6.45216896149718
"1862","Rv2623",-0.0395094548055555,1.06353793776923,-0.248644360387707,0.806600668694769,0.920886128469481,-6.45217459000347
"870","Rv1745c",0.0463717036388882,1.26460798238462,0.248600040141341,0.806634397978398,0.920886128469481,-6.45218594528175
"2006","Rv2753c",0.0599872302777771,1.75596887546154,0.248204859374935,0.806935161916753,0.921033319393909,-6.4522871056062
"5316",NA,-0.0438257901944443,0.800835589076923,-0.247825525173245,0.807223894632232,0.921166718166651,-6.45238405917678
"4923",NA,-0.0315795231388889,2.15337559646154,-0.247130849259838,0.807752725955734,0.921573991299006,-6.45256122893068
"5130",NA,0.039602839888889,1.27605724169231,0.246697776351907,0.808082456972976,0.921593455074666,-6.4526714297752
"1819","Rv2586c",-0.0527685255000001,0.955773473384615,-0.246656791221663,0.808113663964726,0.921593455074666,-6.45268184901784
"120","Rv1085c",-0.048982336888889,0.937640069384615,-0.246248579401574,0.808424503698007,0.921751827232784,-6.45278553085268
"4725",NA,-0.0463332449444449,2.17840925761538,-0.244900502074214,0.809451253651789,0.922551567470712,-6.45312671816736
"185","Rv1147",-0.0422203535833328,1.57617277269231,-0.24436156093925,0.809861833081905,0.922551567470712,-6.45326259944023
"3194","Rv3815c",0.0606877497499998,1.09832821223077,0.244273197452547,0.809929156139572,0.922551567470712,-6.45328484984464
"1850","Rv2613c",-0.0481952593055559,1.038051944,-0.244272082043554,0.809930005965813,0.922551567470712,-6.4532851306596
"1569","Rv0233",-0.0451013095277778,0.922554459230769,-0.244172916291108,0.810005560984493,0.922551567470712,-6.45331009150485
"1682","Rv2467",-0.0720079270000002,1.25970057023077,-0.243972028426163,0.810158624642657,0.922551567470712,-6.45336062581099
"4866",NA,-0.0378745535555551,2.49697135623077,-0.243169430293871,0.810770231807686,0.923051920664655,-6.45356211111839
"2642","Rv3314c",0.0411592439999999,1.01725973723077,0.242489733397337,0.811288282534191,0.9233775676465,-6.45373222758916
"2623","Rv3299c",0.0534055967499998,1.00189636269231,0.242311156767924,0.811424404849854,0.9233775676465,-6.45377684382422
"4765",NA,-0.0417020896111112,0.900557213076923,-0.242108206416785,0.811579113889659,0.9233775676465,-6.45382751005383
"1590","Rv2392",0.0526249256111111,2.00526635730769,0.241890140784926,0.811745354244461,0.9233775676465,-6.45388190280552
"1843","Rv2607",0.0605907003888888,1.25180457446154,0.241561673674525,0.811995775623162,0.92346644543606,-6.4539637414519
"3360","Rv0426c",-0.0516530820555559,1.69001758546154,-0.241099423927608,0.812348227592649,0.923671298238566,-6.45407872541697
"2080","Rv2823c",0.0466751129166666,0.708103898461538,0.240704262548824,0.812649559493882,0.92369267557408,-6.45417684784178
"1043","Rv1906c",0.0437606486111111,1.89745620115385,0.240454164984248,0.812840288027404,0.92369267557408,-6.45423886691152
"4789",NA,-0.0369086777777778,2.83602792846154,-0.240225720423328,0.813014514197594,0.92369267557408,-6.45429546052732
"4432",NA,-0.0300922236388894,1.54593295284615,-0.240072967681724,0.813131018660425,0.92369267557408,-6.45433327285902
"23","Rv0096",0.0520759534166662,1.21740152138462,0.239944922569381,0.813228682095911,0.92369267557408,-6.45436495067427
"5231",NA,0.0578926851388881,2.62147317,0.239533373112269,0.813542603316348,0.923845457715538,-6.45446665258969
"4006",NA,0.0272698442222219,1.06816783092308,0.239316671898394,0.813707911543854,0.923845457715538,-6.45452013400913
"4711",NA,-0.0364502504999999,1.14376665469231,-0.238894296709029,0.814030141975041,0.92401557835371,-6.45462423717666
"924","Rv1799",-0.0592993911944448,1.63013284407692,-0.237705376039685,0.81493735467869,0.924577310919014,-6.45491629079432
"740","Rv0159c",-0.0326190578055553,0.941451970615385,-0.237582246952316,0.815031324513445,0.924577310919014,-6.45494645426015
"1124","Rv1978",0.048459439861111,0.993118942230769,0.23756760536022,0.815042498897825,0.924577310919014,-6.45495004004168
"4437",NA,0.0579282640277778,1.57042403453846,0.23707728533764,0.81541673216988,0.924708545680296,-6.45506999452088
"2420","Rv3120",-0.0384898197222224,1.00580342423077,-0.2368824346345,0.815565463333758,0.924708545680296,-6.45511759547478
"2026","Rv2772c",0.0429844931388885,1.108961071,0.236568822961408,0.815804860942996,0.924708545680296,-6.45519412743897
"4149",NA,-0.0575188148055557,1.64110079630769,-0.236508734658295,0.815850731898949,0.924708545680296,-6.45520877954135
"3979","Rv0975c",0.0500848276111112,1.39715038292308,0.236264593680084,0.81603711434731,0.924708545680296,-6.45526827354164
"101","Rv1068c",-0.0433039479444446,2.06864483223077,-0.235611786409158,0.816535537077835,0.924708545680296,-6.4554270544324
"20","Rv0992c",-0.0653190225833333,1.27026195246154,-0.2349103522917,0.817071176882559,0.924708545680296,-6.45559717633494
"1434","Rv2252",-0.0475279115000002,1.14975472876923,-0.234903312708199,0.817076553029005,0.924708545680296,-6.45559888112229
"1531","Rv2337c",0.0725790317777775,1.639729231,0.234784853117648,0.817167022303234,0.924708545680296,-6.45562756106058
"2317","Rv3031",0.0498841824722223,1.317968814,0.234603828097248,0.817305278814324,0.924708545680296,-6.45567136078803
"2063","Rv2805",-0.040914996777778,2.354745894,-0.234524851658206,0.817365598422796,0.924708545680296,-6.45569045893819
"2765","Rv3427c",0.0402590362222217,1.12199223346154,0.234461764045977,0.817413783514536,0.924708545680296,-6.45570571024909
"2383","Rv3089",-0.0600343966666661,1.38299744038462,-0.234458362796872,0.817416381343846,0.924708545680296,-6.45570653237882
"4308",NA,-0.041589812027778,2.59659451546154,-0.233972150413394,0.817787766440518,0.924708545680296,-6.45582393484105
"213","Rv1170",-0.0519491948055555,1.41718206007692,-0.233874828720558,0.817862109325455,0.924708545680296,-6.45584740537874
"3924","Rv0926c",0.0490076056944443,0.853296119153846,0.233630379833673,0.818048848799092,0.924708545680296,-6.45590631498829
"3376","Rv0440",-0.0319397357222223,0.925883215769231,-0.233575164431825,0.818091030525366,0.924708545680296,-6.45591961284556
"3114","Rv3741c",0.0625680123055554,1.10682990146154,0.23312491925794,0.818435016087683,0.924841593472021,-6.45602793154715
"123","Rv1087",0.052704789833333,1.07407214392308,0.232969416753077,0.818553828252102,0.924841593472021,-6.45606529365573
"3045","Rv3683",0.0365620689444447,0.955707699076923,0.232724349647043,0.818741081742073,0.924858208248158,-6.45612412489943
"3814","Rv0830",-0.0547065778611109,1.15603790607692,-0.230703354691212,0.820285733788757,0.925951857787545,-6.45660694286905
"2825","Rv3485c",-0.0464300743333335,0.806104532384615,-0.23064545206177,0.820330000160437,0.925951857787545,-6.45662071421467
"1286","Rv2123",-0.0426428716388887,1.52436646869231,-0.230531984491412,0.820416747557474,0.925951857787545,-6.45664769095809
"5089",NA,0.0345085951111115,1.57257960184615,0.230512995427764,0.820431265171465,0.925951857787545,-6.45665220429086
"5111",NA,-0.0346974683333332,1.74236366376923,-0.230327599782884,0.82057300830053,0.925951857787545,-6.45669624983549
"3656","Rv0684",0.0477239702777779,1.13371473923077,0.229642741863058,0.821096667658482,0.926347745453475,-6.45685865028658
"2173","Rv2907c",0.0612519640833329,1.78279973915385,0.2289126714579,0.821654993312637,0.92678256821459,-6.45703124278331
"2341","Rv3051c",0.0418361043333331,1.07497795784615,0.228509351337196,0.821963477004563,0.926791373003502,-6.45712635559779
"5066",NA,-0.042978953555556,1.81792835484615,-0.228450337314916,0.822008617025867,0.926791373003502,-6.45714025857855
"3886","Rv0892",-0.0458671642500001,0.946284221615385,-0.227982793865457,0.822366265247622,0.926999617608255,-6.45725027995393
"528","Rv1444c",-0.0340573161944443,0.931152814769231,-0.227679197005747,0.822598523773964,0.927026131549312,-6.45732160179912
"3104","Rv3732",0.0307944317777773,1.214410484,0.227499908214189,0.822735691750014,0.927026131549312,-6.45736367647715
"1669","Rv0241c",0.0392694716388893,1.08599576253846,0.226689128102148,0.823356066692817,0.927530163403425,-6.45755353535488
"4015",NA,-0.0697798217222223,2.65699512415385,-0.226283845690669,0.823666216938375,0.927604195732938,-6.45764818704594
"1088","Rv1947",0.050315737416667,1.35784190430769,0.226021948524265,0.823866654808009,0.927604195732938,-6.45770926228798
"5322",NA,0.0266069265833334,0.963948821692308,0.225924856265499,0.823940965650096,0.927604195732938,-6.45773188664656
"3687","Rv0711",0.0470489227777779,1.25237092615385,0.225433578486641,0.824316997944962,0.927832656233724,-6.45784621566581
"3317","Rv3923c",-0.0422393016944445,1.66068165676923,-0.224898694654527,0.824726457026164,0.928098637342061,-6.45797041130153
"2471","Rv3165c",-0.086912988944444,2.17800734269231,-0.224464455785032,0.825058909593011,0.928277866376687,-6.4580710223318
"2702","Rv3370c",0.0321289033333331,0.877887135923077,0.224219487347264,0.825246472121254,0.928294037895052,-6.45812769505228
"2139","Rv2874",0.0477133239444447,1.41684501069231,0.223894951247738,0.82549497316659,0.928378736083282,-6.45820268078864
"2565","Rv3246c",-0.0356628622777775,2.02410330161538,-0.223667302321821,0.825669297957112,0.928379262243477,-6.45825521581749
"640","Rv1541c",0.0328098904166665,1.04969264176923,0.223441978902535,0.82584185118972,0.928379262243477,-6.45830716187153
"1699","Rv2484c",0.0664759563888893,1.14997717346154,0.222790730581436,0.826340630287355,0.928745183128585,-6.45845700803815
"646","Rv1546",-0.0420355126944445,1.47344198146154,-0.222430212319333,0.826616777448142,0.928860781367304,-6.45853977296244
"2360","Rv3068c",0.0334193026944447,1.07254622407692,0.22195601371482,0.826980036238039,0.928934180464684,-6.45864843282282
"3434","Rv0490",0.0383750777499999,0.715594301769231,0.221892473170952,0.827028714398782,0.928934180464684,-6.45866297525514
"1237","Rv2077A",0.0741748056388889,1.68161370976923,0.219957271460015,0.82851161090681,0.930404825992144,-6.45910389919604
"2966","Rv3613c",-0.0434650954166669,1.08381997784615,-0.219718282196544,0.828694788726533,0.93041074711612,-6.45915808505879
"4902",NA,-0.0341483064166668,1.93407692353846,-0.219497459103121,0.828864051768559,0.93041074711612,-6.45920810006062
"2928","Rv3576",0.0407611287499997,0.931906372230769,0.219033832432096,0.829219454275864,0.930613859258493,-6.4593129458024
"4604",NA,0.0403083896666665,2.54204928423077,0.218808449596595,0.829392239865265,0.930613859258493,-6.45936383484145
"4661",NA,-0.0404573472500001,1.08231665953846,-0.21815997688487,0.82988942963723,0.930976840279522,-6.4595099625016
"1575","Rv2379c",-0.0291254501388891,0.944491738076923,-0.217356248849632,0.830505758066721,0.931306045216793,-6.45969047710357
"3546","Rv0589",0.0403031076666668,0.843999806461538,0.217324129067462,0.8305303910702,0.931306045216793,-6.45969767733123
"3064","Rv3698",-0.0332784983333333,0.921405856615385,-0.216312201892705,0.831306541619903,0.931790711495316,-6.45992397724708
"4621",NA,-0.0361101204166667,2.69636570561538,-0.216307308606603,0.831310295218396,0.931790711495316,-6.45992506899381
"747","Rv1638A",0.0418662395555555,0.599626463692308,0.21578672465005,0.831709654720335,0.931858338547143,-6.46004107679199
"3037","Rv3676",-0.044379385361111,1.16723456038462,-0.215707155743426,0.831770699192021,0.931858338547143,-6.46005878356942
"115","Rv1080c",0.0343576084722221,1.41178170538462,0.21554879905563,0.831892192154493,0.931858338547143,-6.46009400397417
"2890","Rv3543c",0.0384935712222221,1.09195282946154,0.214869484776815,0.832413419045595,0.932247372771498,-6.46024479967517
"4302",NA,-0.0456827099444448,1.85968899,-0.214079352193337,0.833019776065399,0.932678917007001,-6.46041959956684
"3993",NA,-0.0339408742777794,2.44666653415385,-0.213845575802188,0.833199199588815,0.932678917007001,-6.46047119480508
"2190","Rv2922c",0.035662595611111,0.770023775769231,0.213687183468672,0.833320771184054,0.932678917007001,-6.46050612066567
"2176","Rv0285",-0.0440975301388893,1.96059130292308,-0.212972525835767,0.833869349613259,0.933098061362644,-6.4606633842116
"3063","Rv3697A",-0.0511201198888886,1.28108904776923,-0.212443521649921,0.83427547537275,0.933206419338802,-6.46077945641908
"3054","Rv3690",0.0476811241944441,1.03490057530769,0.212392828662844,0.834314395796929,0.933206419338802,-6.4607905642182
"625","Rv1527c",-0.0355247597777781,1.26881927953846,-0.21176607442997,0.834795633798576,0.933549884656868,-6.46092768019295
"3918","Rv0920c",-0.0311980602222223,0.888376789923077,-0.211468735981274,0.835023961495909,0.933610436716327,-6.46099258841665
"5321",NA,0.0290406825833329,1.15633989769231,0.210565182782703,0.835717897497139,0.933880317154887,-6.46118927508977
"1547","Rv0021c",0.0339235579166666,0.780893319846154,0.210453076547016,0.835804005705492,0.933880317154887,-6.46121362010831
"1227","Rv2069",-0.0402454172777773,2.22379921153846,-0.210293837477257,0.835926320082078,0.933880317154887,-6.46124817833592
"3594","Rv0634c",0.0518916054444449,1.29632624861538,0.210247037276322,0.835962268975587,0.933880317154887,-6.46125833001652
"3314","Rv3920c",0.0424938542777773,1.22084673869231,0.209972890405089,0.836172858405329,0.933920925412078,-6.46131775152881
"1175","Rv2023A",0.0596981101111109,0.816186747846154,0.209299663472664,0.836690060570787,0.934018903727585,-6.46146334665387
"373","Rv1311",-0.0515676939166665,1.33454871907692,-0.209277311108388,0.836707233948892,0.934018903727585,-6.46146817270037
"1614","Rv2409c",0.0593628547500002,1.41085009623077,0.208955912575944,0.836954174629401,0.934018903727585,-6.46153750841312
"4503",NA,0.0361919913611111,1.43169426676923,0.208537881867288,0.837275387069704,0.934018903727585,-6.46162753209759
"2149","Rv2885c",-0.0409376050833334,1.60660449284615,-0.208511815310485,0.837295417444929,0.934018903727585,-6.46163313963857
"5287",NA,0.0536179919999998,0.947960374307692,0.208497880494709,0.837306125449822,0.934018903727585,-6.46163613706531
"4216",NA,0.0375067109444445,1.048550277,0.208011795908462,0.837679670567243,0.93424116401174,-6.46174057080751
"953","Rv1826",0.0445439707777773,1.24608748061538,0.207336834401142,0.83819842948697,0.934625251102592,-6.46188518201289
"5249",NA,-0.0632838952499997,2.14562456476923,-0.206927150372719,0.838513340021247,0.934677768846683,-6.46197272920202
"3308","Rv0387c",0.0371133231388885,1.10663418984615,0.206627277622127,0.838743860137364,0.934677768846683,-6.46203670113649
"3990",NA,0.0407619351666668,1.19752911576923,0.206595005551,0.838768669431445,0.934677768846683,-6.46204358024497
"2320","Rv0028",-0.0318971293888892,1.70490218546154,-0.205818333890984,0.83936579174644,0.934993813872688,-6.46220881297447
"1426","Rv2244",-0.0309660496388888,0.699129847384615,-0.205421379470284,0.839671018013596,0.934993813872688,-6.46229302379084
"867","Rv1742",-0.0426257002777775,1.49980950230769,-0.205355673097991,0.839721543506181,0.934993813872688,-6.46230694728763
"3806","Rv0821c",-0.038343602333333,1.44317587315385,-0.205197868682371,0.839842891538988,0.934993813872688,-6.46234036870004
"2231","Rv2956",0.0289779205833334,0.853855625076923,0.204901949357222,0.840070458002379,0.934993813872688,-6.46240297256761
"3134","Rv0371c",-0.0338475623333334,2.04321192823077,-0.204775161304172,0.840167964404265,0.934993813872688,-6.46242976798586
"3122","Rv3749c",-0.0303840107222223,0.790128769153846,-0.204638120785854,0.840273358474765,0.934993813872688,-6.46245871160466
"574","Rv1484",-0.0497300727777774,1.27125278007692,-0.204046547909272,0.840728356595372,0.935305934277956,-6.46258343340542
"3444","Rv0498",0.0543266194166665,1.38677546176923,0.20377318123929,0.840938631478941,0.935345728310256,-6.4626409461575
"1395","Rv2220",0.0433272245555558,0.781553488846154,0.203311149747823,0.841294056311687,0.935546917392249,-6.46273797709006
"5325",NA,0.030443492111111,1.80605657976923,0.202860535227521,0.841640732426446,0.935738296163815,-6.46283239923944
"522","Rv1438",0.0502257416388887,1.04507490053846,0.200663839911076,0.843331217578977,0.937423336006495,-6.46328971116499
"362","Rv1301",0.0467309085277776,1.40621363669231,0.199771052059957,0.844018495317967,0.937829680308605,-6.46347415716906
"1573","Rv2377c",0.0495539205555557,1.23426076438462,0.199522993485819,0.844209476496286,0.937829680308605,-6.46352525965954
"1459","Rv0223c",0.0426656312777776,1.18367646123077,0.199402510572402,0.84430224032229,0.937829680308605,-6.46355005751709
"3369","Rv0434",0.0392666430833335,1.45373372530769,0.19918898146849,0.844466649304502,0.937829680308605,-6.46359396956861
"3762","Rv0778",0.0381698959722223,1.92186530084615,0.199052657880652,0.844571616949559,0.937829680308605,-6.46362197989107
"2033","Rv2778c",0.0318502858888888,0.934601846923077,0.198383517221138,0.845086891392122,0.938207485058362,-6.46375919104068
"1719","Rv2500c",0.0313810179166669,1.00469271884615,0.197672685124102,0.845634349623537,0.938620856074168,-6.46390444752872
"2990","Rv3634c",-0.0355736877222224,1.49751768384615,-0.197310631999866,0.845913221632479,0.938735997505194,-6.46397823255752
"2564","Rv3245c",0.0320362100555551,1.20506333515385,0.196967724719139,0.846177365926128,0.938834750851594,-6.46404799159063
"3542","Rv0585c",-0.0533609033888895,1.14101967261538,-0.196427710035225,0.846593381861402,0.939101930210495,-6.46415760412105
"5335",NA,-0.0285590935277775,1.69178706161538,-0.195569022740429,0.847254992394623,0.939641373729605,-6.46433128416743
"5005",NA,-0.0243373718888888,1.23581676323077,-0.195283387811336,0.847475097473412,0.939691047260548,-6.46438888945737
"2561","Rv0319",0.0405035665,1.17004738815385,0.194614665031115,0.847990453765889,0.939959326909315,-6.46452342600325
"4684",NA,-0.0757285343333332,1.86015575315385,-0.194296861927072,0.848235395991563,0.939959326909315,-6.46458720196637
"3381","Rv0445c",-0.0301036535833337,1.23684183430769,-0.194286806516473,0.848243146317231,0.939959326909315,-6.46458921816856
"717","Rv1612",0.0313700894999993,1.26710865376923,0.193678009975888,0.84871241315769,0.940272950377269,-6.46471109393606
"620","Rv1522c",0.030691983111111,1.084328384,0.193395456425031,0.848930228304513,0.940272950377269,-6.46476752932211
"905","Rv1781c",-0.0293592768333331,2.46979640630769,-0.193236928112092,0.849052440266042,0.940272950377269,-6.46479915680352
"2032","Rv0273c",-0.0429084801111113,1.02767909715385,-0.19194367083769,0.850049580009191,0.941174871224399,-6.46505620593225
"2715","Rv3384c",0.0483369921666663,1.269948985,0.191643602773999,0.850280978828045,0.941174871224399,-6.465115602141
"168","Rv1130",0.0271903308055553,0.837917613923077,0.191442619285129,0.850435975998898,0.941174871224399,-6.46515533356814
"5238",NA,0.0277107605833333,1.37585017546154,0.191099519793804,0.850700586667196,0.941174871224399,-6.46522306329278
"2552","Rv3234c",-0.0355739822222221,0.811517778461538,-0.191042164446021,0.8507448229631,0.941174871224399,-6.46523437375288
"3580","Rv0621",0.0317800191111113,0.979196831692308,0.190346637161569,0.851281301019643,0.941436781320237,-6.46537126250867
"2070","Rv2812",-0.0417972618333338,1.08227774261538,-0.190279809883008,0.851332850570745,0.941436781320237,-6.46538438880415
"1966","Rv2717c",0.0256503276666666,1.33243291615385,0.189673083714282,0.851800901604793,0.941760072731372,-6.46550335271816
"4518",NA,0.0320846878888889,0.855935581230769,0.189053398319636,0.852279008600316,0.941882627406732,-6.46562446710422
"1135","Rv1986",0.0343832021944441,1.15585576861538,0.188988836123782,0.852328823794983,0.941882627406732,-6.46563706275974
"2315","Rv3029c",0.0391116629999995,1.39020321315385,0.188846147158716,0.852438922677249,0.941882627406732,-6.4656648852328
"3722","Rv0744c",-0.0438824513611109,1.41875714461538,-0.188347792081512,0.852823478295347,0.942032378172461,-6.46576189375937
"5120",NA,-0.0269914953888895,1.85032487961538,-0.188128125911548,0.852992995775288,0.942032378172461,-6.46580457236347
"1153","Rv2001",-0.0395746182499999,1.31984277061538,-0.18779852828428,0.853247361789229,0.942032378172461,-6.46586851634944
"866","Rv1741",-0.0298660611388888,0.949308892384615,-0.187759527094648,0.853277461945392,0.942032378172461,-6.46587607543468
"3201","Rv3820c",0.0428886565833333,1.08466179361538,0.187409432432889,0.853547666790491,0.942136633854413,-6.46594385965244
"1986","Rv2736c",0.0459746831388879,2.81885249453846,0.18696738671738,0.853888866676349,0.942319194026195,-6.46602926718764
"2768","Rv3430c",0.0343132505277781,3.38295843053846,0.186087130392971,0.854568394921803,0.942824237848029,-6.466198743076
"2566","Rv3247c",0.0457865185277777,1.27294644923077,0.185873552270404,0.854733287789833,0.942824237848029,-6.46623974323634
"1688","Rv2472",0.0433319347777781,2.06953931876923,0.185664953030393,0.854894343389914,0.942824237848029,-6.46627974234766
"693","Rv1590",-0.0385840882222219,1.94069695692308,-0.185455230258623,0.855056273090938,0.942824237848029,-6.46631991180547
"5257",NA,0.0270905404722219,1.25824086630769,0.184953164706503,0.855443951500829,0.942824237848029,-6.46641589174586
"3622","Rv0654",-0.0365696226944443,1.52797793715385,-0.184939845804537,0.855454236434595,0.942824237848029,-6.46641843439394
"672","Rv1570",-0.0353197608611111,1.32282493861538,-0.184755761420048,0.855596390210179,0.942824237848029,-6.46645355838798
"4311",NA,0.0332896819999995,3.89114301092308,0.184552037646767,0.855753715882586,0.942824237848029,-6.46649238904197
"923","Rv1798",0.027705272388889,0.672725794692308,0.183695289001063,0.856415408297567,0.943292592894879,-6.46665522211328
"2991","Rv3635",-0.0409400666111106,1.78750082646154,-0.183276764061813,0.8567386875663,0.943292592894879,-6.46673449232287
"2630","Rv3305c",0.0281725588888886,1.30572528223077,0.183163385123163,0.856826268843954,0.943292592894879,-6.46675593572272
"4124",NA,0.0297090358611107,1.33094125930769,0.183090241538323,0.85688277073315,0.943292592894879,-6.46676976238221
"3953","Rv0952",-0.0398583023055556,1.27015776946154,-0.182862430505061,0.857058755111579,0.943292592894879,-6.46681279127768
"170","Rv1132",0.0468449923333332,1.22024264453846,0.181782345086,0.857893228037483,0.944017183798175,-6.46701607135347
"946","Rv1820",0.0328767454444443,1.09129769776923,0.181517286385546,0.858098038619701,0.944048745279474,-6.46706577406679
"3815","Rv0079",-0.0312319060555555,2.04846109769231,-0.181168367852874,0.858367663477638,0.944151585520242,-6.46713109169156
"700","Rv1596",0.0341416533888887,1.73279350876923,0.180759284659288,0.858683803173542,0.944291289624437,-6.46720751273023
"3019","Rv3661",0.049913123361111,1.4341631,0.180477085118743,0.858901901518478,0.944291289624437,-6.46726013027128
"4980",NA,-0.0361869733888888,0.578822303461539,-0.180320148165342,0.859023195561335,0.944291289624437,-6.46728935653179
"2024","Rv2770c",-0.0295378569999999,0.853878769384615,-0.180033972978479,0.85924438508656,0.944340763597285,-6.46734258554028
"4088",NA,-0.0254967921388889,1.10744898192308,-0.179742970989112,0.859469317673919,0.944394330203404,-6.46739662598221
"979","Rv1850",0.0277158675555553,0.919205097307692,0.178365138793011,0.860534493818343,0.945370954471473,-6.46765131361297
"48","Rv1015c",-0.0467482708611111,1.09190704423077,-0.177523043921993,0.861185637843814,0.945769747982371,-6.46780601074129
"2780","Rv3441c",-0.0490309890555554,1.25237606361538,-0.177222112504468,0.861418355948456,0.945769747982371,-6.46786111649451
"3204","Rv3823c",0.0397767494722221,1.56567533038462,0.17704004952938,0.861559156358354,0.945769747982371,-6.46789441015637
"4810",NA,-0.032970642833333,2.36837526284615,-0.176981723207723,0.861604264676959,0.945769747982371,-6.46790506901805
"2387","Rv3092c",-0.0393859670000007,1.74398681307692,-0.176754824428701,0.861779747974981,0.945769747982371,-6.46794650042363
"3238","Rv3853",0.0417014010277779,1.28488732746154,0.176413107483366,0.862044045562859,0.945866138017794,-6.46800879754242
"34","Rv0097",-0.0336553591388891,1.17950137223077,-0.176024305753245,0.862344780884303,0.946002461223877,-6.46807953243893
"2101","Rv2840c",-0.030054016027778,1.72149131076923,-0.17515357976355,0.863018359950176,0.946475762704579,-6.46823738002451
"5242",NA,0.0264014329722222,1.07684572938462,0.175010066855078,0.863129389570893,0.946475762704579,-6.46826332157442
"2618","Rv3294c",0.0299411479444444,0.937348485538462,0.174781011989732,0.863306605342305,0.946476458301239,-6.46830468188961
"1792","Rv2560",0.0355724858611113,1.18057679984615,0.173381994945676,0.864389162911907,0.947469511903441,-6.46855613011927
"2671","Rv3342",0.0425029284166667,1.72471712453846,0.173007351364585,0.864679108824895,0.947561970820433,-6.46862312379112
"5276",NA,-0.0260681780555557,0.801320982307692,-0.172682373687611,0.864930633155174,0.947561970820433,-6.46868111926524
"688","Rv1585c",-0.0347867109722226,1.13747707415385,-0.172587757723097,0.865003866273205,0.947561970820433,-6.46869798399613
"1489","Rv2303c",-0.043255559361111,1.57331766476923,-0.171659828916181,0.865722153580241,0.948042916875147,-6.46886289366388
"3569","Rv0610c",0.036154087777778,1.14529243207692,0.171325478676185,0.865980995702165,0.948042916875147,-6.4689220966137
"4326",NA,0.0213868033888891,0.642110944,0.171174045711265,0.866098234901024,0.948042916875147,-6.46894887280181
"4625",NA,-0.0335382834166669,1.19047347115385,-0.171002356049898,0.866231160691583,0.948042916875147,-6.46897920221357
"4223",NA,0.0271631363055558,1.49614362846154,0.17087821307041,0.866327277398222,0.948042916875147,-6.46900111349032
"4405",NA,-0.0286447344166667,1.21049740776923,-0.169542773618091,0.86736136663375,0.948849154891743,-6.46923581618856
"3065","Rv3699",-0.0280586048333331,1.09393212953846,-0.16946955433468,0.867418070703273,0.948849154891743,-6.46924863136952
"427","Rv1354c",0.0532212852777778,1.08287999669231,0.167805358673586,0.868707093198193,0.949622576654244,-6.46953841897802
"4640",NA,-0.0403369408611112,1.21126455930769,-0.16774025343041,0.868757528994001,0.949622576654244,-6.46954969787126
"473","Rv1394c",-0.03291657525,1.268307054,-0.167711471455723,0.868779826028899,0.949622576654244,-6.46955468269701
"2915","Rv3566c",0.032611194888889,0.906904245076923,0.167641812676871,0.868833790282166,0.949622576654244,-6.4695667435553
"1632","Rv2426c",0.0255646179166664,1.12627370338462,0.167139732526765,0.869222768554731,0.949776402064187,-6.46965352699126
"1463","Rv2277c",-0.0315916060833333,0.794961018846154,-0.167002719356702,0.869328923232631,0.949776402064187,-6.46967716435432
"1930","Rv2685",0.0412468933055556,1.02091960176923,0.166162018344797,0.869980335316795,0.95029439521052,-6.46982177820354
"5213",NA,-0.0344309897777784,4.04480933492308,-0.165500855766885,0.870492700717557,0.950335837910843,-6.46993499761524
"3904","Rv0908",0.02529238925,0.773987202384615,0.165437869448758,0.870541514817899,0.950335837910843,-6.4699457601037
"1676","Rvnt27",0.0444765391944444,0.700755357461538,0.165283721220185,0.870660981237431,0.950335837910843,-6.46997208222621
"2353","Rv0301",0.0253739582500001,1.50687700923077,0.165197917543075,0.870727481339581,0.950335837910843,-6.46998672333895
"4279",NA,-0.0247291564722227,1.673018008,-0.163315214003086,0.872186875867136,0.951571597867981,-6.47030607113319
"829","Rv0167",-0.0353340035277776,1.59817423230769,-0.163279212525288,0.87221478737414,0.951571597867981,-6.47031214222117
"2202","Rv2932",-0.0237511639444447,0.973915076,-0.161970825573842,0.873229281204372,0.952448899180857,-6.4705318759208
"5023",NA,0.0266238092777775,2.07090500846154,0.161783797639679,0.873374317066029,0.952448899180857,-6.47056314188847
"4692",NA,0.0275036013055558,2.364216216,0.161108762015674,0.873897830212759,0.95282594994719,-6.47067568988418
"882","Rv1759c",0.0315413693055548,2.16683458484615,0.16072557685946,0.874195030160773,0.952956144328197,-6.47073936921976
"3244","Rv3858c",-0.0411982300833338,2.21923428215385,-0.160099124777058,0.874680950563663,0.953291967267432,-6.47084315009593
"4677",NA,-0.0345967153055562,2.24914573161538,-0.159654910163286,0.875025545963769,0.953473658541533,-6.47091649585469
"3306","Rv3915",-0.0202680443055554,1.40885061076923,-0.159049999191095,0.875494841611888,0.953774287902298,-6.47101604801602
"1290","Rv2127",-0.0258052021666666,1.26624356053846,-0.15884057419229,0.875657326635673,0.953774287902298,-6.47105042596926
"3110","Rv3738c",0.0419772809999996,1.58601553653846,0.157260011406507,0.876883809940441,0.954746237952047,-6.47130842510406
"4933",NA,-0.0448442174999997,3.72321162976923,-0.157231522531627,0.876905919671255,0.954746237952047,-6.4713130518117
"4116",NA,-0.0370396951944441,1.06760471784615,-0.1559398066566,0.877908508064574,0.955643704960625,-6.47152195360202
"4318",NA,0.0209796381388889,1.04987351061538,0.155257036571505,0.878438538641931,0.955900622702433,-6.47163167993073
"5251",NA,0.0404222984444447,2.16959870615385,0.155107682774819,0.87855448908039,0.955900622702433,-6.4716556182225
"4328",NA,0.0216262453333331,1.483800721,0.154946602813954,0.878679546278897,0.955900622702433,-6.47168141022406
"753","Rv1643",-0.0394843266666667,1.63603492792308,-0.154050316834966,0.879375453479166,0.956463561414028,-6.47182443483981
"1729","Rv2509",-0.0247763826111116,1.42307794323077,-0.152952298880584,0.880228130695285,0.95691187401408,-6.47199852311718
"4547",NA,-0.0225916711666667,1.03412016176923,-0.152749602673732,0.88038555311888,0.95691187401408,-6.47203052436804
"4215",NA,-0.0434436516944448,1.738290075,-0.152637703217069,0.880472461164426,0.95691187401408,-6.47204817268924
"2663","Rv3333c",-0.0234699066388889,0.883401435846154,-0.152552421777701,0.880538697063592,0.95691187401408,-6.47206161426615
"2246","Rv2969c",0.0334536297499997,1.33044140946154,0.152370138181341,0.880680275095421,0.95691187401408,-6.47209031965459
"1803","Rv2571c",0.02595835875,0.941826594692308,0.151544851864086,0.881321319507519,0.957414323583361,-6.47221985462414
"102","Rv1069c",-0.0362384742222222,0.913041554538461,-0.149946362816754,0.882563192873963,0.958569141601711,-6.47246875416926
"53","Rv1020",-0.0275752117777778,0.835345989769231,-0.149457298950749,0.882943211826719,0.958787604414752,-6.47254438008048
"2461","Rv3156",0.0329365215833333,1.216584652,0.148253560727208,0.883878681512535,0.959267816347272,-6.47272946934085
"139","Rv1102c",-0.0237495388611109,1.18582874030769,-0.148252520533336,0.883879489962359,0.959267816347272,-6.47272962863765
"3181","Rv3803c",-0.0345671822222222,1.15308570684615,-0.14819738706458,0.883922340473727,0.959267816347272,-6.47273807026161
"775","Rv1662",0.0358746041666662,1.09422368892308,0.147486145241122,0.884475160812922,0.959442077766875,-6.47284668949513
"3738","Rv0074",0.0201257134166668,2.10625456546154,0.147402894519542,0.884539872343288,0.959442077766875,-6.47285936928326
"570","Rv1480",-0.0409436777777781,1.43937858392308,-0.147299921013102,0.88461991573207,0.959442077766875,-6.47287504313949
"458","Rv1380",0.0231868797499998,0.941771775461538,0.146950736079888,0.884891353792394,0.959464445857186,-6.47292811211923
"2760","Rv0337c",0.0206623849166664,0.873564156769231,0.14663721872036,0.885135078297953,0.959464445857186,-6.4729756533211
"1798","Rv2567",0.0271663089444441,1.14849354115385,0.146426505933586,0.885298890462003,0.959464445857186,-6.4730075485177
"1452","Rv2268c",-0.0230676827500003,1.27425782853846,-0.145879319796855,0.885724308401882,0.959464445857186,-6.47309016139793
"3638","Rv0669c",0.0334832317777775,0.985803595923077,0.145663631558072,0.885892008279805,0.959464445857186,-6.47312264073161
"4568",NA,0.0335243940555552,1.34176022538462,0.145650148787914,0.885902491460714,0.959464445857186,-6.47312466943768
"606","Rv1510",-0.026672279666667,1.83285317261538,-0.145323672159426,0.886156341599728,0.959464445857186,-6.47317373607179
"1294","Rv0208c",-0.0297506201111115,0.832012809846154,-0.145232224916823,0.886227448193334,0.959464445857186,-6.47318746011703
"98","Rv1066",-0.0367389933055562,2.52324209307692,-0.145201189659254,0.886251580492337,0.959464445857186,-6.47319211580889
"2950","Rv3596c",-0.0267314389722222,0.854741365923077,-0.144434047566637,0.886848128938609,0.95991639158137,-6.47330688161382
"3581","Rv0622",0.0297395494722221,1.08539795661538,0.143457498206581,0.887607618653873,0.96054448535933,-6.47345209777275
"2784","Rv3444c",-0.0190793913611111,1.22645228984615,-0.142934462379407,0.888014444537931,0.960648609465061,-6.47352947081824
"3446","Rv0500",0.0237659551111111,0.998749483538461,0.142872956043607,0.88806228729466,0.960648609465061,-6.47353855096685
"4462",NA,0.0230823636944446,1.20585019169231,0.142449195063959,0.888391922211992,0.960765142808944,-6.47360100462138
"516","Rv1433",0.0261082690555555,0.77941459,0.142273613221771,0.888528509870137,0.960765142808944,-6.47362682754927
"1346","Rv2177c",0.0190287329722221,1.06710446046154,0.141390586140194,0.889215484031474,0.96118911088894,-6.47375621318862
"1505","Rv2312",0.0243716938888892,1.57221906615385,0.141098120557106,0.889443035350461,0.96118911088894,-6.47379888958184
"4743",NA,-0.034998150638889,1.97316334684615,-0.14107814161361,0.889458580225586,0.96118911088894,-6.47380180167988
"4398",NA,-0.0171744425555556,0.853558748307692,-0.140549334822196,0.889870042002529,0.961439916374431,-6.47387873014243
"3138","Rv3764c",0.0269127178611109,0.946622910846154,0.139958565379914,0.890329754826717,0.961742742013544,-6.47396433180748
"3243","Rv3857c",0.025854873138889,1.15473712630769,0.138950249115027,0.891114478406588,0.961960114224898,-6.47410960447438
"1230","Rv2071c",0.0346656737777775,2.05737927361538,0.138388906731804,0.891551394351474,0.961960114224898,-6.47419002549773
"1188","Rv2035",0.0288655561944444,1.39659963284615,0.138046685498598,0.891817776880165,0.961960114224898,-6.47423889464197
"2519","Rv3206c",-0.0276980572500001,1.34823674915385,-0.137967075319811,0.891879746775594,0.961960114224898,-6.47425024565626
"2402","Rv3104c",0.0301590212777778,1.38494488192308,0.13774235309195,0.892054678200214,0.961960114224898,-6.47428225185344
"4830",NA,0.0177261714166665,1.56068021707692,0.137740342595021,0.892056243265252,0.961960114224898,-6.47428253796472
"5319",NA,0.0208917250833329,1.02166691723077,0.13770702288211,0.892082180958146,0.961960114224898,-6.47428727904423
"1673","Rv2460c",0.034101090861111,1.37178720076923,0.137290672954285,0.892406298690229,0.961960114224898,-6.47434642519966
"3848","Rv0858c",-0.0245882150000005,1.00829456161538,-0.137277472445195,0.892416575268443,0.961960114224898,-6.4743482975251
"1073","Rv1933c",0.0203084848888886,0.962252145307692,0.137189702871648,0.892484904261651,0.961960114224898,-6.47436074196248
"642","Rv1542c",-0.0182227234444445,1.14065775538462,-0.137163686590379,0.892505158216496,0.961960114224898,-6.47436442916355
"4410",NA,-0.0306025936666664,0.741561946,-0.136458089572632,0.893054502181956,0.962358691535039,-6.4744641650073
"1303","Rv2139",0.0252039448611112,1.94637225815385,0.136179269833018,0.893271593279636,0.962399143714341,-6.47450343458682
"1982","Rv2732c",0.0268701734166663,1.779233347,0.1357094529852,0.893637415837118,0.962459118208126,-6.47456942332058
"1710","Rv2492",0.0217448370277779,0.870818298692308,0.135646563658432,0.893686386440642,0.962459118208126,-6.47457823925388
"4924",NA,-0.036722334,1.81929622569231,-0.134882088300622,0.894281702675963,0.962837629777302,-6.47468507868373
"2626","Rv3302c",0.0208747191111108,0.839836098615385,0.134733885889413,0.894397119153207,0.962837629777302,-6.4747057210223
"3195","Rv3816c",-0.0305441276111114,1.452925688,-0.133844461016333,0.895089832982749,0.963389860399103,-6.47482912861955
"3379","Rv0443",0.0271135087222221,0.905076110153846,0.132602662830409,0.896057132677786,0.964058239172313,-6.47500006365576
"3560","Rv0603",-0.0271631270833326,2.24461921792308,-0.132585439596949,0.896070549917251,0.964058239172313,-6.47500242327599
"2283","Rv3001c",-0.0257787978888888,1.04730871892308,-0.132241581463547,0.896338428978186,0.964152915778261,-6.47504946857431
"352","Rv1292",-0.0265623431944445,0.959339223230769,-0.131520459118132,0.896900253548446,0.964563675565745,-6.47514773372648
"4799",NA,-0.0168507837222229,1.55718071930769,-0.130669836780352,0.897563043645,0.965082831281283,-6.47526295616139
"1062","Rv1923",-0.0271729292222223,1.14450478607692,-0.130065783922264,0.89803375843759,0.965395295873542,-6.4753443260844
"1401","Rv2225",0.0287001428055556,1.03790827538462,0.129177068956152,0.898726370338206,0.96576280167079,-6.47546335786201
"8","Rv0981",-0.0316130328611111,1.11318171392308,-0.129164738754907,0.898735980360802,0.96576280167079,-6.47546500360315
"2845","Rv3503c",-0.0262133212222224,1.00824730207692,-0.128449639810903,0.89929334821545,0.966168038972702,-6.47556018133218
"3544","Rv0587",-0.0243523847500002,1.80283617446154,-0.12744595282948,0.900075740813753,0.966446862464504,-6.47569287980627
"745","Rv1637c",0.0192926926944446,1.53984009330769,0.12713738118223,0.900316299440621,0.966446862464504,-6.47573346757504
"2406","Rv3108",0.0174570209999996,1.25333323692308,0.127096921666161,0.900347841917877,0.966446862464504,-6.47573878210885
"1894","Rv2651c",-0.019938369722222,1.08465852976923,-0.126953458113723,0.900459688331253,0.966446862464504,-6.47575761306532
"5300",NA,-0.0221845157777776,3.02029484107692,-0.126737985992589,0.900627677789951,0.966446862464504,-6.47578585594925
"2867","Rv3523",-0.0180452398333337,0.981455955153846,-0.126728958489974,0.900634716046678,0.966446862464504,-6.47578703817885
"1518","Rv2326c",0.0212142474722221,1.28900740646154,0.126468561473684,0.900837737214063,0.966471231278498,-6.47582110324299
"2508","Rv3198c",0.0249428420833333,0.763366214692308,0.126190361312418,0.901054646595597,0.966510487442946,-6.47585742004071
"2037","Rv2782c",0.0298811139722219,1.76155738130769,0.125612053304985,0.901505572272194,0.966731321249785,-6.47593265807329
"2628","Rv3303c",0.0261436066944445,1.28486246176923,0.125463710856677,0.901621245322328,0.966731321249785,-6.47595190187821
"3851","Rv0861c",0.0184013227777776,0.817686795307692,0.124913446962238,0.902050344685169,0.966959364438817,-6.47602308691378
"4121",NA,0.0254278603055555,1.27137040353846,0.124728293774589,0.902194735365397,0.966959364438817,-6.47604696908291
"76","Rv1043c",0.0230092088888887,1.03404106230769,0.124468893651197,0.902397033034376,0.966982826282339,-6.4760803685955
"3643","Rv0673",-0.0247504668888887,0.953929017384615,-0.12374124636944,0.902964538162814,0.96702048018842,-6.47617368767179
"3131","Rv3758c",0.0193437841666665,0.568921752076923,0.123711283151599,0.902987908172944,0.96702048018842,-6.47617751867744
"1326","Rv2158c",0.022128003722222,1.24086765169231,0.12367639379635,0.903015120472008,0.96702048018842,-6.47618197835703
"751","Rv0160c",-0.0329123794444446,1.38212311553846,-0.123498555595669,0.903153829071498,0.96702048018842,-6.47620469074742
"1810","Rv2578c",0.0207896474444441,0.901465252846154,0.122434944923555,0.903983481413952,0.967715490389212,-6.47633984747931
"5247",NA,-0.0190086364444442,1.95013934376923,-0.120939056639276,0.905150518083736,0.968511626077228,-6.47652796046478
"2837","Rv3496c",0.0199136127222218,0.951594403769231,0.120833847896752,0.905232606487673,0.968511626077228,-6.47654110393212
"5320",NA,-0.0252375925555559,2.43503126153846,-0.120786868197575,0.905269262434126,0.968511626077228,-6.47654696930152
"4906",NA,0.0174997186388888,2.06751998207692,0.120120576391356,0.905789160774574,0.968874456545942,-6.47662991003982
"818","Rv0166",-0.0201413417500003,0.935322322923077,-0.119561410205361,0.906225504441249,0.96914778607444,-6.47669916220027
"989","Rv1859",0.0389164103611117,1.525763197,0.118946133494169,0.906705669437781,0.969371230474294,-6.47677499084163
"3812","Rv0827c",0.0302246202222218,0.947198213076923,0.118830201749958,0.906796147313081,0.969371230474294,-6.47678923490646
"200","Rv1159",0.0195248532222221,1.46724202707692,0.118331332412994,0.907185500375873,0.969472482538019,-6.47685037074874
"3364","Rv0429c",-0.0273455767499999,1.16555926361538,-0.118098591783933,0.907367156015907,0.969472482538019,-6.47687880499608
"72","Rv1039c",-0.0261986394166667,1.09626686715385,-0.117690733693261,0.907685504753027,0.969472482538019,-6.47692849880393
"151","Rv1115",0.0196552579444443,0.840265186769231,0.117631719182192,0.907731569161125,0.969472482538019,-6.47693567497304
"4374",NA,0.0161036351111112,1.49056256046154,0.117509174776333,0.907827223588572,0.969472482538019,-6.47695056490437
"1693","Rv2476c",-0.0224790442222225,1.57494641876923,-0.117241512325229,0.908036157802521,0.969472482538019,-6.4769830337279
"426","Rv1353c",0.0195530688888887,1.040120872,0.116928371301304,0.908280600865908,0.969472482538019,-6.47702092550785
"2701","Rv3369",-0.0232623848333335,1.19301629753846,-0.116603360177004,0.908534319937632,0.969472482538019,-6.47706014663436
"99","Rv0103c",0.0156845374999997,1.00343904246154,0.116529879465336,0.908591683870815,0.969472482538019,-6.47706899890533
"479","Rv1399c",-0.0272271391666672,1.31384614661538,-0.116359553378908,0.908724653745266,0.969472482538019,-6.47708949678011
"1358","Rv2188c",-0.0315881163611111,1.05890480130769,-0.116013074225893,0.908995151089026,0.969472482538019,-6.4771311013967
"5208",NA,-0.0224916444166672,4.03051000130769,-0.115928315664892,0.90906132411121,0.969472482538019,-6.47714126020062
"5278",NA,-0.0141822891388894,1.79306912738462,-0.115543691080717,0.909361618295793,0.969507853305639,-6.47718726653974
"3004","Rv0359",-0.0214128254999999,1.91736951369231,-0.115097260217791,0.909710185195519,0.969507853305639,-6.47724047433773
"2183","Rv2916c",0.0290368106388887,1.25364045661538,0.11499705473212,0.909788426826553,0.969507853305639,-6.47725238905326
"2055","Rv2798c",-0.0204778014722222,1.29216087176923,-0.114959174859898,0.90981800412824,0.969507853305639,-6.47725689037845
"5","Rv0979c",0.033006272972222,1.30683789392308,0.114372162821094,0.910276371322699,0.969803488429669,-6.4773264566903
"1246","Rv2085",-0.0182993229722221,1.39240918869231,-0.114019413747332,0.910551830410593,0.969904175477103,-6.47736808965395
"2650","Rv0032",0.015178463694445,1.60905620592308,0.112754700801775,0.911539531274357,0.970763339485506,-6.47751630104386
"2498","Rv3191c",0.0168996424444443,1.01829682146154,0.111445796177924,0.912561901317323,0.971370778317033,-6.477667953081
"3678","Rv0703",0.0221176232500001,0.981731417461538,0.111404284904938,0.912594327876229,0.971370778317033,-6.47767273372558
"322","Rv1266c",0.0154994912222225,0.857635461,0.111328420933557,0.912653589478466,0.971370778317033,-6.47768146600282
"862","Rv1737c",0.0259153108611119,2.19093042230769,0.109929699278943,0.913746303893949,0.97195448382925,-6.47784140070519
"4836",NA,0.0197665057222229,3.09000307746154,0.109887907484773,0.913778955377068,0.97195448382925,-6.47784614825819
"3135","Rv3761c",-0.0208072684166667,1.07001828776923,-0.1091720407247,0.914338279021688,0.97195448382925,-6.4779271909141
"4107",NA,0.0207083202222222,1.06528854038462,0.109153569924779,0.914352711308117,0.97195448382925,-6.47792927497768
"4426",NA,0.0159137224722221,1.28280078723077,0.108941270399153,0.914518595209855,0.97195448382925,-6.47795320348713
"2900","Rv3552",-0.0235174288611111,1.07769906684615,-0.108770713323875,0.914651865867217,0.97195448382925,-6.47797239346132
"4464",NA,-0.0168675503055553,2.95848636192308,-0.108561585596195,0.914815278604025,0.97195448382925,-6.47799588217755
"1174","Rv2023c",0.026170941055556,1.64074895230769,0.108336983060542,0.914990787750902,0.97195448382925,-6.47802105871223
"364","Rv0126",0.0251660057222222,0.897072558846154,0.108282816056598,0.915033115663904,0.97195448382925,-6.47802712270062
"5173",NA,0.0225159239166668,1.50760099907692,0.10812111129045,0.915159478751578,0.97195448382925,-6.47804520751118
"3412","Rv0471c",-0.0233403564166674,3.05196296646154,-0.108073488108035,0.915196694008624,0.97195448382925,-6.47805052846939
"792","Rv1679",0.0186434185833333,1.21374284984615,0.106970679815493,0.916058542843835,0.972677058170157,-6.47817309093827
"1508","Rv2315c",-0.0216394453055555,1.03007354830769,-0.106513684812432,0.916415717743305,0.972858154286096,-6.47822351196474
"5078",NA,0.0172547990000003,2.03560862807692,0.106219994208488,0.916645268066437,0.972858154286096,-6.47825580155552
"4463",NA,-0.0293598325555555,2.07630477207692,-0.10558757232929,0.917139598461888,0.972858154286096,-6.47832503041029
"1041","Rv1904",-0.0210468570555555,1.23344033846154,-0.105425818263272,0.917266038589672,0.972858154286096,-6.47834267071963
"4639",NA,0.022623447472222,1.00008565146154,0.105127735039658,0.917499050642082,0.972858154286096,-6.47837510784376
"4016",NA,-0.0140661739722228,1.68746117230769,-0.105000349239682,0.917598630648502,0.972858154286096,-6.47838894186751
"4393",NA,-0.014769923888889,1.36603141207692,-0.104933264814592,0.917651072440651,0.972858154286096,-6.47839622046348
"4163",NA,-0.0143736119444449,1.12219833038462,-0.104894821759432,0.917681124640018,0.972858154286096,-6.4784003894043
"843","Rv1722",0.0211437710000002,0.837771893307692,0.102563190186372,0.919504075609217,0.974469194790393,-6.47865038982852
"3745","Rv0764c",0.0228329623333329,0.946811797461538,0.102486042113348,0.919564400606307,0.974469194790393,-6.47865856581808
"3763","Rv0779c",0.015576418055556,1.56829319553846,0.102050765233682,0.919904769510398,0.974492870418936,-6.47870458040552
"3362","Rv0042c",-0.0173185180277777,1.379042438,-0.101992465172559,0.919950359014891,0.974492870418936,-6.47871072864779
"3068","Rv3702c",-0.0169530169722218,1.18042630369231,-0.101366696752385,0.92043971567355,0.974773773355881,-6.47877650033244
"2261","Rv2981c",0.0154817311111108,1.12118935153846,0.101188259425623,0.920579261329752,0.974773773355881,-6.47879518099545
"3043","Rv3681c",-0.0163682343333336,1.14656000946154,-0.100598146168916,0.921040774209769,0.97490988872617,-6.47885672602662
"4946",NA,-0.0140838040833335,1.20629472684615,-0.100384834519996,0.921207607078549,0.97490988872617,-6.47887888459411
"3455","Rv0507",-0.0152149108055556,0.856460776461538,-0.100306596421056,0.921268798713991,0.97490988872617,-6.47888700010202
"4361",NA,-0.0131328006388887,2.18652717684615,-0.100093646549995,0.921435353784847,0.97490988872617,-6.47890905702721
"3384","Rv0044c",0.0185979859444446,0.877631385230769,0.0998024569383394,0.921663108797695,0.97495840993796,-6.47893914208582
"592","Rv1498A",-0.0152641584166668,1.19815051446154,-0.0993789816267352,0.921994344042685,0.974993705630398,-6.47898273836946
"615","Rv1518",-0.0165027357499999,0.996848030846154,-0.0990949492761612,0.922216517622701,0.974993705630398,-6.47901187542196
"4396",NA,-0.0155449670833333,0.809204245461538,-0.0990621417312406,0.922242180512335,0.974993705630398,-6.47901523557072
"1499","Rv2308a",0.0168911605555551,1.58642237338462,0.0988016074997359,0.922445980093832,0.974999687095402,-6.47904188003153
"875","Rv1749c",0.0238080595555554,1.55075065576923,0.0983504810768298,0.922798881104486,0.974999687095402,-6.47908785033617
"2217","Rv2943A",-0.0197545314722225,1.94197030715385,-0.0981351872545702,0.922967304056242,0.974999687095402,-6.4791097149538
"4735",NA,0.013510819888889,0.813833656538462,0.0977965472844306,0.92323222750893,0.974999687095402,-6.47914400940461
"4404",NA,0.0141383790277776,2.13886993130769,0.0976845363693847,0.923319857479719,0.974999687095402,-6.47915532681546
"1983","Rv2733c",-0.0212410322222225,1.540248846,-0.0976597409605527,0.923339255913482,0.974999687095402,-6.47915783035418
"1233","Rv2074",0.0189331832777777,1.67720828892308,0.0968497622022219,0.923972961741214,0.975476674203842,-6.47923926306854
"4323",NA,-0.015665818861111,1.89168902384615,-0.0965705966663848,0.924191385637714,0.97551512938522,-6.47926717251304
"3047","Rv0363c",0.0205762643333333,0.932818363076923,0.0961184471543533,0.924545168368589,0.975696417100933,-6.47931220522775
"4288",NA,0.0123655150555557,1.53572112769231,0.0957446798500856,0.924837633512689,0.975812936147246,-6.47934927192842
"1345","Rv2176",0.0215151148333335,1.314025436,0.0953128097896426,0.925175576641661,0.975948630515662,-6.47939192106794
"2999","Rv3643",-0.013588978416667,1.69806965146154,-0.0948206113640689,0.925560745329019,0.975948630515662,-6.47944029307194
"4263",NA,0.0173312914722221,1.87570362915385,0.0947274300639615,0.925633666274109,0.975948630515662,-6.47944942252815
"3008","Rv3651",0.0257043207499996,1.64931638523077,0.0945771894804549,0.925751241570205,0.975948630515662,-6.4794641234956
"3555","Rv0598c",0.0194239494722217,1.41403511138462,0.0943403631024508,0.925936580777046,0.975948630515662,-6.47948724950921
"3075","Rv3707c",0.0136172214166668,1.50780097838462,0.0941187175086167,0.926110043542819,0.975948630515662,-6.4795088406549
"1483","Rv2297",0.020180401527778,1.03293638546154,0.0938134618329354,0.92634894692703,0.975948630515662,-6.47953849345458
"3673","Rv0068",-0.0126894473611112,1.98276472223077,-0.0937189978199261,0.92642287911636,0.975948630515662,-6.47954765027343
"1915","Rv2671",0.0232536612777776,1.64475498407692,0.0926294113094239,0.927275693069969,0.97664135717204,-6.47965260259707
"4949",NA,0.0186930249166677,2.57671866169231,0.092413277360953,0.927444870896582,0.97664135717204,-6.47967327556005
"5339",NA,0.0129264648888887,0.918595881076923,0.0919285513588523,0.927824300871346,0.976848998756711,-6.4797194636177
"433","Rv1359",-0.0139373338611113,1.08397840330769,-0.0908669090691788,0.928655387167489,0.977376735184619,-6.47981977651872
"3891","Rv0897c",-0.0166662229722221,1.04094547238462,-0.0908223837352028,0.928690244831206,0.977376735184619,-6.47982395821341
"4973",NA,0.0134473273611107,1.38534420392308,0.0901061769441425,0.929250963943498,0.977613279626702,-6.47989094099117
"1870","Rv2630",0.0173584793055557,1.377431328,0.0896155922745913,0.929635065353206,0.977613279626702,-6.47993651687281
"63","Rv1028A",-0.01907852386111,2.29394973092308,-0.0895650507175667,0.929674637690766,0.977613279626702,-6.47994119811804
"2002","Rv2749",0.0188612052777775,1.407735728,0.0893481928279214,0.929844432267309,0.977613279626702,-6.47996125391954
"3270","Rv3882c",0.0221449211111107,1.78445310723077,0.0890495614000082,0.930078259277518,0.977613279626702,-6.47998879293417
"768","Rv1657",-0.0191752071388891,1.44975644884615,-0.0889570783109509,0.930150674438629,0.977613279626702,-6.47999730280442
"4608",NA,0.01477113875,0.865120677230769,0.0889046329561074,0.930191739943317,0.977613279626702,-6.48000212466045
"3466","Rv0517",-0.0181158637222223,1.21631154169231,-0.0886242285185909,0.930411304285876,0.977652340908116,-6.4800278570053
"2576","Rv3256c",0.0188659292777775,1.24468000346154,0.086630893355371,0.931972305559215,0.979003920356326,-6.48020844203602
"249","Rv1202",0.0184219621666666,1.09689310361538,0.0864575014695275,0.932108104107576,0.979003920356326,-6.48022395634196
"3737","Rv0757",-0.0167460044722222,0.917658390538462,-0.086282041995377,0.932245524160203,0.979003920356326,-6.48023962403324
"2282","Rv3000",0.0178741086388887,1.52543902415385,0.0851836777853579,0.933105814057315,0.979063242098781,-6.48033698008133
"2359","Rv3067",-0.0127394895277777,1.20783929615385,-0.0851822996445608,0.933106893534966,0.979063242098781,-6.48033710145323
"3249","Rv3863",0.011847187277778,0.647253904384615,0.0851669999088672,0.933118877604513,0.979063242098781,-6.48033844875855
"2975","Rv3621c",-0.0166986124166668,1.39177807192308,-0.0850746846130058,0.933191187238529,0.979063242098781,-6.48034657297632
"1504","Rv2311",-0.0174749990000003,1.71943269076923,-0.0850438779884163,0.933215317888558,0.979063242098781,-6.48034928215766
"3648","Rv0678",-0.0167900115833333,1.50173870707692,-0.0847044059857704,0.933481228760215,0.979150564805236,-6.48037907091777
"2501","Rv3194c",-0.018905066694445,1.12800876815385,-0.083775922900981,0.934208557497422,0.979721750770139,-6.48045993749322
"852","Rv1730c",0.0146010824722221,0.831905401461538,0.0833490763847638,0.934542948537871,0.979880712864434,-6.48049681503589
"3273","Rv3885c",0.0145305558611111,0.895441316846154,0.0827799104185765,0.93498885203467,0.979925828608807,-6.48054569549882
"414","Rv1343c",-0.0139068467777781,1.423553451,-0.0825593246787765,0.935161672205607,0.979925828608807,-6.48056454960859
"1722","Rv2503c",-0.0163171741944445,0.937377412538462,-0.0824209137419919,0.935270113381294,0.979925828608807,-6.48057635433102
"2773","Rv3434c",-0.0164978581388895,1.04792726115385,-0.0822266885806306,0.935422285679012,0.979925828608807,-6.4805928859375
"795","Rv1682",0.0139370389722219,0.892100279538462,0.0821273884243336,0.935500086752102,0.979925828608807,-6.48060132288213
"5105",NA,0.01618199025,1.31327860307692,0.0809016099753195,0.936460531812337,0.980606102035509,-6.48070463099694
"4210",NA,0.0223713621111108,1.29552256807692,0.0808315657757587,0.936515417223838,0.980606102035509,-6.48071048740905
"926","Rv1801",0.0239815008888891,0.984358485538462,0.0804697341807571,0.936798947372823,0.980646952530784,-6.48074065951328
"3981","Rv0008c",-0.0217851399444444,3.33636278653846,-0.0803148153019216,0.936920344013087,0.980646952530784,-6.48075353640328
"4620",NA,-0.01492331525,0.726456339307692,-0.0798931383371327,0.937250784176478,0.980801289181164,-6.48078846068475
"554","Rv1466",0.0145660123055555,1.31321081261538,0.0784049672177107,0.938417058534306,0.981624684395404,-6.4809102463181
"3520","Rvnt05",0.0295904145277779,1.12922140884615,0.0781000772702729,0.938656017552818,0.981624684395404,-6.48093491480987
"4387",NA,-0.012365730361112,1.792904595,-0.0778576136277433,0.938846053942405,0.981624684395404,-6.48095446386113
"2275","Rv0294",-0.0148041459444448,1.45456691438462,-0.0775861159715922,0.939058850904602,0.981624684395404,-6.48097628174351
"1467","Rv2283",-0.0213271739166667,2.18879291969231,-0.0775633108813565,0.93907672550685,0.981624684395404,-6.48097811092109
"3476","Rv0528",-0.0146921093611112,1.56581470692308,-0.0774442462868262,0.939170048735678,0.981624684395404,-6.48098765226815
"1630","Rv2424c",-0.0148489604722224,1.77493801069231,-0.0772534585261073,0.9393195907209,0.981624684395404,-6.48100291067493
"442","Rv0012",-0.0093829215555552,1.29235755423077,-0.0763027180128434,0.940064828441609,0.982050257789575,-6.48107838624109
"1797","Rv2566",0.0137944747777778,1.544730464,0.0762664479799218,0.940093259835505,0.982050257789575,-6.48108124708248
"5016",NA,-0.0167801529722218,1.91011597576923,-0.0756607116714667,0.940568097359692,0.982185760546599,-6.48112882433423
"4044",NA,0.0113455897499999,1.45723273630769,0.075633459887852,0.940589460613003,0.982185760546599,-6.48113095589984
"2504","Rv3196A",-0.0123318826388891,0.887336585538462,-0.075361027993139,0.940803028333222,0.982217419529815,-6.48115222265393
"4761",NA,0.0134689962777774,1.80171402523077,0.0747483204593575,0.941283365493161,0.982527524643299,-6.48119977203359
"4872",NA,-0.0188817885833328,1.63160809776923,-0.0742618158225754,0.941664781434038,0.982734273459199,-6.48123725110556
"5011",NA,0.0119441420555555,0.687740563923077,0.0739745618312688,0.941889993234909,0.982777956733329,-6.48125926558369
"3208","Rv3827c",0.0115087059166663,1.80695825038462,0.072532141280092,0.943020950570477,0.98376650351455,-6.48136852030816
"1318","Rv2150c",0.01894253875,1.17107540253846,0.071615784253705,0.943739502968959,0.984095092024814,-6.48143681208372
"1257","Rv2096c",-0.0185659899166664,1.19010024861538,-0.0713034224108209,0.9439844498889,0.984095092024814,-6.48145989263426
"2239","Rv2963",0.0125162123888891,1.13874699261538,0.0711817493597155,0.944079864640282,0.984095092024814,-6.48146885582143
"1909","Rv2665",-0.0126477645555556,2.26941733530769,-0.0709945632536361,0.944226655760517,0.984095092024814,-6.48148261523182
"1021","Rv1887",0.0140073666111109,1.04089565215385,0.070959785342612,0.944253928784257,0.984095092024814,-6.48148516764848
"3420","Rv0478",0.0146640513055547,2.04064583776923,0.0695253854049483,0.945378854527145,0.984857758802137,-6.48158935207435
"291","Rv1239c",-0.0154058041666663,1.43220175976923,-0.069507991273066,0.945392496579381,0.984857758802137,-6.48159060240979
"1200","Rv2046",-0.0104768975833334,1.68595074146154,-0.0692654633750652,0.945582710719985,0.984857758802137,-6.4816080033728
"3313","Rv3919c",0.0109963405277775,1.15714390538462,0.0690847936224443,0.945724411840535,0.984857758802137,-6.48162092661144
"470","Rv1391",-0.0115981001111107,1.18112512807692,-0.068855273454604,0.945904429536082,0.984857758802137,-6.48163729545378
"4849",NA,0.0139053478888882,1.39470701830769,0.0684070523298552,0.946255987854478,0.985032451912993,-6.4816691045673
"159","Rv1122",0.012914241972222,0.843499364307692,0.0676198058950453,0.946873485276864,0.985483860404659,-6.48172447086115
"2403","Rv3105c",-0.0141946570277773,1.100677183,-0.0662039184480872,0.947984161069011,0.986090538437888,-6.4818224369528
"3320","Rv0390",0.0134471907222224,1.44990854007692,0.0652033207039717,0.948769134458895,0.986090538437888,-6.48189041941993
"143","Rv1108c",-0.0102299979166671,1.203370347,-0.0651717714866414,0.948793885846263,0.986090538437888,-6.48189254610456
"216","Rv1173",0.0100012013888888,1.06253833415385,0.0650828899075875,0.948863616626075,0.986090538437888,-6.48189853194469
"3565","Rv0608",0.00872311649999991,0.916228498153846,0.0647738894524595,0.949106041860156,0.986090538437888,-6.48191927842826
"22","Rv0994",0.0166211753888887,1.56770739107692,0.06443455026742,0.949372275154561,0.986090538437888,-6.48194194817854
"1747","Rv2522c",-0.0138187558888887,1.343654466,-0.0643058222701003,0.94947327211528,0.986090538437888,-6.48195051678903
"3154","Rv3778c",0.0101620126666668,1.38236437153846,0.0639913315209741,0.949720017882047,0.986090538437888,-6.48197137842024
"180","Rv1142c",-0.0114078961666668,0.703478062230769,-0.0638807585092495,0.949806773424921,0.986090538437888,-6.48197868895216
"3989",NA,-0.0116268226944447,1.88965809446154,-0.0637379565910503,0.94991881671498,0.986090538437888,-6.4819881115988
"5114",NA,-0.0118829504999999,0.966302097461539,-0.0635839773708684,0.950039630996217,0.986090538437888,-6.48199824815261
"4913",NA,-0.0154054759999998,4.68286821946154,-0.0632753848895134,0.950281760801513,0.986090538437888,-6.48201848922956
"388","Rv1320c",-0.0104010326944446,0.878908954307692,-0.0630693666666657,0.950443410923165,0.986090538437888,-6.48203194750589
"794","Rv1681",-0.0125746861388891,0.979942105307692,-0.0624144053100005,0.950957334480509,0.986090538437888,-6.48207444186145
"4903",NA,-0.00813028405555571,1.21348347030769,-0.0623800502070861,0.950984292254136,0.986090538437888,-6.48207665860612
"2587","Rv3266c",-0.0141303994999993,1.08892818123077,-0.0622864551888935,0.951057734734347,0.986090538437888,-6.48208269158571
"4528",NA,-0.0112759717222226,1.72688467653846,-0.0610958484746711,0.951992023664906,0.986090538437888,-6.4821586459268
"3970","Rv0966c",0.0160822941111112,1.25259227692308,0.0609566784467242,0.952101237427114,0.986090538437888,-6.48216742858576
"3395","Rv0045c",0.0109937921944446,0.928060780153846,0.0608760468975144,0.952164513532074,0.986090538437888,-6.48217250787379
"2828","Rv3487c",0.0122528120555556,1.41128972853846,0.0603080015708282,0.952610299891671,0.986090538437888,-6.48220810077167
"2330","Rv3041c",0.01873838475,1.50402848615385,0.0602898433895372,0.952624550200659,0.986090538437888,-6.48220923303573
"2180","Rv2913c",0.0117422321666663,2.04164305315385,0.0601722982018195,0.952716798563314,0.986090538437888,-6.4822165543908
"1989","Rv2737c",0.0102089658888888,0.878891823615385,0.060040895416454,0.952819923056212,0.986090538437888,-6.48222472196581
"2017","Rv2764c",-0.013557439277778,1.80800095,-0.0599207754956661,0.952914193545832,0.986090538437888,-6.48223217261922
"1664","Rv2452c",-0.00887475280555561,0.574287930615385,-0.0597811902617495,0.953023741376077,0.986090538437888,-6.48224081190786
"1753","Rv2528c",0.0107493142777777,1.05374160746154,0.0596776731395109,0.953104983231267,0.986090538437888,-6.48224720584216
"3028","Rv3668c",0.0108836721666663,1.03632749846154,0.0593195305366939,0.953386063234587,0.986090538437888,-6.48226924175556
"1773","Rv2544",-0.0128043506111108,1.06443760207692,-0.0592989690782806,0.953402200615581,0.986090538437888,-6.48227050284313
"1407","Rv2229c",-0.018054967555555,2.29433510707692,-0.0592702867975984,0.953424711548269,0.986090538437888,-6.48227226127179
"2049","Rv2793c",-0.00902350652777772,1.46998731976923,-0.059141556462865,0.953525744455343,0.986090538437888,-6.48228014288757
"3410","Rv0470c",-0.0147692806666666,1.11800833138462,-0.0590989709124422,0.953559167541257,0.986090538437888,-6.48228274645066
"3055","Rv3691",0.0114896396666664,1.32353200592308,0.0590670103586828,0.953584251702763,0.986090538437888,-6.48228469919937
"1099","Rv1958c",0.0137630464999998,1.01400704546154,0.0589768470983067,0.953655016384515,0.986090538437888,-6.48229020236755
"1905","Rv2661c",-0.0137772439722221,1.67628590076923,-0.0589049487436285,0.953711446130972,0.986090538437888,-6.48229458470413
"4901",NA,0.0127475978611118,2.71467834930769,0.0583679235401366,0.954132940751923,0.986100040430272,-6.48232714836276
"4498",NA,-0.00891143244444448,0.788773278769231,-0.0582980738823714,0.954187764637576,0.986100040430272,-6.48233136193523
"3174","Rv3797",0.00982607480555553,0.883299640923077,0.05801824699714,0.954407398676477,0.986100040430272,-6.48234819148554
"276","Rv0118c",0.0134453826944438,1.19347022861538,0.0579556492871263,0.954456531670196,0.986100040430272,-6.48235194520341
"2175","Rv2909c",0.0123898248333333,0.932239822538461,0.057487291961604,0.954824151689667,0.986120740990445,-6.482379902066
"3670","Rv0696",0.0114959623888888,1.35918325369231,0.0574613381966547,0.954844523459032,0.986120740990445,-6.48238144464935
"547","Rv1461",0.0133527423055555,1.24212643246154,0.0560709160550166,0.955935947748561,0.986727808296842,-6.48246306763944
"718","Rv1613",0.0108487296111111,1.07855002246154,0.0556770166579718,0.956245159068478,0.986727808296842,-6.48248582773085
"2392","Rv3097c",-0.0192771765833335,1.91102158061538,-0.0556210947199234,0.956289058414449,0.986727808296842,-6.48248904598139
"4441",NA,0.0149102672222217,1.63313625169231,0.0555593779042466,0.956337506971828,0.986727808296842,-6.48249259396854
"2059","Rv2801A",0.014386326111111,1.13641792123077,0.0555399071636384,0.956352791810093,0.986727808296842,-6.48249371248883
"1402","Rv2226",-0.0103107430000002,0.928172150307692,-0.0550784502250264,0.956715047886894,0.98675454835202,-6.48252010673157
"1317","Rv2149c",0.0137671550833334,1.72080021761538,0.0550081965645281,0.956770199751877,0.98675454835202,-6.4825241057664
"3804","Rv0820",0.0132416210277777,1.15743465484615,0.0544056357824966,0.957243242713968,0.98675454835202,-6.48255819565913
"4742",NA,0.0143369454722229,2.50476885838462,0.0543190389924931,0.957311227253647,0.98675454835202,-6.48256306402751
"1117","Rv1972",-0.0104382556944446,0.894449139538462,-0.0540403879806062,0.957529990090359,0.98675454835202,-6.48257867684782
"1762","Rv2535c",0.00904805619444438,1.10438930215385,0.0537727011453054,0.957740148474622,0.98675454835202,-6.48259359975055
"996","Rv1864c",-0.0105141951388887,1.19954571707692,-0.0537168554647342,0.957783992790593,0.98675454835202,-6.48259670367482
"2460","Rv3155",-0.00855315419444402,0.881848882307692,-0.0536308997553744,0.957851476693201,0.98675454835202,-6.48260147482572
"1190","Rv2037c",-0.0094639228333333,1.33089544392308,-0.0525858571311203,0.958671966750742,0.987410019558796,-6.48265887114735
"5067",NA,-0.00975582594444324,3.40421851615385,-0.0518726340353961,0.959231964150527,0.987454651171871,-6.48269739489927
"221","Rv0010c",-0.0110601881111112,1.34468003569231,-0.0518572722232304,0.959244025941211,0.987454651171871,-6.48269821886065
"1808","Rv2576c",0.010168479361111,1.27492269423077,0.0518267655256921,0.959267979226107,0.987454651171871,-6.48269985442479
"1538","Rv2343c",0.010081317555555,1.21505390569231,0.0513842929924562,0.959615404828503,0.987622613264358,-6.4827234686481
"4391",NA,-0.0129141374166668,2.33075507207692,-0.0506652392946913,0.960180017367394,0.987950691943079,-6.48276141194003
"2712","Rv3379c",0.00959905697222208,0.817228160230769,0.0505088519749603,0.960302818101389,0.987950691943079,-6.48276959347278
"597","Rv0147",0.00899594419444449,1.07436507761538,0.0497827740974134,0.960872972968742,0.988347559990876,-6.48280724762329
"1309","Rv2142A",0.00884882116666641,1.45428076946154,0.0492691729828324,0.961276293000622,0.988572703469558,-6.48283355366833
"3006","Rv3649",-0.0102732919722224,1.03535768869231,-0.0486360852600362,0.961773458176506,0.988894252028788,-6.48286560440093
"4266",NA,0.0106183680555554,1.50942126038462,0.0482011201368518,0.962115046643559,0.989055744152182,-6.48288738481283
"3115","Rv3742c",0.0112188433888887,1.17746880907692,0.0478261059256444,0.962409560319488,0.98912043435463,-6.48290600622147
"4413",NA,-0.00620528869444437,1.18113049815385,-0.0475412161488353,0.962633299407608,0.98912043435463,-6.48292005529533
"3294","Rv3904c",-0.0122151177222223,1.81878168953846,-0.0474160666910639,0.962731586945542,0.98912043435463,-6.48292620039599
"3945","Rv0945",-0.00977257047222202,1.09158937653846,-0.0468745772606738,0.963156858868883,0.989367720110619,-6.48295260205116
"1432","Rv2250c",-0.00924610822222172,1.74408966915385,-0.0464157477241255,0.963517220776887,0.989548247435162,-6.4829747361458
"3554","Rv0597c",0.0115494206111111,1.41605968423077,0.0455388697198884,0.964205937919493,0.990065867288982,-6.4830164315427
"4734",NA,-0.00859589108333325,1.40583678823077,-0.045150863044908,0.964510695277248,0.990189106815945,-6.48303462747109
"1385","Rv2212",0.0102003686111113,0.746841912153846,0.044361784331942,0.965130489478646,0.990354881631746,-6.48307115186391
"1703","Rv2486",-0.0114159760000001,1.420711787,-0.0442316046099286,0.965232743392505,0.990354881631746,-6.48307711567665
"1606","Rv2402",-0.00704207008333357,1.50141912846154,-0.0438311821470131,0.965547272190915,0.990354881631746,-6.48309535004861
"4698",NA,-0.00770416149999975,1.11176443323077,-0.043551000687476,0.965767356073572,0.990354881631746,-6.48310801031989
"1785","Rv2554c",0.00827837269444465,1.27279156284615,0.0432246205052508,0.966023732857692,0.990354881631746,-6.48312265577687
"1931","Rv2686c",-0.010238553527778,1.62407044338462,-0.0431360823486202,0.966093281638361,0.990354881631746,-6.48312660970278
"1645","Rv2437",-0.00657139266666684,2.02986829930769,-0.0431205108729676,0.966105513423631,0.990354881631746,-6.48312730425367
"1081","Rv1941",-0.00712333230555595,1.12205617,-0.0430100177065261,0.966192308830896,0.990354881631746,-6.48313222549512
"406","Rv1336",-0.00970484933333315,1.55902977815385,-0.0428282664115891,0.96633508039814,0.990354881631746,-6.48314029303293
"236","Rv1190",-0.0112777810277781,0.942824515692308,-0.0425386281611293,0.966562603114893,0.990398691014304,-6.48315307884719
"2491","Rv3182",0.0064862058888886,1.11301579723077,0.0418094181548745,0.967135440555406,0.990796246440554,-6.48318488504537
"401","Rv1331",-0.00842530888888882,1.92805348684615,-0.0413901077863443,0.967464841956047,0.99092821855356,-6.48320292526497
"3617","Rv0064",0.00474191033333304,1.981672531,0.04117476836258,0.967634010430845,0.99092821855356,-6.48321211927413
"3036","Rv0362",-0.00756924049999985,1.26992971607692,-0.0407428904741531,0.967973294111404,0.991086314505659,-6.48323041397209
"1114","Rv1969",-0.00742801313888908,1.02551803361538,-0.0401156030931289,0.968466102911977,0.991181057279532,-6.48325664287098
"4879",NA,-0.00997053205555543,1.47303786546154,-0.0400185265325884,0.968542369267326,0.991181057279532,-6.48326066559767
"1511","Rv2318",-0.00618182169444437,0.809380710538462,-0.0399189590219244,0.96862059291608,0.991181057279532,-6.48326478142324
"3530","Rv0575c",-0.00547580927777791,0.912366605615385,-0.039075453123071,0.969283293179939,0.991377557119329,-6.48329923817171
"1723","Rv0245",-0.00819433558333371,0.976221855692308,-0.0390253357015673,0.969322668656061,0.991377557119329,-6.48330126228517
"3132","Rv3759c",0.00669561588888867,0.897192346384615,0.0385122409755987,0.969725793609502,0.991377557119329,-6.48332183544768
"682","Rv1580c",-0.0121125922499998,1.13392909846154,-0.0385046131045528,0.969731786689888,0.991377557119329,-6.48332213924289
"2763","Rv3425",0.00550326791666644,0.951601174461538,0.0383109792631837,0.969883921921528,0.991377557119329,-6.4833298309485
"4141",NA,0.0104967469444444,2.03409162915385,0.0382620422668216,0.969922371181672,0.991377557119329,-6.48333176873241
"4136",NA,-0.00661673266666662,1.41652399807692,-0.0378986071646254,0.970207920524579,0.991392998313171,-6.483346082375
"2436","Rv3134c",0.00763857936111112,1.280271938,0.0377719939281626,0.970307400960988,0.991392998313171,-6.48335103687049
"1312","Rv2145c",0.00951856372222226,0.925099573384615,0.0371428463705869,0.970801731701688,0.991709030287983,-6.48337541016599
"2790","Rv3450c",0.00811282116666656,1.154263501,0.0364317579192422,0.971360459349231,0.992090713054855,-6.48340246511591
"4757",NA,0.00568091702777773,0.614726377307692,0.0361453399253496,0.971585512563669,0.992131519783057,-6.48341321480791
"1011","Rv1878",-0.00648165791666666,1.11460727561538,-0.0348488449014954,0.972604265336851,0.992754707074501,-6.48346081308387
"1414","Rv2235",-0.00764795024999976,1.07332950846154,-0.034660646264303,0.972752151125613,0.992754707074501,-6.48346757795522
"1774","Rv2545",-0.00508646466666618,1.30273200638462,-0.0344831938910325,0.972891593475558,0.992754707074501,-6.4834739229986
"589","Rv1496",-0.00682997549999986,1.23280829192308,-0.0341333957480438,0.973166468038929,0.992754707074501,-6.48348633513068
"1374","Rv2202c",0.00553785386111127,1.11758112107692,0.0338378371926333,0.973398723349959,0.992754707074501,-6.48349672401751
"2538","Rv3222c",-0.00460497277777794,1.29633974092308,-0.0334945014114453,0.973668525963084,0.992754707074501,-6.48350867885453
"2660","Rv3331",-0.00655066911111146,1.51764489538462,-0.0330257637732255,0.974036878068656,0.992754707074501,-6.48352480332272
"1496","Rv2307B",-0.00628018380555528,0.984206129692308,-0.032995867696916,0.974060371763551,0.992754707074501,-6.48352582403298
"188","Rv0111",0.0055086230000001,1.06596211907692,0.032934703957897,0.97410843708465,0.992754707074501,-6.48352790940228
"1972","Rv2723",0.00631505033333291,1.20350887892308,0.0329138915166458,0.97412479249584,0.992754707074501,-6.48352861811744
"3034","Rv3674c",-0.00456392055555543,0.765219056692308,-0.0327759879215286,0.974233164032066,0.992754707074501,-6.48353330275902
"465","Rv1386",-0.00743136402777811,1.29515484276923,-0.032145566297032,0.974728587417102,0.992991883352996,-6.48355446798821
"1430","Rv2248",-0.00582648550000009,0.719928358769231,-0.032008333389294,0.974836434739453,0.992991883352996,-6.48355902085494
"5341",NA,0.00453829911111092,0.909116226384615,0.0308483053268392,0.975748086634716,0.993568957727899,-6.48359672805831
"2794","Rv0340",-0.00640269013888894,1.25270817861538,-0.030754828835599,0.975821550188964,0.993568957727899,-6.48359970596379
"2690","Rv3359",-0.00546329819444458,0.793236461384615,-0.0305798591752341,0.97595906015623,0.993568957727899,-6.4836052557317
"3682","Rv0707",-0.00526129291666655,0.839525508692308,-0.0301267076903734,0.976315198913374,0.993742777473544,-6.48361948181965
"5346",NA,0.00537910427777799,1.18940459676923,0.0297773458183472,0.976589771326639,0.993833524646058,-6.48363030459779
"3304","Rv3913",-0.0038409042500005,2.45104618369231,-0.0286560498571447,0.977471046693934,0.994152676052123,-6.48366418819775
"2970","Rv3617",0.00406670172222268,1.10614384038462,0.0285432349118061,0.977559714555494,0.994152676052123,-6.48366752527556
"2211","Rv0003",0.0033703566666663,1.24155434984615,0.0273443966284473,0.97850197008884,0.994152676052123,-6.48370217392908
"14","Rv0986",-0.00741585722222249,1.424204322,-0.0269914153249344,0.978779410455532,0.994152676052123,-6.48371209249852
"4545",NA,-0.00508409358333406,2.70293219115385,-0.0261828572763231,0.97941494083791,0.994152676052123,-6.48373432686426
"3753","Rv0771",-0.00486241805555521,1.16059164907692,-0.0261821180049012,0.979415521915265,0.994152676052123,-6.48373434688395
"2580","Rv3260c",0.0072791453055554,1.73638745753846,0.0259898591500113,0.979566640383659,0.994152676052123,-6.48373953412368
"478","Rv1398c",0.00477254888888878,1.27900478630769,0.0258638329716493,0.979665699365951,0.994152676052123,-6.48374291363061
"4313",NA,0.00492935847222231,2.38156254453846,0.0256667382475745,0.979820620266608,0.994152676052123,-6.48374816597339
"4385",NA,-0.00439106980555537,1.85680879384615,-0.025453882777367,0.9799879304009,0.994152676052123,-6.48375379319885
"1707","Rv2490c",0.00421706130555566,1.16267750323077,0.0251917609146387,0.980193966564538,0.994152676052123,-6.48376065849117
"2643","Rv3315c",-0.00401775925000036,1.09519493461538,-0.0250627604166353,0.980295365609567,0.994152676052123,-6.48376401108142
"1848","Rv2611c",-0.0044852828055556,0.859425008461538,-0.0246840276583498,0.980593065218376,0.994152676052123,-6.48377375451875
"3432","Rv0488",0.00567939302777765,1.66930837523077,0.0246177649425851,0.980645150757039,0.994152676052123,-6.48377544397328
"5116",NA,0.00478371563888902,1.95077311138462,0.0244599866127239,0.980769172134129,0.994152676052123,-6.48377944845876
"2654","Rv3324c",-0.00500838244444446,0.974255006307692,-0.0242768720558702,0.980913109642608,0.994152676052123,-6.48378406370981
"210","Rv1167c",0.0053843849166666,1.31661481284615,0.0239987240510397,0.9811317496484,0.994152676052123,-6.48379100785531
"5166",NA,0.00431985641666666,2.08329896807692,0.0239147233653117,0.981197779225468,0.994152676052123,-6.48379308925601
"5218",NA,0.00332148124999998,1.47076200276923,0.0236836193156809,0.981379441592374,0.994152676052123,-6.48379877798215
"1487","Rv2301",-0.00539167661111128,1.21348037030769,-0.0235433365877371,0.981489713183115,0.994152676052123,-6.48380220416096
"3303","Rv3912",0.00390125311111111,2.28792385253846,0.0234681180229023,0.981548840156281,0.994152676052123,-6.48380403287051
"1118","Rv0192",-0.00391006166666674,1.04780127423077,-0.0234140810447377,0.981591317011507,0.994152676052123,-6.48380534300267
"935","Rv1810",-0.00399912644444478,1.817965489,-0.0234076689727381,0.981596357353648,0.994152676052123,-6.48380549826359
"3423","Rv0481c",-0.00377270750000014,0.920424828076923,-0.0232202397839427,0.981743690306478,0.994152676052123,-6.48381001785732
"5075",NA,0.00443222138888899,1.36577644746154,0.0230794002375888,0.981854400864105,0.994152676052123,-6.48381339009879
"56","Rv1022",-0.0039062706388886,1.47487612253846,-0.0228287261671834,0.982051450622819,0.994152676052123,-6.48381934145095
"666","Rv1564c",-0.00366965297222199,0.948017446769231,-0.0228093132859534,0.982066710741591,0.994152676052123,-6.4838197996285
"2093","Rv2834c",-0.00316877888888878,0.983837335,-0.0227711374650772,0.982096720092536,0.994152676052123,-6.48382069950697
"1591","Rv0235c",0.00534489749999967,1.24970834215385,0.0219648777497383,0.982730513254323,0.994606410695463,-6.48383935254658
"4482",NA,0.00332168600000005,1.95603458976923,0.0211314770596607,0.983385654162957,0.994856154382685,-6.48385792685634
"1446","Rv2263",0.00301021255555534,1.11739352930769,0.021124080371647,0.983391468795853,0.994856154382685,-6.48385808849301
"585","Rv1493",-0.00380255977777777,1.18291254361538,-0.0209305905131102,0.983543574037253,0.994856154382685,-6.48386229664403
"3839","Rv0849",-0.00462051427777777,0.968475172923077,-0.0207065392144292,0.983719704893327,0.994856154382685,-6.48386712108889
"966","Rv1838c",0.00359492783333348,0.925560583692308,0.0201746674063738,0.984137822572817,0.994929620831354,-6.48387836584859
"3139","Rv3765c",-0.00321788780555576,0.866937110769231,-0.019912414800251,0.984343987636237,0.994929620831354,-6.4838838026589
"4004",NA,0.00288650286111158,2.61790007038462,0.0197497616820865,0.984471854967399,0.994929620831354,-6.48388713891267
"3349","Rv0416",0.0037326721944444,1.66906265792308,0.0194039926549632,0.984743677588652,0.994929620831354,-6.48389414023225
"2493","Rv3188",-0.00485122688888873,1.45539380230769,-0.019380509711644,0.984762138523689,0.994929620831354,-6.48389461124357
"141","Rv1106c",-0.00427893902777754,1.75043004484615,-0.0191974165028208,0.984906076143874,0.994929620831354,-6.48389826409331
"2793","Rv3453",0.00276216952777797,1.50999281046154,0.0188219711654041,0.985201231897501,0.995040249287847,-6.48390564607229
"2164","Rv2899c",0.00395159152777769,1.18385739846154,0.0184313212313216,0.985508343063679,0.995162908594823,-6.48391317223776
"5279",NA,0.00211632747222201,1.60160378853846,0.0172880399346024,0.986407151956471,0.995795202336302,-6.48393429150511
"1219","Rv2062c",-0.00360197283333341,1.042874938,-0.0171112687803222,0.986546125138951,0.995795202336302,-6.48393743623819
"3240","Rv3855",-0.0054221111944448,0.938574460461538,-0.0165477655220801,0.986989140644043,0.995795202336302,-6.48394724515576
"627","Rv1529",0.0030881579444445,0.987619292,0.0163499084497024,0.987144693142385,0.995795202336302,-6.48395061135722
"2432","Rv3130c",0.00431233508333329,0.982009671,0.0162711507293438,0.987206611523235,0.995795202336302,-6.48395194001963
"3144","Rv3770c",0.00384610049999989,1.82569052046154,0.01621698155112,0.987249198734162,0.995795202336302,-6.48395285014349
"4544",NA,0.0022580361666662,1.88271086930769,0.0155593872196571,0.987766195269484,0.995977908763591,-6.48396365667016
"1238","Rv2078",-0.0028436815833337,1.43942960861538,-0.014795177384633,0.988367019263108,0.995977908763591,-6.48397565334826
"2818","Rv3478",-0.00226148111111102,1.59030135023077,-0.0146850711978523,0.988453585668599,0.995977908763591,-6.48397733202697
"172","Rv1134",0.00251480186111097,1.19625809492308,0.0146781235625758,0.988459047962576,0.995977908763591,-6.48397743753004
"5197",NA,-0.00355081638888866,2.89034584,-0.0145271082170474,0.988577777744523,0.995977908763591,-6.4839797184317
"4408",NA,-0.00342973727777807,1.184915333,-0.0144243509513501,0.988658566697052,0.995977908763591,-6.48398125696861
"335","Rv1277",0.00264305919444441,1.11889847446154,0.0143321521421567,0.988731054576692,0.995977908763591,-6.48398262812306
"4792",NA,0.00229268619444478,1.50513369853846,0.0140350235974115,0.988964661514593,0.996026040157501,-6.48398698711044
"754","Rv1644",0.00400690002777782,1.42609162646154,0.0134118102180057,0.989454644585561,0.996193476135298,-6.48399583326434
"243","Rv0115a",0.00192459433333336,0.914685240461538,0.013350784571506,0.989502624429911,0.996193476135298,-6.48399667789399
"2575","Rv3255c",0.00243535588888943,1.98409415661538,0.0121682877155093,0.990432340097432,0.996743735990466,-6.48401228387246
"3182","Rv3804c",0.00280069044444486,1.75066978953846,0.0119404112347647,0.990611505317218,0.996743735990466,-6.48401512505978
"3626","Rv0658c",0.00318468936111138,1.30403390069231,0.0114280051597451,0.991014380475008,0.996743735990466,-6.48402131762187
"5292",NA,0.00180887124999984,0.635887122230769,0.0113583923904348,0.991069113150498,0.996743735990466,-6.4840221379575
"3793","Rv0810c",0.00215772322222207,1.17219866238462,0.0113462136034691,0.991078688662718,0.996743735990466,-6.48402228096046
"349","Rv1290c",0.00198138716666674,1.18702657107692,0.0112365052035299,0.991164946423355,0.996743735990466,-6.48402356223785
"3551","Rv0059",-0.00144254016666667,1.52074825984615,-0.0109409501711326,0.991397325861567,0.996790408294504,-6.48402695206258
"1355","Rv2185c",0.00207617497222212,0.852177109153846,0.0104593703486393,0.99177596854091,0.996984094407216,-6.48403228192441
"2634","Rv3309c",-0.00201708386111155,1.43890244607692,-0.0100022681606062,0.992135367521531,0.997158366757061,-6.48403711898307
"1145","Rv1994c",-0.00134343227777811,1.495234055,-0.00919614947714231,0.992769186732194,0.997608331624402,-6.48404512271236
"5132",NA,-0.00300982019444529,2.24976835507692,-0.00887686819427231,0.993020226365541,0.997673554511584,-6.48404810694296
"3961","Rv0959",0.0017005287777776,1.02304562515385,0.00805195893645067,0.993668826896888,0.998104051473675,-6.48405532901057
"3712","Rv0734",-0.0016202441111115,1.16409592753846,-0.00779490360173274,0.993870942477412,0.998104051473675,-6.48405743569094
"779","Rv1666c",0.00106481502777767,0.995103616384615,0.00762141032487359,0.994007355740014,0.998104051473675,-6.48405881891336
"2707","Rv3374",-0.00152489686111146,1.53905776492308,-0.00716438580824141,0.994366703163326,0.998277866446044,-6.48406231363958
"755","Rv1645c",-0.00135735116666669,1.03578174084615,-0.00575454185617503,0.995475237170591,0.99906010603435,-6.48407173311644
"3506","Rv0055",-0.00114823691666666,0.991197462,-0.00569931448874958,0.995518661628632,0.99906010603435,-6.4840720602579
"1822","Rv2589",0.00118623424999975,1.24145192584615,0.00498549584504389,0.996079927868987,0.999279612615974,-6.48407600468859
"786","Rv1673c",-0.000955548833333486,1.24158492669231,-0.00494692505849231,0.996110255635662,0.999279612615974,-6.48407620281544
"3371","Rv0436c",0.000802490027777658,0.729086766769231,0.00446295722004427,0.996490794496118,0.999336066938709,-6.48407855803004
"2612","Rv3289c",0.00100125269444451,2.63541602469231,0.00422408021430357,0.996678621319272,0.999336066938709,-6.48407963121831
"1314","Rv2147c",0.00089569388888866,1.16300520176923,0.00416400138013775,0.99672586079372,0.999336066938709,-6.4840798918421
"328","Rv1272c",0.000701829555555533,0.659108748,0.0035837380707138,0.997182117497633,0.999357038101838,-6.48408221688031
"5195",NA,-0.000462295222222631,1.43868315346154,-0.00331912091474378,0.997390184333122,0.999357038101838,-6.48408316154364
"1648","Rv2438A",0.000752509111111799,2.76978976484615,0.00318808087083425,0.997493220382934,0.999357038101838,-6.4840836025333
"4397",NA,-0.000680957166665941,2.95530871461538,-0.00272845958746435,0.997854618361847,0.999357038101838,-6.48408500889849
"251","Rv1204c",0.000369993472222774,1.35108205607692,0.00272575776438013,0.997856742793691,0.999357038101838,-6.48408501651962
"3733","Rv0753c",0.000381764611110835,1.12632339107692,0.00264314924513138,0.997921697524163,0.999357038101838,-6.48408524589189
"3662","Rv0067c",-0.000577634888888845,0.707649493923077,-0.00247754989276515,0.99805190764163,0.999357038101838,-6.48408568444086
"3433","Rv0489",0.000316471749999492,1.82100523207692,0.00195469455279651,0.998463027086061,0.999415985417245,-6.48408688293383
"4187",NA,-0.000263586361111123,0.737608708384615,-0.0019164292351652,0.998493114999123,0.999415985417245,-6.48408695954157
"2398","Rv3100c",0.000357995500000152,1.33447769853846,0.00153754740944135,0.998791028845819,0.999415985417245,-6.48408763633083
"4590",NA,0.000265599999999644,1.92880159892308,0.0013182167596484,0.998963488082582,0.999415985417245,-6.48408796026144
"1901","Rv2657c",-0.000324788749999971,2.314232931,-0.00121700715392629,0.999043069004776,0.999415985417245,-6.48408809296066
"5334",NA,-2.59885833335805e-05,1.54617566215385,-0.000184559668652357,0.999854880957832,0.999990655031475,-6.48408884132336
"2455","Rv3150",2.24308333351964e-06,1.36508922415385,1.18847551535429e-05,0.999990655031475,0.999990655031475,-6.48408885886617
